student_id,subject,quiz_score,quiz_accuracy,total_attempts,study_time_hours,average_time_per_question,completion_rate,previous_score,current_score,practice_questions,difficulty_level,time_management_score,consistency_score,timestamp
STU00001,Python,72.3,76.8,1,3.7,80.6,97.2,63.7,72.3,8,Easy,61.4,79.6,2025-09-08 01:00:00
STU00001,Data Structures,57.7,60.7,2,2.6,72.8,100.0,72.3,57.7,13,Medium,57.8,74.5,2025-09-12 03:00:00
STU00001,Algorithms,65.4,63.6,3,2.4,72.0,97.6,57.7,65.4,9,Easy,58.4,73.1,2025-09-16 07:00:00
STU00001,Database,44.0,48.5,4,2.4,75.6,96.4,65.4,44.0,15,Easy,60.7,66.5,2025-09-20 04:00:00
STU00001,Web Development,54.1,52.5,5,1.9,69.0,99.7,44.0,54.1,10,Hard,57.1,76.4,2025-09-24 04:00:00
STU00001,Python,84.5,84.8,6,2.9,69.7,87.9,54.1,84.5,9,Easy,59.1,79.0,2025-09-28 06:00:00
STU00001,Data Structures,65.0,67.0,7,3.3,76.2,99.6,84.5,65.0,22,Medium,60.4,79.7,2025-10-02 05:00:00
STU00001,Algorithms,52.3,53.7,8,4.0,78.4,98.6,65.0,52.3,9,Medium,60.5,76.2,2025-10-06 03:00:00
STU00001,Database,56.0,54.9,9,4.0,58.0,93.1,52.3,56.0,8,Medium,58.2,76.2,2025-10-10 05:00:00
STU00001,Web Development,70.4,68.7,10,1.5,72.1,88.7,56.0,70.4,24,Medium,59.4,73.3,2025-10-14 02:00:00
STU00001,Python,60.8,64.0,11,1.9,74.2,90.0,70.4,60.8,24,Hard,63.7,75.4,2025-10-18 08:00:00
STU00001,Data Structures,74.4,78.3,12,2.3,83.5,97.9,60.8,74.4,10,Easy,63.0,80.4,2025-10-22 02:00:00
STU00001,Algorithms,58.6,55.5,13,3.9,76.5,99.2,74.4,58.6,21,Hard,68.0,76.0,2025-10-26 04:00:00
STU00001,Database,48.6,51.2,14,3.7,68.6,95.9,58.6,48.6,10,Medium,56.2,82.5,2025-10-30 04:00:00
STU00001,Web Development,67.7,68.7,15,1.7,79.1,95.7,48.6,67.7,24,Medium,59.4,83.9,2025-11-03 04:00:00
STU00001,Python,81.1,83.7,16,2.1,65.4,95.7,67.7,81.1,11,Medium,62.5,80.4,2025-11-07 07:00:00
STU00001,Data Structures,77.3,75.8,17,3.1,79.8,97.4,81.1,77.3,11,Medium,59.0,80.6,2025-11-11 08:00:00
STU00001,Algorithms,57.4,56.0,18,1.7,77.2,87.6,77.3,57.4,11,Easy,73.5,82.8,2025-11-15 01:00:00
STU00001,Database,50.7,52.2,19,2.7,71.4,98.9,57.4,50.7,9,Hard,59.1,78.2,2025-11-19 07:00:00
STU00001,Web Development,78.1,77.2,20,3.9,77.9,94.9,50.7,78.1,23,Easy,60.9,80.8,2025-11-23 01:00:00
STU00002,Python,73.1,69.0,1,2.9,76.9,94.5,60.5,73.1,10,Easy,62.1,68.5,2025-09-10 06:00:00
STU00002,Data Structures,68.0,70.2,2,2.5,76.0,92.0,73.1,68.0,18,Hard,75.1,61.9,2025-09-14 01:00:00
STU00002,Algorithms,67.7,67.7,3,2.0,76.5,100.0,68.0,67.7,10,Medium,69.5,63.3,2025-09-18 03:00:00
STU00002,Database,86.6,78.4,4,3.5,69.1,93.9,67.7,86.6,25,Medium,64.9,71.6,2025-09-22 03:00:00
STU00002,Web Development,68.8,70.5,5,2.2,78.7,98.6,86.6,68.8,16,Easy,63.6,65.9,2025-09-26 01:00:00
STU00002,Python,78.6,78.4,6,3.4,74.5,92.6,68.8,78.6,22,Easy,62.7,64.6,2025-09-30 01:00:00
STU00002,Data Structures,84.9,86.5,7,1.6,71.5,98.7,78.6,84.9,21,Easy,69.1,68.4,2025-10-04 01:00:00
STU00002,Algorithms,60.0,58.6,8,3.5,82.1,92.3,84.9,60.0,12,Hard,69.3,64.6,2025-10-08 03:00:00
STU00002,Database,77.3,77.8,9,3.3,69.5,100.0,60.0,77.3,15,Hard,65.9,73.0,2025-10-12 02:00:00
STU00002,Web Development,67.8,67.4,10,3.8,71.1,100.0,77.3,67.8,15,Easy,67.7,71.8,2025-10-16 07:00:00
STU00002,Python,84.9,85.4,11,3.1,62.0,100.0,67.8,84.9,25,Easy,66.2,66.8,2025-10-20 05:00:00
STU00002,Data Structures,91.5,90.1,12,2.6,74.5,91.6,84.9,91.5,24,Easy,73.1,71.7,2025-10-24 04:00:00
STU00002,Algorithms,84.9,84.8,13,2.8,73.7,88.5,91.5,84.9,14,Easy,65.7,67.1,2025-10-28 06:00:00
STU00002,Database,97.5,93.0,14,2.8,72.8,91.9,84.9,97.5,17,Medium,64.2,65.1,2025-11-01 07:00:00
STU00002,Web Development,67.0,68.7,15,2.9,79.4,95.0,97.5,67.0,21,Medium,67.9,60.6,2025-11-05 06:00:00
STU00002,Python,81.6,78.3,16,3.8,76.7,92.7,67.0,81.6,10,Medium,65.4,71.7,2025-11-09 06:00:00
STU00002,Data Structures,96.1,93.5,17,3.5,74.9,96.0,81.6,96.1,23,Easy,61.4,61.6,2025-11-13 08:00:00
STU00002,Algorithms,79.0,74.6,18,2.7,75.0,100.0,96.1,79.0,8,Medium,72.9,61.0,2025-11-17 02:00:00
STU00002,Database,83.6,88.0,19,2.7,63.4,91.8,79.0,83.6,11,Medium,59.8,67.9,2025-11-21 06:00:00
STU00002,Web Development,58.0,61.1,20,2.8,76.8,90.6,83.6,58.0,13,Hard,66.5,61.4,2025-11-25 05:00:00
STU00003,Python,56.6,57.7,1,2.5,83.5,93.9,45.4,56.6,14,Easy,51.7,53.7,2025-09-07 01:00:00
STU00003,Data Structures,48.7,48.5,2,2.4,89.5,87.2,56.6,48.7,21,Hard,43.4,55.6,2025-09-11 04:00:00
STU00003,Algorithms,57.5,57.2,3,3.2,92.1,88.9,48.7,57.5,22,Medium,59.5,51.7,2025-09-15 01:00:00
STU00003,Database,44.3,45.4,4,2.6,91.4,93.1,57.5,44.3,16,Hard,47.7,59.0,2025-09-19 06:00:00
STU00003,Web Development,67.5,60.2,5,2.6,91.8,91.1,44.3,67.5,25,Easy,59.0,60.3,2025-09-23 04:00:00
STU00003,Python,47.7,51.8,6,3.9,88.5,95.8,67.5,47.7,12,Medium,50.0,61.6,2025-09-27 02:00:00
STU00003,Data Structures,50.8,55.7,7,1.9,80.9,90.9,47.7,50.8,11,Medium,50.1,54.8,2025-10-01 05:00:00
STU00003,Algorithms,68.8,64.6,8,3.9,81.3,98.8,50.8,68.8,10,Easy,43.4,53.0,2025-10-05 04:00:00
STU00003,Database,62.0,65.3,9,1.8,97.8,94.3,68.8,62.0,19,Easy,43.9,55.9,2025-10-09 02:00:00
STU00003,Web Development,57.4,61.9,10,1.8,96.3,93.6,62.0,57.4,22,Medium,48.6,53.0,2025-10-13 05:00:00
STU00003,Python,56.3,59.6,11,3.6,82.2,93.1,57.4,56.3,15,Medium,50.5,55.6,2025-10-17 08:00:00
STU00003,Data Structures,60.6,62.5,12,1.6,89.6,93.0,56.3,60.6,14,Easy,47.8,59.6,2025-10-21 05:00:00
STU00003,Algorithms,58.8,58.4,13,3.9,94.8,98.3,60.6,58.8,23,Hard,46.9,56.1,2025-10-25 08:00:00
STU00003,Database,57.3,58.6,14,2.1,85.1,91.8,58.8,57.3,19,Medium,44.8,57.9,2025-10-29 07:00:00
STU00003,Web Development,52.4,49.8,15,2.3,87.7,100.0,57.3,52.4,18,Hard,53.3,60.5,2025-11-02 03:00:00
STU00003,Python,68.6,64.7,16,3.4,71.9,88.6,52.4,68.6,14,Easy,48.6,60.7,2025-11-06 05:00:00
STU00003,Data Structures,74.2,66.2,17,2.9,85.2,93.0,68.6,74.2,23,Easy,50.2,57.5,2025-11-10 05:00:00
STU00003,Algorithms,68.4,67.5,18,3.9,75.3,96.0,74.2,68.4,20,Medium,44.5,57.4,2025-11-14 01:00:00
STU00003,Database,68.7,69.1,19,2.1,78.9,93.5,68.4,68.7,15,Easy,50.3,53.2,2025-11-18 08:00:00
STU00003,Web Development,64.9,63.2,20,1.7,88.0,94.5,68.7,64.9,14,Easy,47.5,54.9,2025-11-22 02:00:00
STU00004,Python,88.3,92.2,1,4.0,37.3,96.9,73.7,88.3,15,Easy,81.5,73.0,2025-09-19 03:00:00
STU00004,Data Structures,89.8,85.1,2,3.4,35.5,97.0,88.3,89.8,17,Easy,83.8,70.9,2025-09-23 08:00:00
STU00004,Algorithms,84.4,87.5,3,3.5,40.1,95.5,89.8,84.4,8,Medium,92.7,80.0,2025-09-27 05:00:00
STU00004,Database,94.3,91.1,4,3.1,31.9,100.0,84.4,94.3,21,Medium,83.7,76.6,2025-10-01 02:00:00
STU00004,Web Development,89.2,87.9,5,2.4,29.6,97.5,94.3,89.2,20,Medium,88.7,75.4,2025-10-05 08:00:00
STU00004,Python,100.0,97.5,6,4.2,35.7,94.8,89.2,100.0,25,Easy,85.5,80.4,2025-10-09 06:00:00
STU00004,Data Structures,83.8,83.5,7,2.7,38.5,97.4,100.0,83.8,23,Medium,94.5,87.5,2025-10-13 04:00:00
STU00004,Algorithms,88.2,87.9,8,2.6,36.8,93.4,83.8,88.2,11,Medium,85.4,78.2,2025-10-17 05:00:00
STU00004,Database,88.2,95.4,9,2.6,29.5,93.8,88.2,88.2,24,Medium,86.7,77.9,2025-10-21 02:00:00
STU00004,Web Development,92.6,89.0,10,3.3,36.0,92.1,88.2,92.6,17,Easy,89.5,75.5,2025-10-25 08:00:00
STU00004,Python,78.4,78.1,11,3.9,25.0,100.0,92.6,78.4,14,Hard,89.7,79.7,2025-10-29 07:00:00
STU00004,Data Structures,100.0,99.4,12,3.8,35.7,91.3,78.4,100.0,12,Easy,85.7,80.1,2025-11-02 06:00:00
STU00004,Algorithms,77.1,75.8,13,3.1,31.9,91.0,100.0,77.1,12,Hard,93.0,83.2,2025-11-06 05:00:00
STU00004,Database,89.3,94.0,14,4.1,36.9,92.0,77.1,89.3,18,Easy,80.9,74.1,2025-11-10 08:00:00
STU00004,Web Development,89.0,87.2,15,4.3,44.8,94.9,89.3,89.0,21,Hard,93.5,79.1,2025-11-14 02:00:00
STU00004,Python,93.7,94.2,16,4.0,31.1,98.7,89.0,93.7,12,Medium,86.9,84.2,2025-11-18 03:00:00
STU00004,Data Structures,91.7,94.7,17,2.6,37.4,93.8,93.7,91.7,22,Easy,83.9,76.7,2025-11-22 01:00:00
STU00004,Algorithms,82.7,79.0,18,2.2,49.8,91.0,91.7,82.7,17,Hard,84.1,76.8,2025-11-26 05:00:00
STU00004,Database,100.0,100.0,19,2.3,29.3,97.6,82.7,100.0,17,Medium,90.1,79.9,2025-11-30 07:00:00
STU00004,Web Development,93.2,97.8,20,2.1,26.7,92.1,100.0,93.2,17,Easy,87.2,77.2,2025-12-04 06:00:00
STU00005,Python,93.7,95.1,1,3.0,43.1,100.0,74.3,93.7,19,Easy,82.8,89.6,2025-09-19 03:00:00
STU00005,Data Structures,79.8,79.2,2,3.9,37.9,96.7,93.7,79.8,10,Easy,98.1,99.4,2025-09-23 07:00:00
STU00005,Algorithms,72.7,68.7,3,2.0,32.8,94.0,79.8,72.7,16,Hard,85.1,87.6,2025-09-27 06:00:00
STU00005,Database,100.0,100.0,4,3.4,43.1,93.6,72.7,100.0,10,Easy,88.6,88.0,2025-10-01 05:00:00
STU00005,Web Development,81.6,81.4,5,4.5,42.7,97.0,100.0,81.6,25,Medium,94.4,94.6,2025-10-05 07:00:00
STU00005,Python,91.3,94.2,6,4.1,27.9,88.7,81.6,91.3,16,Medium,95.3,92.1,2025-10-09 08:00:00
STU00005,Data Structures,81.4,75.0,7,2.9,46.0,91.7,91.3,81.4,9,Medium,89.4,92.9,2025-10-13 02:00:00
STU00005,Algorithms,79.5,78.4,8,3.6,39.8,94.8,81.4,79.5,18,Hard,91.6,93.4,2025-10-17 04:00:00
STU00005,Database,98.5,96.5,9,4.2,36.1,97.0,79.5,98.5,8,Easy,89.5,100.0,2025-10-21 03:00:00
STU00005,Web Development,94.3,90.5,10,2.3,30.8,100.0,98.5,94.3,18,Medium,94.6,91.6,2025-10-25 03:00:00
STU00005,Python,87.8,91.2,11,3.9,34.9,94.8,94.3,87.8,24,Medium,92.5,96.8,2025-10-29 05:00:00
STU00005,Data Structures,92.9,91.6,12,3.0,33.8,90.7,87.8,92.9,22,Medium,93.0,92.1,2025-11-02 03:00:00
STU00005,Algorithms,82.7,85.5,13,2.8,45.4,94.8,92.9,82.7,22,Easy,87.3,91.2,2025-11-06 02:00:00
STU00005,Database,80.6,85.4,14,2.5,32.7,95.9,82.7,80.6,18,Hard,93.4,87.8,2025-11-10 02:00:00
STU00005,Web Development,96.1,88.7,15,3.7,35.0,95.3,80.6,96.1,10,Easy,93.0,92.3,2025-11-14 06:00:00
STU00005,Python,87.2,89.2,16,2.8,40.7,97.6,96.1,87.2,21,Medium,95.8,86.6,2025-11-18 05:00:00
STU00005,Data Structures,82.7,83.7,17,3.6,37.6,96.9,87.2,82.7,25,Medium,86.9,96.3,2025-11-22 04:00:00
STU00005,Algorithms,95.9,96.8,18,3.5,34.3,94.3,82.7,95.9,16,Medium,94.7,91.9,2025-11-26 05:00:00
STU00005,Database,87.1,85.6,19,3.6,45.7,97.8,95.9,87.1,8,Hard,95.6,94.0,2025-11-30 07:00:00
STU00005,Web Development,85.0,81.5,20,3.9,34.3,94.3,87.1,85.0,9,Medium,95.3,96.9,2025-12-04 01:00:00
STU00006,Python,48.3,48.4,1,2.0,112.7,92.7,30.2,48.3,16,Easy,48.3,52.6,2025-09-20 08:00:00
STU00006,Data Structures,48.7,45.5,2,2.8,108.3,88.7,48.3,48.7,10,Medium,43.6,54.7,2025-09-24 07:00:00
STU00006,Algorithms,46.4,49.4,3,2.9,100.7,91.0,48.7,46.4,11,Easy,40.2,56.5,2025-09-28 03:00:00
STU00006,Database,44.6,50.5,4,1.7,104.8,92.5,46.4,44.6,20,Medium,44.9,50.1,2025-10-02 05:00:00
STU00006,Web Development,42.5,43.7,5,3.1,98.6,94.5,44.6,42.5,19,Medium,42.9,58.8,2025-10-06 03:00:00
STU00006,Python,54.0,50.1,6,3.4,100.3,92.9,42.5,54.0,23,Easy,43.8,51.8,2025-10-10 08:00:00
STU00006,Data Structures,39.2,46.1,7,2.3,106.4,94.4,54.0,39.2,22,Medium,52.8,52.5,2025-10-14 05:00:00
STU00006,Algorithms,42.7,41.8,8,2.7,107.0,95.9,39.2,42.7,17,Medium,55.9,54.4,2025-10-18 02:00:00
STU00006,Database,43.9,43.0,9,3.5,106.6,92.3,42.7,43.9,14,Medium,46.9,54.8,2025-10-22 03:00:00
STU00006,Web Development,35.3,40.6,10,4.0,108.7,97.9,43.9,35.3,9,Hard,48.9,55.0,2025-10-26 08:00:00
STU00006,Python,45.9,40.8,11,2.5,102.1,89.0,35.3,45.9,9,Medium,50.2,45.1,2025-10-30 02:00:00
STU00006,Data Structures,58.8,57.3,12,3.6,108.6,93.8,45.9,58.8,12,Easy,46.2,55.3,2025-11-03 03:00:00
STU00006,Algorithms,28.5,32.2,13,1.8,100.4,93.4,58.8,28.5,25,Hard,43.8,55.6,2025-11-07 03:00:00
STU00006,Database,46.7,51.3,14,2.8,95.6,91.7,28.5,46.7,19,Medium,52.3,51.1,2025-11-11 04:00:00
STU00006,Web Development,74.1,61.2,15,1.9,96.4,100.0,46.7,74.1,24,Easy,49.8,43.2,2025-11-15 01:00:00
STU00006,Python,43.9,46.6,16,1.9,102.6,100.0,74.1,43.9,13,Medium,48.6,49.5,2025-11-19 06:00:00
STU00006,Data Structures,52.3,51.5,17,3.4,93.6,96.6,43.9,52.3,17,Medium,55.7,49.2,2025-11-23 04:00:00
STU00006,Algorithms,58.8,59.1,18,2.2,92.5,98.3,52.3,58.8,13,Easy,51.8,44.1,2025-11-27 03:00:00
STU00006,Database,37.1,36.7,19,3.8,99.3,90.3,58.8,37.1,11,Hard,47.4,57.3,2025-12-01 05:00:00
STU00006,Web Development,49.8,50.9,20,3.8,104.2,87.4,37.1,49.8,8,Medium,45.4,52.7,2025-12-05 06:00:00
STU00007,Python,100.0,100.0,1,2.2,41.8,100.0,79.0,100.0,25,Easy,99.1,78.4,2025-09-20 07:00:00
STU00007,Data Structures,100.0,100.0,2,3.0,44.0,90.7,100.0,100.0,11,Easy,96.4,76.4,2025-09-24 01:00:00
STU00007,Algorithms,97.6,100.0,3,2.0,37.2,99.2,100.0,97.6,13,Medium,93.1,79.0,2025-09-28 06:00:00
STU00007,Database,85.9,86.3,4,3.4,36.5,97.9,97.6,85.9,20,Easy,97.0,80.1,2025-10-02 01:00:00
STU00007,Web Development,100.0,99.8,5,2.3,33.1,91.7,85.9,100.0,12,Easy,98.8,81.8,2025-10-06 03:00:00
STU00007,Python,99.6,100.0,6,2.5,47.4,99.8,100.0,99.6,22,Medium,96.6,81.0,2025-10-10 04:00:00
STU00007,Data Structures,93.3,90.5,7,4.0,39.7,95.2,99.6,93.3,14,Hard,92.2,88.2,2025-10-14 01:00:00
STU00007,Algorithms,98.8,96.8,8,4.2,40.6,86.5,93.3,98.8,20,Hard,92.6,82.6,2025-10-18 08:00:00
STU00007,Database,100.0,100.0,9,3.1,25.0,100.0,98.8,100.0,13,Easy,90.6,79.4,2025-10-22 02:00:00
STU00007,Web Development,97.2,95.6,10,2.4,34.8,96.5,100.0,97.2,19,Easy,90.8,77.6,2025-10-26 01:00:00
STU00007,Python,100.0,100.0,11,3.7,43.2,94.4,97.2,100.0,22,Easy,95.4,80.7,2025-10-30 06:00:00
STU00007,Data Structures,100.0,100.0,12,3.1,34.5,98.1,100.0,100.0,10,Easy,89.6,78.2,2025-11-03 07:00:00
STU00007,Algorithms,99.8,100.0,13,2.5,27.3,94.0,100.0,99.8,11,Easy,93.7,83.5,2025-11-07 08:00:00
STU00007,Database,87.6,97.8,14,2.5,40.9,96.2,99.8,87.6,13,Easy,97.5,77.8,2025-11-11 02:00:00
STU00007,Web Development,99.6,100.0,15,3.8,33.4,94.0,87.6,99.6,17,Medium,97.7,75.4,2025-11-15 03:00:00
STU00007,Python,100.0,100.0,16,2.3,39.6,94.1,99.6,100.0,25,Medium,89.9,78.5,2025-11-19 03:00:00
STU00007,Data Structures,100.0,96.0,17,3.8,30.4,93.9,100.0,100.0,10,Medium,96.4,82.9,2025-11-23 02:00:00
STU00007,Algorithms,100.0,100.0,18,4.0,35.8,93.0,100.0,100.0,12,Medium,85.9,84.0,2025-11-27 01:00:00
STU00007,Database,100.0,98.5,19,4.3,40.9,100.0,100.0,100.0,24,Medium,100.0,75.7,2025-12-01 05:00:00
STU00007,Web Development,100.0,100.0,20,3.5,43.8,98.2,100.0,100.0,12,Easy,96.6,85.3,2025-12-05 06:00:00
STU00008,Python,57.4,58.3,1,3.5,106.7,91.9,36.3,57.4,10,Medium,40.0,38.5,2025-09-05 07:00:00
STU00008,Data Structures,48.7,50.3,2,3.3,107.4,87.1,57.4,48.7,20,Medium,43.5,43.4,2025-09-09 02:00:00
STU00008,Algorithms,61.8,59.5,3,1.7,106.8,98.8,48.7,61.8,21,Easy,41.0,48.6,2025-09-13 03:00:00
STU00008,Database,55.5,57.4,4,1.9,114.5,94.9,61.8,55.5,17,Medium,39.2,40.7,2025-09-17 07:00:00
STU00008,Web Development,56.4,53.7,5,1.6,95.0,95.3,55.5,56.4,23,Medium,40.8,41.1,2025-09-21 02:00:00
STU00008,Python,50.9,55.9,6,2.4,100.9,98.0,56.4,50.9,14,Medium,38.8,43.1,2025-09-25 07:00:00
STU00008,Data Structures,62.7,53.8,7,3.2,119.1,100.0,50.9,62.7,20,Medium,32.7,49.0,2025-09-29 06:00:00
STU00008,Algorithms,51.0,51.2,8,1.6,111.3,97.7,62.7,51.0,23,Medium,38.7,40.3,2025-10-03 03:00:00
STU00008,Database,78.7,70.9,9,3.3,105.2,98.5,51.0,78.7,24,Easy,34.8,39.4,2025-10-07 05:00:00
STU00008,Web Development,52.4,51.1,10,2.5,103.3,100.0,78.7,52.4,8,Medium,38.3,38.8,2025-10-11 04:00:00
STU00008,Python,64.7,61.0,11,3.0,108.3,93.1,52.4,64.7,15,Medium,50.5,42.5,2025-10-15 02:00:00
STU00008,Data Structures,59.9,58.4,12,2.0,98.4,94.9,64.7,59.9,23,Easy,45.5,35.9,2025-10-19 01:00:00
STU00008,Algorithms,41.8,45.8,13,2.7,95.5,100.0,59.9,41.8,22,Medium,44.0,38.7,2025-10-23 06:00:00
STU00008,Database,55.3,60.2,14,2.2,90.1,96.0,41.8,55.3,16,Medium,38.2,39.6,2025-10-27 05:00:00
STU00008,Web Development,52.3,55.5,15,2.7,92.3,91.5,55.3,52.3,16,Medium,39.7,45.7,2025-10-31 07:00:00
STU00008,Python,51.7,47.4,16,1.9,120.5,97.6,52.3,51.7,10,Hard,38.4,44.2,2025-11-04 05:00:00
STU00008,Data Structures,56.8,58.9,17,2.9,106.1,96.9,51.7,56.8,15,Medium,41.2,46.6,2025-11-08 04:00:00
STU00008,Algorithms,54.7,52.2,18,1.8,107.0,94.6,56.8,54.7,25,Medium,43.2,40.3,2025-11-12 08:00:00
STU00008,Database,63.7,64.3,19,3.1,108.4,94.1,54.7,63.7,15,Medium,34.7,39.2,2025-11-16 01:00:00
STU00008,Web Development,47.9,49.2,20,3.8,112.2,94.9,63.7,47.9,23,Hard,43.5,46.7,2025-11-20 05:00:00
STU00009,Python,32.1,36.4,1,3.3,105.1,95.3,30.0,32.1,17,Medium,53.5,39.6,2025-09-19 03:00:00
STU00009,Data Structures,47.2,45.4,2,2.3,97.2,96.0,32.1,47.2,12,Medium,50.4,43.7,2025-09-23 01:00:00
STU00009,Algorithms,39.6,47.0,3,2.3,99.3,94.4,47.2,39.6,19,Easy,59.2,41.0,2025-09-27 02:00:00
STU00009,Database,31.3,37.6,4,3.7,100.5,88.9,39.6,31.3,17,Medium,57.8,44.5,2025-10-01 03:00:00
STU00009,Web Development,52.8,53.0,5,3.3,107.5,91.5,31.3,52.8,14,Medium,60.1,36.3,2025-10-05 02:00:00
STU00009,Python,38.5,33.4,6,1.8,104.8,87.4,52.8,38.5,14,Medium,57.6,41.4,2025-10-09 06:00:00
STU00009,Data Structures,35.7,40.0,7,2.7,103.8,92.4,38.5,35.7,9,Hard,55.1,43.7,2025-10-13 08:00:00
STU00009,Algorithms,40.4,42.7,8,1.6,98.2,95.3,35.7,40.4,14,Medium,58.6,41.8,2025-10-17 06:00:00
STU00009,Database,54.1,51.7,9,4.0,93.1,95.6,40.4,54.1,13,Medium,60.5,35.6,2025-10-21 07:00:00
STU00009,Web Development,51.4,49.3,10,2.4,110.6,100.0,54.1,51.4,25,Easy,65.0,48.2,2025-10-25 02:00:00
STU00009,Python,39.1,40.0,11,2.1,98.9,95.0,51.4,39.1,17,Easy,53.5,43.8,2025-10-29 07:00:00
STU00009,Data Structures,57.2,54.4,12,2.2,105.6,92.5,39.1,57.2,11,Medium,65.4,43.5,2025-11-02 01:00:00
STU00009,Algorithms,43.4,45.2,13,3.2,101.5,92.8,57.2,43.4,9,Easy,57.3,44.0,2025-11-06 04:00:00
STU00009,Database,62.6,55.3,14,2.1,103.1,92.4,43.4,62.6,18,Medium,60.3,50.5,2025-11-10 04:00:00
STU00009,Web Development,45.4,46.8,15,3.3,101.7,100.0,62.6,45.4,25,Medium,49.0,42.7,2025-11-14 07:00:00
STU00009,Python,40.9,40.0,16,2.4,97.4,90.5,45.4,40.9,15,Medium,57.7,48.3,2025-11-18 08:00:00
STU00009,Data Structures,51.4,52.2,17,1.8,96.4,97.7,40.9,51.4,10,Hard,66.5,38.7,2025-11-22 02:00:00
STU00009,Algorithms,55.0,54.1,18,3.0,97.4,95.4,51.4,55.0,25,Medium,60.2,45.0,2025-11-26 06:00:00
STU00009,Database,58.3,56.4,19,3.4,94.3,88.3,55.0,58.3,15,Easy,57.6,36.5,2025-11-30 07:00:00
STU00009,Web Development,45.3,48.2,20,2.8,92.7,97.4,58.3,45.3,24,Hard,63.0,39.4,2025-12-04 08:00:00
STU00010,Python,53.8,54.8,1,2.9,92.1,93.7,33.5,53.8,23,Easy,46.5,45.7,2025-09-18 08:00:00
STU00010,Data Structures,51.2,49.9,2,2.9,91.7,100.0,53.8,51.2,9,Medium,33.4,45.7,2025-09-22 02:00:00
STU00010,Algorithms,29.3,32.4,3,3.6,87.5,100.0,51.2,29.3,8,Hard,41.8,51.2,2025-09-26 01:00:00
STU00010,Database,43.4,45.7,4,2.7,93.8,95.2,29.3,43.4,8,Medium,47.3,47.6,2025-09-30 05:00:00
STU00010,Web Development,47.2,52.0,5,3.8,87.9,96.1,43.4,47.2,12,Easy,41.2,52.4,2025-10-04 05:00:00
STU00010,Python,52.7,51.0,6,2.5,69.4,90.2,47.2,52.7,15,Medium,38.6,54.0,2025-10-08 02:00:00
STU00010,Data Structures,52.9,54.2,7,2.4,83.3,94.6,52.7,52.9,8,Medium,40.4,45.3,2025-10-12 07:00:00
STU00010,Algorithms,50.9,52.0,8,3.7,89.6,93.6,52.9,50.9,23,Medium,39.7,55.9,2025-10-16 05:00:00
STU00010,Database,53.5,52.1,9,2.3,92.9,93.7,50.9,53.5,20,Hard,44.0,45.4,2025-10-20 04:00:00
STU00010,Web Development,47.5,50.9,10,2.5,83.7,87.9,53.5,47.5,10,Medium,30.1,46.8,2025-10-24 01:00:00
STU00010,Python,67.2,65.3,11,3.0,72.5,89.0,47.5,67.2,18,Easy,44.1,47.5,2025-10-28 08:00:00
STU00010,Data Structures,57.1,58.3,12,3.2,83.7,93.6,67.2,57.1,17,Medium,42.8,40.8,2025-11-01 02:00:00
STU00010,Algorithms,47.0,48.7,13,2.5,83.1,96.3,57.1,47.0,17,Easy,34.5,49.2,2025-11-05 02:00:00
STU00010,Database,52.5,51.3,14,2.5,90.7,95.6,47.0,52.5,10,Easy,35.2,42.9,2025-11-09 07:00:00
STU00010,Web Development,54.7,59.4,15,2.9,88.8,94.9,52.5,54.7,24,Easy,42.8,50.3,2025-11-13 03:00:00
STU00010,Python,65.0,63.6,16,2.2,81.4,100.0,54.7,65.0,19,Easy,40.9,49.9,2025-11-17 08:00:00
STU00010,Data Structures,59.3,57.7,17,3.9,80.6,99.8,65.0,59.3,18,Medium,37.0,48.4,2025-11-21 03:00:00
STU00010,Algorithms,46.9,50.1,18,1.9,78.9,97.1,59.3,46.9,23,Easy,47.8,45.5,2025-11-25 06:00:00
STU00010,Database,61.6,60.7,19,2.9,75.8,92.2,46.9,61.6,25,Easy,47.3,48.0,2025-11-29 04:00:00
STU00010,Web Development,46.3,51.5,20,3.5,78.0,97.5,61.6,46.3,17,Medium,41.2,52.7,2025-12-03 07:00:00
STU00011,Python,43.0,43.7,1,2.1,112.6,92.9,30.0,43.0,9,Medium,42.7,48.3,2025-09-16 07:00:00
STU00011,Data Structures,40.0,41.4,2,1.7,116.1,100.0,43.0,40.0,25,Hard,43.4,48.0,2025-09-20 08:00:00
STU00011,Algorithms,43.9,48.1,3,1.9,121.0,94.9,40.0,43.9,17,Easy,39.2,55.7,2025-09-24 02:00:00
STU00011,Database,44.2,42.0,4,3.5,108.2,94.5,43.9,44.2,11,Medium,42.3,52.9,2025-09-28 06:00:00
STU00011,Web Development,51.4,52.0,5,2.4,122.5,99.6,44.2,51.4,15,Easy,43.0,50.0,2025-10-02 06:00:00
STU00011,Python,48.5,45.5,6,2.0,108.9,91.7,51.4,48.5,8,Medium,47.4,42.3,2025-10-06 08:00:00
STU00011,Data Structures,47.9,49.9,7,3.4,114.2,93.7,48.5,47.9,11,Medium,49.5,45.8,2025-10-10 06:00:00
STU00011,Algorithms,58.0,52.0,8,2.8,108.0,90.9,47.9,58.0,20,Easy,44.9,48.6,2025-10-14 08:00:00
STU00011,Database,43.6,46.0,9,3.0,115.1,96.1,58.0,43.6,11,Medium,48.2,52.5,2025-10-18 06:00:00
STU00011,Web Development,49.1,48.3,10,2.5,116.0,100.0,43.6,49.1,13,Medium,43.7,49.0,2025-10-22 03:00:00
STU00011,Python,42.5,46.6,11,3.9,107.8,95.3,49.1,42.5,20,Easy,52.6,49.5,2025-10-26 08:00:00
STU00011,Data Structures,48.8,51.9,12,1.9,102.5,92.2,42.5,48.8,15,Medium,47.2,53.6,2025-10-30 05:00:00
STU00011,Algorithms,49.1,54.2,13,2.9,114.4,96.3,48.8,49.1,25,Easy,49.7,47.1,2025-11-03 01:00:00
STU00011,Database,51.4,48.3,14,3.3,109.5,92.5,49.1,51.4,9,Medium,44.5,51.7,2025-11-07 02:00:00
STU00011,Web Development,53.4,55.6,15,3.5,105.4,93.0,51.4,53.4,21,Medium,49.1,52.4,2025-11-11 04:00:00
STU00011,Python,43.9,45.5,16,3.0,118.7,100.0,53.4,43.9,17,Medium,47.2,53.6,2025-11-15 02:00:00
STU00011,Data Structures,61.1,60.5,17,2.2,105.2,89.8,43.9,61.1,12,Easy,48.0,56.8,2025-11-19 04:00:00
STU00011,Algorithms,48.1,47.8,18,2.2,104.8,97.3,61.1,48.1,10,Medium,42.6,54.4,2025-11-23 06:00:00
STU00011,Database,39.7,42.7,19,3.6,124.3,100.0,48.1,39.7,19,Medium,52.2,44.8,2025-11-27 07:00:00
STU00011,Web Development,61.6,59.3,20,3.6,106.8,99.5,39.7,61.6,23,Easy,50.0,42.3,2025-12-01 01:00:00
STU00012,Python,92.6,93.5,1,2.9,59.2,97.9,71.9,92.6,13,Easy,99.3,82.0,2025-09-09 04:00:00
STU00012,Data Structures,94.2,93.0,2,2.2,45.5,92.3,92.6,94.2,22,Medium,100.0,80.6,2025-09-13 02:00:00
STU00012,Algorithms,91.6,90.8,3,3.0,50.8,93.2,94.2,91.6,18,Hard,91.7,82.7,2025-09-17 07:00:00
STU00012,Database,100.0,100.0,4,2.4,50.0,94.9,91.6,100.0,13,Medium,88.0,82.6,2025-09-21 03:00:00
STU00012,Web Development,89.0,88.3,5,4.2,52.6,96.6,100.0,89.0,20,Hard,91.4,83.6,2025-09-25 03:00:00
STU00012,Python,98.6,94.5,6,3.8,47.3,100.0,89.0,98.6,8,Easy,97.3,75.5,2025-09-29 05:00:00
STU00012,Data Structures,100.0,99.8,7,3.6,52.4,88.1,98.6,100.0,15,Easy,92.0,80.3,2025-10-03 08:00:00
STU00012,Algorithms,98.7,99.0,8,2.9,48.4,98.6,100.0,98.7,21,Medium,89.9,84.8,2025-10-07 08:00:00
STU00012,Database,88.1,88.0,9,2.7,51.5,95.3,98.7,88.1,20,Hard,88.3,80.0,2025-10-11 07:00:00
STU00012,Web Development,94.3,97.2,10,2.4,52.0,95.8,88.1,94.3,14,Medium,96.2,79.9,2025-10-15 06:00:00
STU00012,Python,95.8,99.7,11,2.2,46.2,88.9,94.3,95.8,15,Easy,95.5,80.8,2025-10-19 07:00:00
STU00012,Data Structures,100.0,100.0,12,3.6,49.5,95.6,95.8,100.0,12,Easy,93.2,78.0,2025-10-23 06:00:00
STU00012,Algorithms,98.2,100.0,13,2.3,49.3,91.9,100.0,98.2,11,Medium,94.1,79.3,2025-10-27 07:00:00
STU00012,Database,93.0,96.8,14,2.2,44.7,96.1,98.2,93.0,23,Easy,95.5,78.4,2025-10-31 03:00:00
STU00012,Web Development,97.4,99.6,15,2.6,48.1,94.9,93.0,97.4,8,Easy,94.1,84.8,2025-11-04 07:00:00
STU00012,Python,83.8,84.0,16,4.0,47.6,89.3,97.4,83.8,15,Hard,92.1,84.0,2025-11-08 06:00:00
STU00012,Data Structures,98.4,95.9,17,4.3,54.4,100.0,83.8,98.4,9,Easy,95.4,79.8,2025-11-12 08:00:00
STU00012,Algorithms,98.4,97.2,18,3.1,43.8,97.4,98.4,98.4,17,Hard,93.7,77.3,2025-11-16 06:00:00
STU00012,Database,95.8,97.8,19,4.3,48.3,92.0,98.4,95.8,8,Medium,94.7,79.9,2025-11-20 06:00:00
STU00012,Web Development,100.0,100.0,20,3.9,40.0,99.6,95.8,100.0,17,Medium,97.8,83.2,2025-11-24 04:00:00
STU00013,Python,83.5,79.4,1,1.7,78.4,93.2,58.6,83.5,12,Easy,60.9,70.5,2025-09-19 06:00:00
STU00013,Data Structures,65.1,67.4,2,2.6,85.4,100.0,83.5,65.1,12,Hard,61.6,62.2,2025-09-23 03:00:00
STU00013,Algorithms,92.0,90.6,3,2.4,84.6,90.6,65.1,92.0,22,Easy,60.4,69.4,2025-09-27 03:00:00
STU00013,Database,72.5,76.4,4,2.0,85.8,93.2,92.0,72.5,15,Medium,64.5,66.6,2025-10-01 01:00:00
STU00013,Web Development,88.8,88.8,5,2.5,74.0,97.0,72.5,88.8,15,Medium,62.1,68.5,2025-10-05 03:00:00
STU00013,Python,74.0,76.1,6,2.0,76.2,98.6,88.8,74.0,10,Easy,57.9,65.9,2025-10-09 02:00:00
STU00013,Data Structures,81.2,83.1,7,1.8,92.9,90.8,74.0,81.2,18,Easy,67.5,74.1,2025-10-13 01:00:00
STU00013,Algorithms,92.7,95.4,8,1.6,81.1,92.7,81.2,92.7,14,Easy,63.3,65.7,2025-10-17 08:00:00
STU00013,Database,66.8,68.3,9,2.2,76.9,97.7,92.7,66.8,9,Hard,63.9,69.5,2025-10-21 07:00:00
STU00013,Web Development,90.5,91.2,10,3.5,86.6,83.4,66.8,90.5,19,Easy,53.7,68.3,2025-10-25 06:00:00
STU00013,Python,64.9,63.7,11,2.3,84.6,100.0,90.5,64.9,16,Hard,72.1,71.9,2025-10-29 06:00:00
STU00013,Data Structures,81.8,82.0,12,3.1,79.6,100.0,64.9,81.8,9,Medium,61.5,57.7,2025-11-02 07:00:00
STU00013,Algorithms,97.1,98.6,13,3.0,84.0,89.2,81.8,97.1,8,Easy,59.5,63.9,2025-11-06 03:00:00
STU00013,Database,88.2,88.7,14,2.7,79.9,99.3,97.1,88.2,10,Medium,65.7,69.3,2025-11-10 01:00:00
STU00013,Web Development,90.6,91.6,15,1.8,80.0,86.2,88.2,90.6,18,Medium,62.7,68.2,2025-11-14 03:00:00
STU00013,Python,78.5,84.4,16,2.4,85.6,93.6,90.6,78.5,11,Medium,58.8,70.4,2025-11-18 03:00:00
STU00013,Data Structures,73.7,76.4,17,2.3,79.1,90.0,78.5,73.7,19,Medium,61.5,72.7,2025-11-22 03:00:00
STU00013,Algorithms,100.0,98.4,18,1.5,77.5,90.0,73.7,100.0,9,Easy,62.0,70.6,2025-11-26 04:00:00
STU00013,Database,77.7,77.6,19,1.7,79.0,97.9,100.0,77.7,10,Medium,63.2,62.1,2025-11-30 06:00:00
STU00013,Web Development,93.5,92.4,20,2.1,81.5,95.1,77.7,93.5,20,Medium,56.7,69.0,2025-12-04 03:00:00
STU00014,Python,56.0,54.6,1,2.4,95.9,93.5,31.9,56.0,10,Easy,33.9,49.5,2025-09-07 02:00:00
STU00014,Data Structures,63.9,66.8,2,2.6,88.0,90.5,56.0,63.9,21,Easy,43.0,53.6,2025-09-11 04:00:00
STU00014,Algorithms,34.5,36.8,3,2.9,90.0,92.2,63.9,34.5,11,Hard,47.0,53.6,2025-09-15 08:00:00
STU00014,Database,57.3,56.2,4,3.2,89.3,93.4,34.5,57.3,8,Easy,43.6,57.5,2025-09-19 02:00:00
STU00014,Web Development,43.4,46.7,5,3.7,91.8,100.0,57.3,43.4,20,Medium,45.3,59.7,2025-09-23 06:00:00
STU00014,Python,53.8,52.9,6,3.6,89.4,94.1,43.4,53.8,11,Easy,45.2,53.9,2025-09-27 07:00:00
STU00014,Data Structures,41.6,43.5,7,3.5,85.2,97.4,53.8,41.6,23,Hard,39.4,50.7,2025-10-01 05:00:00
STU00014,Algorithms,57.2,60.7,8,3.8,93.8,89.3,41.6,57.2,12,Easy,46.9,56.6,2025-10-05 03:00:00
STU00014,Database,49.8,47.9,9,1.6,100.1,97.9,57.2,49.8,14,Hard,47.6,51.9,2025-10-09 05:00:00
STU00014,Web Development,53.8,55.0,10,2.9,79.6,92.5,49.8,53.8,24,Easy,34.2,54.1,2025-10-13 07:00:00
STU00014,Python,51.0,52.6,11,3.9,94.1,96.1,53.8,51.0,11,Easy,43.8,44.2,2025-10-17 06:00:00
STU00014,Data Structures,45.2,48.4,12,2.7,94.3,98.6,51.0,45.2,20,Hard,50.2,54.0,2025-10-21 06:00:00
STU00014,Algorithms,52.4,52.0,13,2.4,86.2,100.0,45.2,52.4,17,Medium,41.1,56.6,2025-10-25 02:00:00
STU00014,Database,51.6,46.9,14,3.4,87.0,100.0,52.4,51.6,10,Hard,43.1,54.6,2025-10-29 07:00:00
STU00014,Web Development,52.9,57.0,15,2.8,92.3,97.9,51.6,52.9,24,Medium,36.3,56.0,2025-11-02 01:00:00
STU00014,Python,64.8,63.8,16,1.6,94.2,96.2,52.9,64.8,14,Easy,40.9,59.4,2025-11-06 07:00:00
STU00014,Data Structures,64.3,63.7,17,3.0,96.5,100.0,64.8,64.3,25,Medium,40.6,53.9,2025-11-10 05:00:00
STU00014,Algorithms,62.9,60.0,18,1.9,75.0,90.5,64.3,62.9,15,Medium,38.4,47.2,2025-11-14 05:00:00
STU00014,Database,61.6,67.5,19,3.2,86.3,95.3,62.9,61.6,13,Medium,41.6,51.7,2025-11-18 05:00:00
STU00014,Web Development,49.9,54.5,20,2.2,96.8,90.2,61.6,49.9,22,Medium,42.0,56.5,2025-11-22 07:00:00
STU00015,Python,68.2,63.5,1,3.7,83.7,97.2,42.2,68.2,15,Medium,77.6,77.2,2025-09-15 07:00:00
STU00015,Data Structures,59.6,63.9,2,4.0,84.1,99.2,68.2,59.6,20,Medium,71.3,76.2,2025-09-19 04:00:00
STU00015,Algorithms,58.1,62.0,3,2.7,89.5,93.6,59.6,58.1,17,Easy,76.1,75.1,2025-09-23 03:00:00
STU00015,Database,67.2,72.0,4,2.9,96.6,89.9,58.1,67.2,18,Easy,70.2,79.1,2025-09-27 04:00:00
STU00015,Web Development,61.6,64.2,5,2.2,81.0,100.0,67.2,61.6,23,Medium,77.1,83.3,2025-10-01 02:00:00
STU00015,Python,72.5,69.4,6,2.8,73.8,99.2,61.6,72.5,12,Medium,73.5,83.5,2025-10-05 07:00:00
STU00015,Data Structures,62.0,62.1,7,3.7,84.1,96.5,72.5,62.0,18,Hard,70.1,79.6,2025-10-09 01:00:00
STU00015,Algorithms,63.6,65.4,8,3.4,73.6,95.4,62.0,63.6,10,Easy,74.7,84.5,2025-10-13 07:00:00
STU00015,Database,70.9,70.3,9,2.0,81.6,95.5,63.6,70.9,18,Medium,72.0,76.5,2025-10-17 01:00:00
STU00015,Web Development,70.9,66.3,10,2.4,86.8,97.9,70.9,70.9,17,Medium,75.5,87.9,2025-10-21 05:00:00
STU00015,Python,54.2,54.7,11,2.6,81.6,93.0,70.9,54.2,23,Hard,70.1,83.4,2025-10-25 07:00:00
STU00015,Data Structures,75.0,75.2,12,1.6,80.2,94.9,54.2,75.0,9,Easy,67.7,85.5,2025-10-29 01:00:00
STU00015,Algorithms,70.1,66.5,13,1.6,88.4,97.9,75.0,70.1,11,Medium,67.4,80.1,2025-11-02 03:00:00
STU00015,Database,81.8,81.6,14,1.8,73.4,94.3,70.1,81.8,12,Easy,64.3,85.6,2025-11-06 02:00:00
STU00015,Web Development,69.1,69.0,15,3.4,89.0,85.6,81.8,69.1,19,Easy,70.8,78.2,2025-11-10 01:00:00
STU00015,Python,67.4,70.6,16,2.1,83.1,95.1,69.1,67.4,11,Medium,74.8,76.3,2025-11-14 03:00:00
STU00015,Data Structures,72.6,70.4,17,3.8,76.6,91.5,67.4,72.6,17,Hard,71.7,82.7,2025-11-18 03:00:00
STU00015,Algorithms,59.2,55.7,18,2.6,88.9,100.0,72.6,59.2,9,Hard,74.0,81.6,2025-11-22 03:00:00
STU00015,Database,83.7,84.4,19,3.3,75.9,97.6,59.2,83.7,11,Easy,63.5,87.4,2025-11-26 05:00:00
STU00015,Web Development,67.5,67.1,20,3.7,81.8,96.8,83.7,67.5,9,Medium,79.5,80.5,2025-11-30 02:00:00
STU00016,Python,69.2,68.8,1,3.1,91.8,95.6,57.2,69.2,24,Medium,59.2,71.3,2025-09-09 04:00:00
STU00016,Data Structures,62.7,59.6,2,3.3,86.9,98.3,69.2,62.7,15,Hard,52.8,77.2,2025-09-13 07:00:00
STU00016,Algorithms,70.9,73.5,3,1.5,85.8,93.1,62.7,70.9,23,Easy,63.4,70.1,2025-09-17 02:00:00
STU00016,Database,77.6,75.5,4,2.8,73.8,93.8,70.9,77.6,15,Medium,62.4,78.6,2025-09-21 08:00:00
STU00016,Web Development,89.0,81.3,5,3.4,85.1,95.5,77.6,89.0,9,Easy,58.6,76.5,2025-09-25 02:00:00
STU00016,Python,62.9,67.7,6,2.9,74.6,91.4,89.0,62.9,18,Medium,57.8,77.5,2025-09-29 04:00:00
STU00016,Data Structures,68.1,72.1,7,3.3,74.6,98.3,62.9,68.1,11,Medium,58.8,73.7,2025-10-03 06:00:00
STU00016,Algorithms,69.2,72.8,8,2.4,88.3,100.0,68.1,69.2,23,Easy,62.7,81.4,2025-10-07 07:00:00
STU00016,Database,94.7,88.3,9,2.5,68.0,96.9,69.2,94.7,18,Easy,61.9,79.1,2025-10-11 02:00:00
STU00016,Web Development,70.9,77.2,10,1.8,70.8,95.0,94.7,70.9,9,Medium,54.6,75.1,2025-10-15 08:00:00
STU00016,Python,70.0,72.5,11,1.9,78.4,93.3,70.9,70.0,18,Hard,54.7,76.4,2025-10-19 04:00:00
STU00016,Data Structures,85.0,85.6,12,1.8,68.6,98.2,70.0,85.0,24,Easy,56.7,82.5,2025-10-23 06:00:00
STU00016,Algorithms,66.8,68.3,13,3.1,74.9,98.6,85.0,66.8,12,Medium,64.4,75.9,2025-10-27 03:00:00
STU00016,Database,82.9,81.6,14,2.4,69.0,95.6,66.8,82.9,21,Medium,54.7,69.0,2025-10-31 05:00:00
STU00016,Web Development,78.3,78.2,15,2.5,79.2,95.4,82.9,78.3,16,Hard,58.6,74.2,2025-11-04 05:00:00
STU00016,Python,82.3,80.3,16,2.0,72.5,94.0,78.3,82.3,22,Medium,65.1,81.4,2025-11-08 04:00:00
STU00016,Data Structures,82.2,77.0,17,3.5,74.4,100.0,82.3,82.2,20,Medium,51.0,83.0,2025-11-12 06:00:00
STU00016,Algorithms,56.5,58.5,18,3.7,82.2,91.7,82.2,56.5,15,Hard,63.9,73.2,2025-11-16 06:00:00
STU00016,Database,75.1,78.2,19,3.9,75.1,97.4,56.5,75.1,10,Medium,59.6,78.8,2025-11-20 02:00:00
STU00016,Web Development,88.7,89.3,20,3.0,76.2,98.6,75.1,88.7,12,Easy,67.5,78.8,2025-11-24 01:00:00
STU00017,Python,57.3,55.7,1,3.7,106.5,91.9,34.6,57.3,17,Easy,57.1,53.2,2025-09-07 08:00:00
STU00017,Data Structures,39.3,39.3,2,3.2,96.7,97.9,57.3,39.3,15,Hard,61.7,45.1,2025-09-11 06:00:00
STU00017,Algorithms,66.2,64.7,3,3.3,115.9,95.7,39.3,66.2,19,Easy,51.0,46.2,2025-09-15 08:00:00
STU00017,Database,65.2,61.8,4,3.9,115.8,100.0,66.2,65.2,25,Easy,50.3,45.5,2025-09-19 04:00:00
STU00017,Web Development,62.7,65.1,5,1.8,99.2,93.5,65.2,62.7,21,Medium,50.1,39.1,2025-09-23 03:00:00
STU00017,Python,63.0,62.7,6,1.9,108.0,96.5,62.7,63.0,15,Easy,59.3,44.5,2025-09-27 08:00:00
STU00017,Data Structures,54.7,54.2,7,2.8,103.0,90.7,63.0,54.7,9,Medium,55.3,45.1,2025-10-01 02:00:00
STU00017,Algorithms,60.6,62.1,8,3.8,99.4,100.0,54.7,60.6,8,Easy,50.9,47.4,2025-10-05 03:00:00
STU00017,Database,57.5,59.5,9,3.1,103.4,100.0,60.6,57.5,19,Medium,56.4,46.5,2025-10-09 03:00:00
STU00017,Web Development,60.7,62.8,10,3.9,105.1,100.0,57.5,60.7,19,Easy,57.9,55.1,2025-10-13 03:00:00
STU00017,Python,61.1,62.8,11,2.0,111.5,87.6,60.7,61.1,25,Easy,50.9,47.8,2025-10-17 05:00:00
STU00017,Data Structures,54.7,51.0,12,3.9,102.1,99.7,61.1,54.7,15,Medium,60.3,49.9,2025-10-21 04:00:00
STU00017,Algorithms,61.5,63.2,13,3.0,101.8,93.5,54.7,61.5,18,Easy,58.1,46.0,2025-10-25 06:00:00
STU00017,Database,58.5,61.7,14,3.6,114.0,99.9,61.5,58.5,23,Easy,52.1,47.5,2025-10-29 05:00:00
STU00017,Web Development,61.5,62.5,15,2.2,113.5,87.5,58.5,61.5,14,Medium,55.1,54.9,2025-11-02 02:00:00
STU00017,Python,62.1,65.5,16,3.5,96.0,91.7,61.5,62.1,14,Medium,60.0,43.8,2025-11-06 08:00:00
STU00017,Data Structures,47.5,43.5,17,3.0,109.3,93.3,62.1,47.5,24,Medium,51.8,46.4,2025-11-10 01:00:00
STU00017,Algorithms,63.6,67.5,18,1.9,98.2,94.6,47.5,63.6,13,Medium,51.1,44.5,2025-11-14 03:00:00
STU00017,Database,60.2,58.6,19,2.7,111.1,96.5,63.6,60.2,9,Medium,53.4,42.4,2025-11-18 06:00:00
STU00017,Web Development,76.4,77.0,20,3.1,116.4,100.0,60.2,76.4,16,Easy,57.4,43.9,2025-11-22 03:00:00
STU00018,Python,61.7,61.7,1,1.9,82.1,97.7,53.6,61.7,14,Medium,57.9,82.2,2025-09-16 02:00:00
STU00018,Data Structures,79.0,77.7,2,3.2,66.4,95.7,61.7,79.0,21,Medium,57.7,80.4,2025-09-20 03:00:00
STU00018,Algorithms,69.8,70.9,3,1.9,80.5,92.7,79.0,69.8,20,Easy,52.4,77.3,2025-09-24 01:00:00
STU00018,Database,58.1,64.7,4,2.0,68.4,92.2,69.8,58.1,23,Hard,60.2,86.9,2025-09-28 03:00:00
STU00018,Web Development,83.9,79.9,5,2.2,72.5,91.4,58.1,83.9,22,Medium,55.3,79.4,2025-10-02 07:00:00
STU00018,Python,78.0,72.3,6,2.8,71.0,96.1,83.9,78.0,11,Easy,60.4,88.0,2025-10-06 01:00:00
STU00018,Data Structures,71.5,72.8,7,3.1,79.3,92.1,78.0,71.5,8,Hard,62.1,76.1,2025-10-10 07:00:00
STU00018,Algorithms,71.4,70.4,8,2.1,76.7,88.3,71.5,71.4,20,Medium,52.3,86.1,2025-10-14 02:00:00
STU00018,Database,63.5,70.1,9,1.7,67.2,92.1,71.4,63.5,16,Medium,58.9,86.1,2025-10-18 01:00:00
STU00018,Web Development,83.3,83.1,10,3.2,71.2,98.5,63.5,83.3,12,Medium,51.8,82.6,2025-10-22 05:00:00
STU00018,Python,59.2,57.4,11,3.2,72.9,90.9,83.3,59.2,25,Hard,52.7,80.7,2025-10-26 08:00:00
STU00018,Data Structures,87.2,83.3,12,3.3,78.2,90.4,59.2,87.2,15,Easy,50.7,82.3,2025-10-30 03:00:00
STU00018,Algorithms,69.5,74.8,13,3.0,71.3,93.8,87.2,69.5,20,Easy,57.0,80.2,2025-11-03 02:00:00
STU00018,Database,69.8,70.6,14,2.2,66.3,99.0,69.5,69.8,20,Medium,60.2,78.6,2025-11-07 05:00:00
STU00018,Web Development,86.4,88.3,15,3.1,67.7,96.0,69.8,86.4,24,Medium,56.3,81.3,2025-11-11 04:00:00
STU00018,Python,70.7,67.3,16,3.9,75.1,96.7,86.4,70.7,20,Medium,54.1,83.5,2025-11-15 04:00:00
STU00018,Data Structures,88.4,87.9,17,2.2,76.9,87.2,70.7,88.4,19,Medium,52.3,86.3,2025-11-19 04:00:00
STU00018,Algorithms,70.9,72.6,18,2.2,69.8,96.0,88.4,70.9,10,Medium,52.9,80.2,2025-11-23 02:00:00
STU00018,Database,78.9,82.8,19,2.9,63.8,85.2,70.9,78.9,23,Medium,57.4,73.6,2025-11-27 08:00:00
STU00018,Web Development,86.3,88.9,20,2.1,61.3,99.7,78.9,86.3,15,Medium,55.3,77.7,2025-12-01 06:00:00
STU00019,Python,75.3,68.1,1,3.2,79.1,92.5,53.2,75.3,14,Easy,60.5,79.9,2025-09-10 05:00:00
STU00019,Data Structures,75.8,71.6,2,1.9,83.7,100.0,75.3,75.8,23,Easy,55.1,72.5,2025-09-14 01:00:00
STU00019,Algorithms,76.5,70.6,3,3.7,68.6,93.6,75.8,76.5,13,Medium,69.1,76.0,2025-09-18 05:00:00
STU00019,Database,77.8,75.2,4,2.6,73.8,94.6,76.5,77.8,19,Easy,55.5,80.7,2025-09-22 03:00:00
STU00019,Web Development,66.6,66.9,5,1.5,70.1,91.5,77.8,66.6,11,Medium,57.8,81.8,2025-09-26 05:00:00
STU00019,Python,76.9,69.4,6,2.4,75.0,98.8,66.6,76.9,21,Easy,59.1,73.2,2025-09-30 07:00:00
STU00019,Data Structures,79.3,76.4,7,2.1,76.3,96.9,76.9,79.3,15,Easy,52.9,74.2,2025-10-04 04:00:00
STU00019,Algorithms,91.3,86.9,8,1.9,51.3,95.0,79.3,91.3,24,Easy,56.9,76.2,2025-10-08 08:00:00
STU00019,Database,68.7,70.0,9,3.2,81.7,97.7,91.3,68.7,23,Easy,61.2,75.4,2025-10-12 06:00:00
STU00019,Web Development,68.8,70.7,10,2.4,66.9,97.0,68.7,68.8,14,Easy,55.1,74.2,2025-10-16 03:00:00
STU00019,Python,60.2,57.0,11,3.4,69.4,95.5,68.8,60.2,17,Hard,50.5,79.2,2025-10-20 03:00:00
STU00019,Data Structures,69.9,68.0,12,2.5,72.0,94.1,60.2,69.9,18,Medium,60.7,80.4,2025-10-24 05:00:00
STU00019,Algorithms,75.9,72.1,13,3.5,79.7,92.5,69.9,75.9,24,Medium,64.3,76.0,2025-10-28 03:00:00
STU00019,Database,62.9,60.6,14,3.4,71.6,92.2,75.9,62.9,20,Hard,61.4,77.8,2025-11-01 08:00:00
STU00019,Web Development,69.9,66.8,15,1.7,71.5,97.3,62.9,69.9,20,Medium,59.2,79.7,2025-11-05 05:00:00
STU00019,Python,65.0,65.3,16,1.6,63.1,100.0,69.9,65.0,23,Medium,52.3,78.6,2025-11-09 05:00:00
STU00019,Data Structures,73.8,75.0,17,3.0,61.6,96.8,65.0,73.8,21,Medium,54.6,76.1,2025-11-13 05:00:00
STU00019,Algorithms,73.6,72.3,18,2.3,66.9,96.2,73.8,73.6,8,Hard,67.6,76.9,2025-11-17 03:00:00
STU00019,Database,86.6,86.2,19,3.9,68.9,95.1,73.6,86.6,21,Easy,61.9,71.8,2025-11-21 01:00:00
STU00019,Web Development,75.6,77.8,20,2.1,68.7,89.4,86.6,75.6,20,Medium,60.6,78.5,2025-11-25 04:00:00
STU00020,Python,82.3,78.2,1,2.0,77.0,95.2,62.7,82.3,25,Medium,71.0,78.3,2025-09-09 05:00:00
STU00020,Data Structures,79.6,81.8,2,1.9,69.4,95.1,82.3,79.6,17,Easy,61.5,72.2,2025-09-13 06:00:00
STU00020,Algorithms,73.9,68.8,3,3.9,84.3,97.4,79.6,73.9,10,Medium,58.0,76.1,2025-09-17 05:00:00
STU00020,Database,80.0,76.4,4,2.1,75.1,90.7,73.9,80.0,9,Medium,62.5,83.0,2025-09-21 02:00:00
STU00020,Web Development,64.8,64.0,5,2.3,70.1,100.0,80.0,64.8,9,Medium,60.3,71.7,2025-09-25 02:00:00
STU00020,Python,94.8,88.9,6,3.7,74.6,96.9,64.8,94.8,21,Easy,59.3,79.0,2025-09-29 05:00:00
STU00020,Data Structures,87.1,79.2,7,3.0,70.7,89.3,94.8,87.1,12,Medium,59.2,78.0,2025-10-03 03:00:00
STU00020,Algorithms,75.9,69.2,8,3.4,78.7,96.4,87.1,75.9,12,Medium,58.3,70.0,2025-10-07 03:00:00
STU00020,Database,65.4,66.9,9,2.4,81.4,90.9,75.9,65.4,8,Medium,59.0,73.3,2025-10-11 03:00:00
STU00020,Web Development,69.0,72.7,10,2.9,66.5,95.3,65.4,69.0,25,Easy,56.7,82.1,2025-10-15 05:00:00
STU00020,Python,75.5,76.9,11,2.8,62.4,97.3,69.0,75.5,25,Hard,60.3,76.9,2025-10-19 07:00:00
STU00020,Data Structures,78.1,80.1,12,3.1,71.1,96.3,75.5,78.1,25,Medium,61.5,74.4,2025-10-23 08:00:00
STU00020,Algorithms,76.5,73.5,13,2.3,80.9,98.3,78.1,76.5,9,Medium,61.5,75.0,2025-10-27 01:00:00
STU00020,Database,86.4,84.1,14,3.6,68.6,90.9,76.5,86.4,16,Easy,63.1,77.7,2025-10-31 02:00:00
STU00020,Web Development,69.7,75.4,15,3.6,62.7,96.1,86.4,69.7,19,Easy,51.6,73.4,2025-11-04 07:00:00
STU00020,Python,93.5,92.0,16,2.8,70.1,87.5,69.7,93.5,10,Medium,70.0,73.3,2025-11-08 02:00:00
STU00020,Data Structures,85.5,84.2,17,3.1,59.7,90.9,93.5,85.5,25,Easy,60.4,72.7,2025-11-12 02:00:00
STU00020,Algorithms,71.7,75.9,18,2.6,79.9,99.3,85.5,71.7,25,Medium,57.5,78.9,2025-11-16 03:00:00
STU00020,Database,83.0,85.6,19,2.9,82.7,94.8,71.7,83.0,21,Medium,60.8,72.6,2025-11-20 06:00:00
STU00020,Web Development,82.0,77.0,20,3.8,70.7,100.0,83.0,82.0,22,Medium,60.5,76.8,2025-11-24 01:00:00
STU00021,Python,46.9,47.5,1,2.7,100.5,97.6,32.7,46.9,15,Medium,46.8,69.1,2025-09-13 02:00:00
STU00021,Data Structures,49.8,48.6,2,2.3,90.8,95.5,46.9,49.8,11,Medium,43.2,60.0,2025-09-17 07:00:00
STU00021,Algorithms,61.0,63.8,3,3.5,87.3,99.0,49.8,61.0,15,Easy,45.9,54.1,2025-09-21 01:00:00
STU00021,Database,51.9,50.7,4,2.3,92.3,93.6,61.0,51.9,15,Medium,49.5,66.8,2025-09-25 07:00:00
STU00021,Web Development,49.4,50.0,5,2.6,97.6,92.8,51.9,49.4,18,Hard,50.6,64.4,2025-09-29 01:00:00
STU00021,Python,49.0,47.1,6,3.2,97.7,90.4,49.4,49.0,14,Medium,40.2,62.3,2025-10-03 04:00:00
STU00021,Data Structures,48.4,48.7,7,2.2,87.8,97.6,49.0,48.4,10,Medium,49.2,64.5,2025-10-07 06:00:00
STU00021,Algorithms,64.1,64.5,8,2.3,105.1,94.6,48.4,64.1,22,Easy,43.0,58.8,2025-10-11 04:00:00
STU00021,Database,46.9,52.8,9,1.8,110.3,98.3,64.1,46.9,12,Easy,51.1,56.4,2025-10-15 01:00:00
STU00021,Web Development,69.0,65.8,10,2.3,95.2,92.2,46.9,69.0,25,Easy,43.0,61.4,2025-10-19 08:00:00
STU00021,Python,49.1,53.3,11,2.4,100.9,92.3,69.0,49.1,16,Medium,47.6,64.7,2025-10-23 05:00:00
STU00021,Data Structures,62.2,62.0,12,2.2,100.6,90.3,49.1,62.2,11,Easy,54.0,62.8,2025-10-27 07:00:00
STU00021,Algorithms,68.8,69.0,13,2.3,100.8,91.3,62.2,68.8,13,Easy,49.3,71.8,2025-10-31 01:00:00
STU00021,Database,59.0,55.7,14,3.4,103.2,95.7,68.8,59.0,19,Easy,44.0,59.8,2025-11-04 05:00:00
STU00021,Web Development,65.5,69.9,15,3.5,102.2,95.9,59.0,65.5,16,Medium,46.6,65.5,2025-11-08 07:00:00
STU00021,Python,50.1,45.0,16,3.0,93.2,93.0,65.5,50.1,15,Medium,42.3,60.0,2025-11-12 05:00:00
STU00021,Data Structures,42.0,42.5,17,1.8,84.9,93.2,50.1,42.0,12,Hard,43.8,67.7,2025-11-16 03:00:00
STU00021,Algorithms,64.2,68.5,18,2.9,94.3,96.3,42.0,64.2,25,Medium,47.9,61.2,2025-11-20 06:00:00
STU00021,Database,53.1,52.6,19,3.9,100.6,94.2,64.2,53.1,16,Medium,47.5,64.0,2025-11-24 03:00:00
STU00021,Web Development,68.3,69.8,20,2.9,93.6,97.9,53.1,68.3,8,Easy,42.2,66.6,2025-11-28 08:00:00
STU00022,Python,81.7,83.5,1,2.5,50.8,100.0,74.6,81.7,22,Hard,85.9,86.3,2025-09-05 06:00:00
STU00022,Data Structures,82.7,80.4,2,3.5,48.1,89.3,81.7,82.7,20,Hard,77.7,85.5,2025-09-09 01:00:00
STU00022,Algorithms,90.7,91.5,3,4.5,37.8,94.5,82.7,90.7,9,Medium,78.3,88.0,2025-09-13 01:00:00
STU00022,Database,96.6,100.0,4,2.7,46.1,97.9,90.7,96.6,9,Easy,79.6,81.7,2025-09-17 08:00:00
STU00022,Web Development,92.9,94.3,5,3.9,52.0,92.6,96.6,92.9,12,Medium,80.0,91.9,2025-09-21 01:00:00
STU00022,Python,97.5,99.5,6,3.1,43.1,100.0,92.9,97.5,13,Easy,82.4,87.7,2025-09-25 02:00:00
STU00022,Data Structures,100.0,100.0,7,3.8,50.9,94.1,97.5,100.0,13,Medium,79.9,92.4,2025-09-29 03:00:00
STU00022,Algorithms,82.6,84.0,8,4.2,46.8,100.0,100.0,82.6,21,Hard,80.4,95.8,2025-10-03 08:00:00
STU00022,Database,95.5,100.0,9,2.0,43.2,94.4,82.6,95.5,23,Easy,85.8,85.8,2025-10-07 01:00:00
STU00022,Web Development,100.0,97.9,10,3.1,34.8,96.9,95.5,100.0,8,Medium,82.9,94.8,2025-10-11 04:00:00
STU00022,Python,99.0,99.7,11,4.1,37.2,88.4,100.0,99.0,17,Easy,81.9,91.2,2025-10-15 02:00:00
STU00022,Data Structures,90.6,94.2,12,3.7,34.0,91.0,99.0,90.6,13,Medium,89.3,88.3,2025-10-19 06:00:00
STU00022,Algorithms,86.4,83.7,13,2.9,48.6,96.7,90.6,86.4,25,Hard,86.9,91.5,2025-10-23 02:00:00
STU00022,Database,89.5,90.1,14,3.7,40.0,93.8,86.4,89.5,24,Medium,87.3,89.4,2025-10-27 05:00:00
STU00022,Web Development,100.0,100.0,15,3.6,47.8,92.6,89.5,100.0,23,Medium,77.1,89.0,2025-10-31 08:00:00
STU00022,Python,100.0,100.0,16,2.5,44.9,98.0,100.0,100.0,11,Medium,82.5,87.0,2025-11-04 07:00:00
STU00022,Data Structures,92.3,93.9,17,2.0,43.0,98.1,100.0,92.3,10,Medium,81.1,94.2,2025-11-08 06:00:00
STU00022,Algorithms,94.8,92.2,18,3.4,53.1,93.1,92.3,94.8,14,Medium,81.0,92.9,2025-11-12 08:00:00
STU00022,Database,86.9,89.6,19,3.6,45.2,91.9,94.8,86.9,18,Hard,75.6,91.5,2025-11-16 01:00:00
STU00022,Web Development,96.0,98.6,20,3.3,43.5,100.0,86.9,96.0,19,Medium,84.8,90.7,2025-11-20 01:00:00
STU00023,Python,66.6,62.5,1,2.3,69.4,94.6,55.7,66.6,19,Easy,68.6,61.1,2025-09-06 02:00:00
STU00023,Data Structures,56.9,56.5,2,2.0,81.8,92.0,66.6,56.9,24,Medium,65.8,71.1,2025-09-10 02:00:00
STU00023,Algorithms,73.4,74.8,3,3.3,63.3,96.6,56.9,73.4,24,Medium,69.7,70.1,2025-09-14 01:00:00
STU00023,Database,71.9,70.1,4,1.6,63.8,94.2,73.4,71.9,17,Medium,73.8,68.8,2025-09-18 04:00:00
STU00023,Web Development,83.9,81.3,5,2.6,75.2,96.5,71.9,83.9,16,Easy,74.7,74.5,2025-09-22 02:00:00
STU00023,Python,69.7,68.2,6,3.3,71.4,97.9,83.9,69.7,10,Easy,63.9,75.6,2025-09-26 08:00:00
STU00023,Data Structures,67.7,68.3,7,2.5,77.7,97.1,69.7,67.7,22,Easy,64.5,65.5,2025-09-30 04:00:00
STU00023,Algorithms,65.5,67.2,8,3.4,68.4,95.5,67.7,65.5,22,Medium,69.9,69.8,2025-10-04 08:00:00
STU00023,Database,80.0,75.0,9,2.1,68.3,96.9,65.5,80.0,18,Medium,69.1,59.8,2025-10-08 08:00:00
STU00023,Web Development,83.5,81.3,10,3.6,71.1,98.6,80.0,83.5,12,Medium,63.0,67.6,2025-10-12 02:00:00
STU00023,Python,69.9,73.5,11,2.5,63.7,97.9,83.5,69.9,25,Easy,69.6,71.7,2025-10-16 02:00:00
STU00023,Data Structures,63.3,66.1,12,2.6,72.0,90.1,69.9,63.3,15,Easy,69.9,73.1,2025-10-20 08:00:00
STU00023,Algorithms,85.1,83.9,13,2.6,68.3,98.8,63.3,85.1,11,Easy,65.0,62.9,2025-10-24 07:00:00
STU00023,Database,79.4,78.6,14,1.8,61.4,91.7,85.1,79.4,8,Easy,67.4,61.9,2025-10-28 08:00:00
STU00023,Web Development,77.6,78.5,15,3.2,67.5,99.8,79.4,77.6,17,Medium,75.3,63.2,2025-11-01 06:00:00
STU00023,Python,55.1,57.4,16,3.6,71.2,93.9,77.6,55.1,25,Hard,67.3,67.8,2025-11-05 06:00:00
STU00023,Data Structures,75.8,75.2,17,3.0,64.0,90.5,55.1,75.8,20,Easy,63.4,71.2,2025-11-09 03:00:00
STU00023,Algorithms,76.7,72.2,18,3.6,82.6,100.0,75.8,76.7,12,Medium,68.1,69.0,2025-11-13 01:00:00
STU00023,Database,67.3,74.1,19,1.8,75.2,100.0,76.7,67.3,22,Easy,72.0,64.0,2025-11-17 07:00:00
STU00023,Web Development,79.1,76.6,20,2.5,70.5,99.2,67.3,79.1,8,Medium,60.3,64.2,2025-11-21 04:00:00
STU00024,Python,45.0,45.5,1,2.7,123.2,99.0,34.0,45.0,10,Medium,40.8,58.3,2025-09-07 02:00:00
STU00024,Data Structures,39.1,41.1,2,3.8,111.2,94.9,45.0,39.1,22,Medium,36.2,52.3,2025-09-11 06:00:00
STU00024,Algorithms,43.6,46.0,3,1.6,120.4,91.9,39.1,43.6,16,Medium,44.9,54.4,2025-09-15 03:00:00
STU00024,Database,51.5,46.8,4,1.6,108.4,95.2,43.6,51.5,10,Medium,42.6,50.1,2025-09-19 03:00:00
STU00024,Web Development,58.9,54.0,5,3.0,120.0,91.5,51.5,58.9,22,Medium,39.0,54.5,2025-09-23 04:00:00
STU00024,Python,41.4,43.5,6,1.7,119.4,100.0,58.9,41.4,12,Medium,44.2,47.0,2025-09-27 07:00:00
STU00024,Data Structures,43.5,41.9,7,2.0,110.9,91.3,41.4,43.5,16,Medium,40.7,50.7,2025-10-01 03:00:00
STU00024,Algorithms,37.9,36.8,8,3.8,111.8,100.0,43.5,37.9,20,Medium,38.5,53.0,2025-10-05 07:00:00
STU00024,Database,52.5,51.1,9,3.9,109.1,93.9,37.9,52.5,25,Easy,34.2,45.1,2025-10-09 07:00:00
STU00024,Web Development,59.3,56.9,10,3.5,109.9,100.0,52.5,59.3,22,Medium,41.6,46.1,2025-10-13 04:00:00
STU00024,Python,46.5,46.6,11,1.5,112.1,95.1,59.3,46.5,21,Medium,42.2,53.8,2025-10-17 08:00:00
STU00024,Data Structures,56.8,56.0,12,3.0,117.0,96.9,46.5,56.8,14,Easy,46.1,50.9,2025-10-21 02:00:00
STU00024,Algorithms,52.8,49.2,13,3.1,110.8,92.6,56.8,52.8,11,Easy,39.6,49.8,2025-10-25 08:00:00
STU00024,Database,40.2,37.4,14,3.4,107.7,89.5,52.8,40.2,18,Medium,40.3,59.6,2025-10-29 05:00:00
STU00024,Web Development,58.3,57.4,15,3.9,109.2,99.3,40.2,58.3,23,Medium,43.3,52.3,2025-11-02 07:00:00
STU00024,Python,57.6,53.6,16,2.0,101.0,88.1,58.3,57.6,16,Easy,41.9,53.6,2025-11-06 05:00:00
STU00024,Data Structures,42.9,42.8,17,1.5,116.5,95.9,57.6,42.9,12,Medium,38.0,44.4,2025-11-10 01:00:00
STU00024,Algorithms,49.6,49.4,18,3.6,109.3,88.1,42.9,49.6,25,Medium,41.3,56.6,2025-11-14 08:00:00
STU00024,Database,63.0,63.1,19,2.3,127.7,99.6,49.6,63.0,10,Easy,35.5,58.5,2025-11-18 06:00:00
STU00024,Web Development,61.7,66.0,20,1.9,114.3,96.0,63.0,61.7,14,Easy,39.5,56.5,2025-11-22 02:00:00
STU00025,Python,67.2,68.4,1,3.9,67.4,95.4,50.2,67.2,18,Medium,70.0,74.6,2025-09-07 02:00:00
STU00025,Data Structures,57.5,58.5,2,3.7,52.1,93.5,67.2,57.5,15,Easy,70.7,75.3,2025-09-11 03:00:00
STU00025,Algorithms,75.5,77.8,3,2.1,61.2,94.5,57.5,75.5,9,Medium,75.8,71.6,2025-09-15 02:00:00
STU00025,Database,61.8,64.8,4,1.8,50.8,95.1,75.5,61.8,15,Medium,72.2,76.8,2025-09-19 06:00:00
STU00025,Web Development,66.9,69.3,5,3.9,57.7,94.0,61.8,66.9,14,Medium,70.2,70.4,2025-09-23 06:00:00
STU00025,Python,66.1,67.9,6,2.4,63.5,97.6,66.9,66.1,9,Easy,74.4,81.0,2025-09-27 07:00:00
STU00025,Data Structures,63.0,63.0,7,1.9,68.8,98.1,66.1,63.0,17,Medium,63.4,79.4,2025-10-01 08:00:00
STU00025,Algorithms,68.9,71.7,8,2.5,68.6,92.9,63.0,68.9,9,Medium,64.5,72.1,2025-10-05 02:00:00
STU00025,Database,74.6,74.4,9,2.1,65.3,98.3,68.9,74.6,11,Medium,63.9,70.3,2025-10-09 04:00:00
STU00025,Web Development,73.7,72.7,10,1.8,66.7,100.0,74.6,73.7,23,Medium,67.3,75.8,2025-10-13 01:00:00
STU00025,Python,72.7,70.5,11,3.0,65.3,92.2,73.7,72.7,11,Easy,69.2,66.7,2025-10-17 03:00:00
STU00025,Data Structures,67.9,68.0,12,2.1,53.4,96.8,72.7,67.9,21,Easy,71.6,81.5,2025-10-21 06:00:00
STU00025,Algorithms,83.3,81.1,13,2.5,64.4,100.0,67.9,83.3,10,Easy,65.2,76.6,2025-10-25 07:00:00
STU00025,Database,80.0,79.2,14,1.8,56.5,89.4,83.3,80.0,16,Easy,70.3,77.8,2025-10-29 01:00:00
STU00025,Web Development,73.2,72.5,15,3.4,61.2,98.3,80.0,73.2,13,Easy,71.1,70.2,2025-11-02 03:00:00
STU00025,Python,71.3,68.2,16,2.8,61.5,92.9,73.2,71.3,23,Medium,71.4,73.0,2025-11-06 07:00:00
STU00025,Data Structures,68.1,64.6,17,3.7,56.7,93.8,71.3,68.1,8,Medium,68.7,76.4,2025-11-10 08:00:00
STU00025,Algorithms,77.6,76.2,18,3.5,57.6,93.3,68.1,77.6,23,Medium,70.0,80.9,2025-11-14 01:00:00
STU00025,Database,80.4,77.6,19,2.1,59.8,95.0,77.6,80.4,17,Medium,72.0,79.5,2025-11-18 01:00:00
STU00025,Web Development,75.2,71.6,20,2.0,64.1,90.9,80.4,75.2,8,Hard,70.7,74.6,2025-11-22 06:00:00
STU00026,Python,65.5,64.6,1,2.7,84.2,96.0,51.9,65.5,25,Hard,65.8,71.9,2025-09-06 04:00:00
STU00026,Data Structures,60.1,61.2,2,3.3,78.7,86.9,65.5,60.1,14,Easy,67.4,70.1,2025-09-10 06:00:00
STU00026,Algorithms,73.1,75.3,3,1.7,74.5,98.8,60.1,73.1,24,Easy,69.4,72.9,2025-09-14 05:00:00
STU00026,Database,63.9,68.0,4,3.9,81.0,93.3,73.1,63.9,22,Medium,70.6,78.9,2025-09-18 03:00:00
STU00026,Web Development,75.7,74.2,5,3.2,65.1,95.2,63.9,75.7,24,Easy,68.1,76.6,2025-09-22 07:00:00
STU00026,Python,67.5,65.5,6,2.6,74.5,92.4,75.7,67.5,10,Hard,74.4,77.9,2025-09-26 06:00:00
STU00026,Data Structures,59.3,61.4,7,3.0,73.9,87.7,67.5,59.3,22,Medium,62.3,78.2,2025-09-30 05:00:00
STU00026,Algorithms,68.4,67.6,8,3.4,83.0,96.1,59.3,68.4,22,Easy,72.6,75.4,2025-10-04 03:00:00
STU00026,Database,78.8,79.8,9,3.2,75.7,93.0,68.4,78.8,15,Medium,76.7,85.4,2025-10-08 03:00:00
STU00026,Web Development,73.5,69.0,10,3.2,80.4,94.7,78.8,73.5,22,Medium,64.9,76.3,2025-10-12 05:00:00
STU00026,Python,79.9,82.1,11,3.9,80.8,94.0,73.5,79.9,25,Easy,70.8,76.3,2025-10-16 05:00:00
STU00026,Data Structures,72.6,75.5,12,2.9,81.6,99.1,79.9,72.6,22,Medium,66.2,78.5,2025-10-20 08:00:00
STU00026,Algorithms,62.0,62.8,13,2.5,80.7,91.3,72.6,62.0,10,Hard,64.7,81.7,2025-10-24 04:00:00
STU00026,Database,75.5,76.5,14,1.6,70.5,94.0,62.0,75.5,10,Medium,71.2,76.3,2025-10-28 08:00:00
STU00026,Web Development,81.3,83.6,15,2.4,82.5,100.0,75.5,81.3,19,Easy,66.8,77.3,2025-11-01 06:00:00
STU00026,Python,83.3,84.2,16,3.3,56.4,99.3,81.3,83.3,22,Easy,65.5,83.9,2025-11-05 07:00:00
STU00026,Data Structures,66.7,70.2,17,1.9,69.8,100.0,83.3,66.7,24,Medium,68.7,76.7,2025-11-09 07:00:00
STU00026,Algorithms,84.2,85.8,18,2.9,73.1,88.5,66.7,84.2,12,Easy,69.6,84.0,2025-11-13 05:00:00
STU00026,Database,72.0,77.1,19,2.3,70.5,93.4,84.2,72.0,8,Medium,67.8,74.6,2025-11-17 05:00:00
STU00026,Web Development,61.5,60.7,20,3.7,67.4,97.3,72.0,61.5,15,Hard,73.9,78.1,2025-11-21 08:00:00
STU00027,Python,54.6,49.0,1,1.8,108.5,97.7,30.0,54.6,21,Easy,44.8,45.3,2025-09-05 01:00:00
STU00027,Data Structures,52.2,53.6,2,3.4,106.8,96.6,54.6,52.2,13,Easy,43.5,50.6,2025-09-09 05:00:00
STU00027,Algorithms,47.0,44.2,3,2.4,107.4,96.7,52.2,47.0,17,Easy,48.1,56.1,2025-09-13 06:00:00
STU00027,Database,42.0,38.5,4,3.6,107.7,90.1,47.0,42.0,24,Hard,54.9,47.6,2025-09-17 02:00:00
STU00027,Web Development,40.8,39.7,5,1.5,99.4,100.0,42.0,40.8,12,Medium,54.7,45.1,2025-09-21 06:00:00
STU00027,Python,52.6,54.1,6,1.8,102.0,89.3,40.8,52.6,17,Easy,52.8,54.3,2025-09-25 02:00:00
STU00027,Data Structures,47.9,47.5,7,2.7,100.7,96.1,52.6,47.9,9,Medium,52.6,48.2,2025-09-29 01:00:00
STU00027,Algorithms,49.4,48.7,8,1.5,106.4,96.2,47.9,49.4,14,Medium,49.0,51.4,2025-10-03 06:00:00
STU00027,Database,49.3,51.7,9,2.9,97.9,100.0,49.4,49.3,15,Easy,49.8,52.7,2025-10-07 01:00:00
STU00027,Web Development,42.1,42.5,10,3.4,113.3,95.2,49.3,42.1,14,Medium,58.2,49.0,2025-10-11 08:00:00
STU00027,Python,50.5,47.7,11,2.0,100.1,98.1,42.1,50.5,14,Easy,47.2,52.4,2025-10-15 06:00:00
STU00027,Data Structures,59.6,55.8,12,3.3,103.0,94.6,50.5,59.6,18,Easy,47.4,52.9,2025-10-19 08:00:00
STU00027,Algorithms,49.0,49.5,13,2.9,101.0,100.0,59.6,49.0,14,Medium,56.6,46.1,2025-10-23 08:00:00
STU00027,Database,47.7,47.3,14,3.2,97.9,97.9,49.0,47.7,10,Hard,54.2,55.5,2025-10-27 02:00:00
STU00027,Web Development,48.0,45.5,15,2.0,105.5,100.0,47.7,48.0,20,Medium,56.8,58.1,2025-10-31 08:00:00
STU00027,Python,56.0,57.2,16,3.5,98.5,91.8,48.0,56.0,23,Easy,46.4,44.3,2025-11-04 08:00:00
STU00027,Data Structures,46.2,45.8,17,2.7,105.6,100.0,56.0,46.2,8,Medium,52.4,53.6,2025-11-08 02:00:00
STU00027,Algorithms,50.8,47.1,18,2.3,101.5,100.0,46.2,50.8,10,Medium,48.7,48.7,2025-11-12 08:00:00
STU00027,Database,44.3,47.3,19,2.2,96.8,100.0,50.8,44.3,25,Medium,58.1,53.5,2025-11-16 07:00:00
STU00027,Web Development,26.8,25.0,20,2.6,107.3,95.6,44.3,26.8,17,Hard,53.1,51.2,2025-11-20 07:00:00
STU00028,Python,89.9,91.8,1,4.4,43.8,95.9,78.1,89.9,9,Medium,92.8,84.4,2025-09-06 01:00:00
STU00028,Data Structures,94.3,92.1,2,4.5,42.6,95.7,89.9,94.3,15,Medium,90.2,87.4,2025-09-10 02:00:00
STU00028,Algorithms,86.9,84.3,3,2.0,41.3,98.9,94.3,86.9,21,Hard,82.3,78.1,2025-09-14 05:00:00
STU00028,Database,100.0,100.0,4,3.4,42.8,96.6,86.9,100.0,23,Easy,95.0,85.2,2025-09-18 06:00:00
STU00028,Web Development,96.1,97.7,5,2.7,47.4,94.5,100.0,96.1,10,Medium,92.8,77.5,2025-09-22 05:00:00
STU00028,Python,92.0,94.4,6,3.6,53.0,93.3,96.1,92.0,11,Easy,87.4,79.9,2025-09-26 08:00:00
STU00028,Data Structures,100.0,100.0,7,3.3,40.8,100.0,92.0,100.0,18,Medium,91.4,85.5,2025-09-30 08:00:00
STU00028,Algorithms,97.1,100.0,8,3.3,45.8,99.3,100.0,97.1,22,Medium,89.5,87.3,2025-10-04 07:00:00
STU00028,Database,91.3,90.6,9,3.2,43.1,100.0,97.1,91.3,17,Hard,92.4,78.2,2025-10-08 02:00:00
STU00028,Web Development,100.0,100.0,10,2.4,40.4,92.3,91.3,100.0,15,Medium,92.1,83.3,2025-10-12 04:00:00
STU00028,Python,86.0,85.2,11,3.1,46.3,93.5,100.0,86.0,16,Medium,92.1,84.0,2025-10-16 05:00:00
STU00028,Data Structures,93.8,100.0,12,3.2,54.9,96.0,86.0,93.8,10,Medium,88.8,84.7,2025-10-20 02:00:00
STU00028,Algorithms,89.1,85.8,13,2.2,51.4,92.8,93.8,89.1,12,Hard,90.6,86.8,2025-10-24 02:00:00
STU00028,Database,97.8,100.0,14,2.6,44.3,93.0,89.1,97.8,11,Medium,90.6,78.2,2025-10-28 07:00:00
STU00028,Web Development,99.2,100.0,15,2.3,42.1,98.1,97.8,99.2,21,Medium,90.0,87.0,2025-11-01 08:00:00
STU00028,Python,100.0,100.0,16,3.2,41.0,98.2,99.2,100.0,12,Medium,86.0,86.5,2025-11-05 05:00:00
STU00028,Data Structures,96.4,100.0,17,3.7,48.3,92.8,100.0,96.4,15,Easy,90.1,85.6,2025-11-09 06:00:00
STU00028,Algorithms,90.1,90.6,18,3.1,55.7,95.5,96.4,90.1,16,Hard,87.2,90.6,2025-11-13 04:00:00
STU00028,Database,100.0,100.0,19,2.8,42.9,89.7,90.1,100.0,9,Easy,89.9,83.3,2025-11-17 08:00:00
STU00028,Web Development,96.0,100.0,20,4.2,45.9,88.3,100.0,96.0,16,Medium,86.4,81.5,2025-11-21 06:00:00
STU00029,Python,70.1,74.4,1,1.8,55.9,92.7,51.4,70.1,18,Easy,59.8,78.3,2025-09-07 03:00:00
STU00029,Data Structures,59.7,64.5,2,2.0,57.6,96.3,70.1,59.7,20,Easy,75.4,73.1,2025-09-11 04:00:00
STU00029,Algorithms,59.5,61.0,3,2.1,66.7,97.4,59.7,59.5,16,Easy,66.9,73.6,2025-09-15 07:00:00
STU00029,Database,78.9,72.8,4,1.9,59.5,94.7,59.5,78.9,24,Medium,59.3,79.5,2025-09-19 08:00:00
STU00029,Web Development,63.2,61.2,5,3.9,62.1,92.1,78.9,63.2,23,Medium,64.5,78.8,2025-09-23 04:00:00
STU00029,Python,75.0,70.6,6,2.5,56.7,96.2,63.2,75.0,17,Medium,70.5,75.5,2025-09-27 08:00:00
STU00029,Data Structures,44.8,47.8,7,1.5,63.6,97.6,75.0,44.8,20,Hard,65.2,70.1,2025-10-01 07:00:00
STU00029,Algorithms,64.6,64.0,8,2.3,61.3,100.0,44.8,64.6,9,Medium,72.3,76.1,2025-10-05 07:00:00
STU00029,Database,71.7,66.0,9,2.9,55.6,93.5,64.6,71.7,24,Easy,64.0,76.1,2025-10-09 08:00:00
STU00029,Web Development,64.5,64.8,10,1.8,62.7,95.6,71.7,64.5,16,Easy,67.5,66.8,2025-10-13 05:00:00
STU00029,Python,62.0,68.0,11,2.8,56.3,95.9,64.5,62.0,23,Hard,67.8,73.6,2025-10-17 08:00:00
STU00029,Data Structures,64.2,63.4,12,2.2,58.0,90.9,62.0,64.2,23,Easy,71.2,76.9,2025-10-21 08:00:00
STU00029,Algorithms,61.5,63.2,13,2.4,61.1,98.1,64.2,61.5,13,Medium,67.6,68.5,2025-10-25 04:00:00
STU00029,Database,67.5,68.1,14,2.5,66.3,98.2,61.5,67.5,11,Medium,68.3,75.3,2025-10-29 02:00:00
STU00029,Web Development,75.8,77.5,15,1.9,67.9,98.7,67.5,75.8,23,Easy,58.0,78.7,2025-11-02 01:00:00
STU00029,Python,71.3,73.6,16,3.9,72.6,95.0,75.8,71.3,12,Easy,67.9,77.1,2025-11-06 05:00:00
STU00029,Data Structures,76.1,72.9,17,2.5,56.4,96.5,71.3,76.1,20,Easy,74.2,80.1,2025-11-10 03:00:00
STU00029,Algorithms,60.0,66.0,18,1.9,54.8,100.0,76.1,60.0,17,Easy,72.1,72.8,2025-11-14 06:00:00
STU00029,Database,70.2,70.5,19,3.7,48.6,95.8,60.0,70.2,21,Medium,71.1,78.2,2025-11-18 06:00:00
STU00029,Web Development,65.6,65.2,20,2.4,53.4,95.6,70.2,65.6,12,Medium,72.0,73.8,2025-11-22 02:00:00
STU00030,Python,71.7,71.9,1,3.2,50.9,87.8,72.6,71.7,19,Hard,82.2,88.8,2025-09-06 01:00:00
STU00030,Data Structures,100.0,100.0,2,3.0,63.3,99.1,71.7,100.0,17,Easy,79.7,93.1,2025-09-10 08:00:00
STU00030,Algorithms,98.7,100.0,3,2.5,56.6,100.0,100.0,98.7,16,Medium,83.5,85.8,2025-09-14 01:00:00
STU00030,Database,99.5,96.5,4,3.7,63.2,87.4,98.7,99.5,23,Easy,79.8,94.1,2025-09-18 06:00:00
STU00030,Web Development,80.5,85.3,5,2.2,54.3,97.0,99.5,80.5,8,Medium,81.4,84.7,2025-09-22 01:00:00
STU00030,Python,86.3,88.9,6,3.6,52.7,92.5,80.5,86.3,17,Easy,82.5,84.9,2025-09-26 07:00:00
STU00030,Data Structures,100.0,100.0,7,4.4,40.5,96.4,86.3,100.0,15,Easy,83.8,92.1,2025-09-30 07:00:00
STU00030,Algorithms,91.0,94.5,8,4.4,58.0,89.7,100.0,91.0,25,Easy,83.3,87.2,2025-10-04 07:00:00
STU00030,Database,84.8,87.7,9,4.0,41.7,95.5,91.0,84.8,24,Medium,87.4,87.8,2025-10-08 02:00:00
STU00030,Web Development,95.8,96.8,10,3.6,46.9,91.5,84.8,95.8,21,Easy,85.5,87.6,2025-10-12 04:00:00
STU00030,Python,82.3,82.5,11,3.7,61.4,91.3,95.8,82.3,22,Medium,84.5,89.6,2025-10-16 07:00:00
STU00030,Data Structures,84.0,88.3,12,4.0,53.5,87.7,82.3,84.0,14,Hard,80.9,93.7,2025-10-20 08:00:00
STU00030,Algorithms,98.5,99.4,13,3.0,56.4,94.9,84.0,98.5,14,Easy,68.0,81.9,2025-10-24 06:00:00
STU00030,Database,94.0,89.3,14,4.2,52.9,95.3,98.5,94.0,21,Hard,84.4,89.0,2025-10-28 04:00:00
STU00030,Web Development,91.1,96.1,15,3.9,36.7,92.0,94.0,91.1,24,Medium,80.7,86.0,2025-11-01 01:00:00
STU00030,Python,75.8,74.3,16,2.3,56.6,98.4,91.1,75.8,11,Hard,82.8,86.1,2025-11-05 02:00:00
STU00030,Data Structures,100.0,100.0,17,3.8,48.4,88.5,75.8,100.0,23,Easy,82.0,85.3,2025-11-09 06:00:00
STU00030,Algorithms,97.4,100.0,18,3.0,51.4,92.0,100.0,97.4,23,Easy,79.7,91.1,2025-11-13 02:00:00
STU00030,Database,100.0,97.8,19,2.6,48.7,90.1,97.4,100.0,15,Easy,85.0,90.4,2025-11-17 07:00:00
STU00030,Web Development,82.8,83.3,20,4.4,37.7,97.4,100.0,82.8,24,Hard,83.8,86.6,2025-11-21 06:00:00
STU00031,Python,77.1,80.5,1,2.3,64.3,100.0,60.9,77.1,24,Hard,54.0,70.2,2025-09-14 07:00:00
STU00031,Data Structures,60.4,61.9,2,3.1,66.5,87.1,77.1,60.4,20,Medium,57.1,63.5,2025-09-18 02:00:00
STU00031,Algorithms,76.7,81.6,3,1.8,75.2,94.8,60.4,76.7,10,Easy,52.3,71.4,2025-09-22 06:00:00
STU00031,Database,93.7,92.8,4,3.0,70.9,100.0,76.7,93.7,21,Medium,57.7,71.5,2025-09-26 01:00:00
STU00031,Web Development,84.1,84.2,5,3.4,76.2,93.4,93.7,84.1,8,Medium,44.8,75.0,2025-09-30 04:00:00
STU00031,Python,87.2,91.8,6,3.2,68.3,90.3,84.1,87.2,15,Easy,59.5,74.6,2025-10-04 04:00:00
STU00031,Data Structures,78.4,75.7,7,3.6,71.5,95.7,87.2,78.4,12,Medium,51.4,72.3,2025-10-08 06:00:00
STU00031,Algorithms,71.1,73.0,8,3.7,62.0,92.1,78.4,71.1,22,Medium,52.1,62.7,2025-10-12 07:00:00
STU00031,Database,94.8,91.4,9,1.8,66.3,87.3,71.1,94.8,11,Medium,54.2,67.5,2025-10-16 01:00:00
STU00031,Web Development,89.2,83.8,10,3.0,65.4,96.1,94.8,89.2,17,Medium,58.0,72.3,2025-10-20 06:00:00
STU00031,Python,92.9,92.2,11,1.9,70.3,90.9,89.2,92.9,17,Easy,57.9,69.9,2025-10-24 08:00:00
STU00031,Data Structures,79.7,79.3,12,2.7,65.9,99.1,92.9,79.7,18,Easy,56.6,67.2,2025-10-28 03:00:00
STU00031,Algorithms,78.4,77.6,13,2.6,71.8,92.4,79.7,78.4,21,Medium,49.2,77.3,2025-11-01 06:00:00
STU00031,Database,94.8,97.9,14,3.1,73.0,90.3,78.4,94.8,17,Medium,53.8,70.9,2025-11-05 02:00:00
STU00031,Web Development,94.8,95.3,15,2.9,70.0,99.2,94.8,94.8,8,Easy,62.6,78.1,2025-11-09 03:00:00
STU00031,Python,88.0,82.6,16,3.6,66.2,94.2,94.8,88.0,25,Hard,52.6,69.2,2025-11-13 01:00:00
STU00031,Data Structures,78.1,76.5,17,1.6,60.2,94.3,88.0,78.1,10,Medium,57.1,72.9,2025-11-17 03:00:00
STU00031,Algorithms,85.1,86.8,18,3.9,67.5,93.7,78.1,85.1,18,Easy,58.4,77.4,2025-11-21 05:00:00
STU00031,Database,94.3,92.9,19,2.4,69.2,93.2,85.1,94.3,14,Easy,56.1,77.1,2025-11-25 04:00:00
STU00031,Web Development,94.3,93.3,20,1.7,59.9,95.9,94.3,94.3,23,Medium,61.3,72.7,2025-11-29 01:00:00
STU00032,Python,100.0,100.0,1,4.4,55.7,93.8,77.7,100.0,9,Easy,92.8,83.7,2025-09-11 05:00:00
STU00032,Data Structures,100.0,100.0,2,2.7,48.2,100.0,100.0,100.0,19,Medium,89.8,81.4,2025-09-15 05:00:00
STU00032,Algorithms,96.7,97.7,3,3.0,50.1,96.5,100.0,96.7,25,Easy,96.5,83.6,2025-09-19 04:00:00
STU00032,Database,94.4,90.3,4,2.9,46.6,100.0,96.7,94.4,22,Medium,87.5,89.5,2025-09-23 06:00:00
STU00032,Web Development,99.7,100.0,5,3.7,47.3,94.8,94.4,99.7,23,Easy,88.9,83.7,2025-09-27 03:00:00
STU00032,Python,95.1,100.0,6,3.3,48.8,89.4,99.7,95.1,10,Medium,80.1,81.7,2025-10-01 08:00:00
STU00032,Data Structures,93.2,98.4,7,2.9,51.8,100.0,95.1,93.2,8,Medium,91.0,86.4,2025-10-05 04:00:00
STU00032,Algorithms,100.0,99.9,8,4.3,45.7,96.4,93.2,100.0,17,Medium,89.3,81.1,2025-10-09 08:00:00
STU00032,Database,78.4,78.2,9,3.5,64.8,95.5,100.0,78.4,20,Hard,90.8,85.8,2025-10-13 08:00:00
STU00032,Web Development,95.5,100.0,10,3.5,50.7,99.8,78.4,95.5,10,Easy,94.8,90.4,2025-10-17 04:00:00
STU00032,Python,100.0,95.1,11,2.1,54.7,93.9,95.5,100.0,16,Hard,84.8,76.2,2025-10-21 01:00:00
STU00032,Data Structures,91.5,91.8,12,4.3,27.9,100.0,100.0,91.5,16,Hard,91.8,87.0,2025-10-25 08:00:00
STU00032,Algorithms,98.6,100.0,13,2.7,39.5,97.1,91.5,98.6,8,Easy,85.5,86.0,2025-10-29 01:00:00
STU00032,Database,75.8,82.8,14,4.3,48.2,98.4,98.6,75.8,10,Hard,87.1,82.4,2025-11-02 08:00:00
STU00032,Web Development,93.3,100.0,15,4.1,47.1,99.5,75.8,93.3,18,Medium,92.0,77.2,2025-11-06 04:00:00
STU00032,Python,90.6,94.1,16,3.6,42.2,94.2,93.3,90.6,9,Hard,91.7,81.7,2025-11-10 02:00:00
STU00032,Data Structures,96.4,97.4,17,3.5,44.1,95.8,90.6,96.4,9,Medium,85.2,82.5,2025-11-14 07:00:00
STU00032,Algorithms,98.8,95.6,18,4.0,39.8,91.9,96.4,98.8,22,Medium,90.6,75.8,2025-11-18 02:00:00
STU00032,Database,96.8,100.0,19,2.8,44.0,96.7,98.8,96.8,10,Easy,81.9,79.5,2025-11-22 03:00:00
STU00032,Web Development,99.8,97.5,20,3.1,45.9,100.0,96.8,99.8,9,Medium,92.0,87.5,2025-11-26 06:00:00
STU00033,Python,78.7,77.8,1,3.9,76.6,92.9,64.7,78.7,10,Medium,57.9,72.5,2025-09-06 08:00:00
STU00033,Data Structures,62.4,66.0,2,3.0,75.9,96.2,78.7,62.4,22,Medium,67.4,61.3,2025-09-10 08:00:00
STU00033,Algorithms,75.4,73.3,3,3.1,79.8,100.0,62.4,75.4,18,Easy,62.5,63.9,2025-09-14 07:00:00
STU00033,Database,86.0,85.1,4,1.6,81.9,97.2,75.4,86.0,14,Easy,55.2,61.0,2025-09-18 06:00:00
STU00033,Web Development,89.3,87.5,5,3.7,77.8,91.4,86.0,89.3,25,Easy,61.2,70.1,2025-09-22 03:00:00
STU00033,Python,83.9,83.3,6,2.4,78.4,93.1,89.3,83.9,14,Medium,60.2,70.3,2025-09-26 06:00:00
STU00033,Data Structures,90.8,92.3,7,3.7,79.0,94.0,83.9,90.8,12,Medium,62.7,66.1,2025-09-30 04:00:00
STU00033,Algorithms,74.1,71.2,8,3.9,78.0,96.2,90.8,74.1,14,Easy,63.2,64.9,2025-10-04 03:00:00
STU00033,Database,82.3,88.1,9,3.6,90.6,93.4,74.1,82.3,14,Easy,60.2,60.6,2025-10-08 02:00:00
STU00033,Web Development,90.7,94.1,10,2.4,73.9,94.7,82.3,90.7,19,Easy,56.6,66.8,2025-10-12 08:00:00
STU00033,Python,70.1,74.1,11,3.1,80.4,100.0,90.7,70.1,22,Medium,63.8,64.5,2025-10-16 05:00:00
STU00033,Data Structures,87.7,82.9,12,2.1,85.9,98.4,70.1,87.7,17,Medium,57.7,68.8,2025-10-20 01:00:00
STU00033,Algorithms,70.5,69.0,13,2.5,78.2,91.7,87.7,70.5,20,Medium,65.4,68.2,2025-10-24 05:00:00
STU00033,Database,93.2,90.3,14,2.8,70.5,89.5,70.5,93.2,15,Medium,62.4,68.4,2025-10-28 01:00:00
STU00033,Web Development,82.2,84.2,15,3.4,78.2,87.3,93.2,82.2,14,Medium,57.3,54.0,2025-11-01 05:00:00
STU00033,Python,82.4,87.1,16,2.5,70.3,97.9,82.2,82.4,8,Easy,56.5,68.3,2025-11-05 03:00:00
STU00033,Data Structures,68.9,70.9,17,2.1,70.4,92.4,82.4,68.9,22,Hard,60.4,63.1,2025-11-09 02:00:00
STU00033,Algorithms,73.3,77.9,18,2.0,69.6,96.6,68.9,73.3,19,Easy,66.4,73.7,2025-11-13 05:00:00
STU00033,Database,72.2,77.5,19,2.3,69.5,98.0,73.3,72.2,20,Hard,61.7,61.4,2025-11-17 05:00:00
STU00033,Web Development,85.2,91.8,20,1.9,82.4,93.9,72.2,85.2,20,Easy,63.9,67.2,2025-11-21 07:00:00
STU00034,Python,93.9,92.6,1,2.7,37.7,94.3,77.1,93.9,19,Easy,92.0,84.6,2025-09-20 07:00:00
STU00034,Data Structures,96.4,94.1,2,3.9,34.0,100.0,93.9,96.4,14,Easy,96.3,86.9,2025-09-24 07:00:00
STU00034,Algorithms,91.0,87.7,3,2.8,46.6,100.0,96.4,91.0,22,Medium,94.4,85.4,2025-09-28 03:00:00
STU00034,Database,87.8,89.2,4,2.8,37.1,93.0,91.0,87.8,22,Medium,88.6,81.9,2025-10-02 05:00:00
STU00034,Web Development,86.7,82.0,5,4.0,34.4,99.7,87.8,86.7,13,Medium,92.3,86.2,2025-10-06 07:00:00
STU00034,Python,98.2,94.6,6,3.0,47.0,94.0,86.7,98.2,13,Medium,93.6,90.5,2025-10-10 05:00:00
STU00034,Data Structures,79.0,85.4,7,4.3,35.1,98.6,98.2,79.0,11,Medium,96.0,84.9,2025-10-14 02:00:00
STU00034,Algorithms,86.5,85.5,8,2.5,43.8,95.3,79.0,86.5,22,Medium,89.6,89.4,2025-10-18 04:00:00
STU00034,Database,100.0,100.0,9,2.8,43.5,90.4,86.5,100.0,10,Easy,99.5,87.8,2025-10-22 08:00:00
STU00034,Web Development,93.7,95.2,10,2.0,45.9,97.0,100.0,93.7,25,Easy,94.3,82.5,2025-10-26 01:00:00
STU00034,Python,91.8,90.2,11,2.1,41.2,92.5,93.7,91.8,9,Medium,98.2,78.7,2025-10-30 02:00:00
STU00034,Data Structures,94.4,94.3,12,3.9,44.0,85.9,91.8,94.4,19,Easy,96.7,83.5,2025-11-03 01:00:00
STU00034,Algorithms,91.6,89.9,13,3.7,42.9,100.0,94.4,91.6,13,Medium,94.2,83.7,2025-11-07 02:00:00
STU00034,Database,87.2,90.2,14,4.3,37.2,97.6,91.6,87.2,15,Medium,95.3,88.6,2025-11-11 03:00:00
STU00034,Web Development,98.4,98.2,15,2.6,38.4,92.3,87.2,98.4,19,Easy,100.0,87.2,2025-11-15 07:00:00
STU00034,Python,99.9,100.0,16,3.3,52.7,94.5,98.4,99.9,13,Easy,94.4,86.7,2025-11-19 06:00:00
STU00034,Data Structures,73.3,80.5,17,3.7,36.2,99.9,99.9,73.3,18,Hard,100.0,84.1,2025-11-23 02:00:00
STU00034,Algorithms,91.6,93.1,18,3.6,41.4,100.0,73.3,91.6,8,Easy,95.0,90.4,2025-11-27 02:00:00
STU00034,Database,95.8,100.0,19,2.1,36.2,97.4,91.6,95.8,12,Easy,90.4,89.0,2025-12-01 04:00:00
STU00034,Web Development,88.9,90.5,20,2.8,38.6,100.0,95.8,88.9,9,Hard,83.5,83.5,2025-12-05 05:00:00
STU00035,Python,42.5,42.4,1,3.7,109.0,96.1,30.0,42.5,12,Easy,46.0,46.8,2025-09-12 03:00:00
STU00035,Data Structures,54.1,55.0,2,1.7,104.3,91.6,42.5,54.1,14,Medium,44.2,50.0,2025-09-16 04:00:00
STU00035,Algorithms,60.9,61.3,3,3.7,90.4,96.2,54.1,60.9,19,Easy,42.2,49.0,2025-09-20 08:00:00
STU00035,Database,49.8,49.1,4,3.9,94.7,95.8,60.9,49.8,21,Medium,48.2,42.2,2025-09-24 05:00:00
STU00035,Web Development,46.3,48.6,5,2.7,99.4,96.1,49.8,46.3,23,Medium,46.1,48.5,2025-09-28 08:00:00
STU00035,Python,54.0,53.8,6,3.3,99.7,97.9,46.3,54.0,21,Easy,54.0,43.6,2025-10-02 06:00:00
STU00035,Data Structures,60.0,60.1,7,3.7,107.6,94.9,54.0,60.0,13,Easy,45.6,51.6,2025-10-06 05:00:00
STU00035,Algorithms,56.5,52.7,8,3.1,102.2,96.0,60.0,56.5,20,Medium,50.0,44.6,2025-10-10 04:00:00
STU00035,Database,54.1,50.5,9,1.6,101.4,93.0,56.5,54.1,22,Medium,46.2,46.8,2025-10-14 04:00:00
STU00035,Web Development,53.5,53.9,10,3.4,94.5,88.0,54.1,53.5,20,Medium,41.2,37.1,2025-10-18 02:00:00
STU00035,Python,36.4,33.8,11,2.1,99.1,100.0,53.5,36.4,20,Medium,38.5,44.2,2025-10-22 02:00:00
STU00035,Data Structures,58.3,63.6,12,2.2,105.6,100.0,36.4,58.3,17,Easy,46.5,47.6,2025-10-26 08:00:00
STU00035,Algorithms,55.2,58.7,13,3.1,103.8,92.6,58.3,55.2,19,Easy,45.0,49.5,2025-10-30 08:00:00
STU00035,Database,57.2,55.5,14,2.0,105.1,95.9,55.2,57.2,14,Easy,43.6,56.2,2025-11-03 07:00:00
STU00035,Web Development,63.3,60.6,15,1.7,104.1,96.1,57.2,63.3,10,Medium,41.2,52.0,2025-11-07 08:00:00
STU00035,Python,48.8,48.7,16,3.9,96.2,88.9,63.3,48.8,9,Medium,48.1,50.3,2025-11-11 01:00:00
STU00035,Data Structures,65.7,66.3,17,2.7,102.5,89.6,48.8,65.7,18,Easy,38.3,53.6,2025-11-15 06:00:00
STU00035,Algorithms,58.3,60.8,18,1.6,97.1,97.8,65.7,58.3,11,Medium,52.2,47.7,2025-11-19 07:00:00
STU00035,Database,66.5,63.4,19,3.7,98.7,100.0,58.3,66.5,15,Medium,40.4,51.6,2025-11-23 08:00:00
STU00035,Web Development,62.8,62.7,20,3.9,97.3,100.0,66.5,62.8,9,Medium,50.5,46.3,2025-11-27 08:00:00
STU00036,Python,100.0,100.0,1,3.4,54.1,91.3,71.4,100.0,12,Easy,83.5,91.9,2025-09-08 08:00:00
STU00036,Data Structures,100.0,100.0,2,2.6,51.8,100.0,100.0,100.0,10,Easy,95.2,99.7,2025-09-12 01:00:00
STU00036,Algorithms,97.1,100.0,3,2.6,48.6,99.5,100.0,97.1,11,Easy,80.6,84.1,2025-09-16 08:00:00
STU00036,Database,95.0,100.0,4,3.9,41.9,91.6,97.1,95.0,20,Easy,90.8,88.4,2025-09-20 07:00:00
STU00036,Web Development,97.2,97.9,5,2.6,48.2,98.3,95.0,97.2,11,Medium,90.8,95.4,2025-09-24 04:00:00
STU00036,Python,94.5,90.2,6,4.4,48.7,94.9,97.2,94.5,9,Medium,83.0,90.5,2025-09-28 07:00:00
STU00036,Data Structures,87.8,84.4,7,4.0,40.6,94.3,94.5,87.8,15,Hard,85.7,92.2,2025-10-02 08:00:00
STU00036,Algorithms,98.9,96.9,8,3.7,50.6,97.6,87.8,98.9,9,Easy,82.4,89.9,2025-10-06 02:00:00
STU00036,Database,93.6,95.5,9,2.5,43.3,100.0,98.9,93.6,9,Easy,88.8,91.5,2025-10-10 04:00:00
STU00036,Web Development,100.0,97.9,10,4.3,48.8,87.2,93.6,100.0,20,Medium,83.0,98.9,2025-10-14 03:00:00
STU00036,Python,91.4,87.5,11,4.5,47.8,91.0,100.0,91.4,24,Hard,84.8,88.7,2025-10-18 04:00:00
STU00036,Data Structures,100.0,100.0,12,4.0,48.6,94.0,91.4,100.0,17,Medium,82.9,92.5,2025-10-22 03:00:00
STU00036,Algorithms,94.6,95.8,13,4.0,50.1,100.0,100.0,94.6,19,Medium,84.4,86.7,2025-10-26 03:00:00
STU00036,Database,98.4,100.0,14,2.1,41.4,98.6,94.6,98.4,9,Easy,88.8,95.1,2025-10-30 06:00:00
STU00036,Web Development,95.0,97.2,15,2.1,45.8,99.6,98.4,95.0,13,Medium,83.0,88.7,2025-11-03 02:00:00
STU00036,Python,98.0,100.0,16,3.6,43.4,96.5,95.0,98.0,10,Medium,89.4,95.9,2025-11-07 04:00:00
STU00036,Data Structures,98.9,100.0,17,3.9,47.2,92.6,98.0,98.9,23,Easy,91.5,91.9,2025-11-11 05:00:00
STU00036,Algorithms,100.0,100.0,18,4.0,52.0,100.0,98.9,100.0,8,Medium,79.4,96.5,2025-11-15 08:00:00
STU00036,Database,97.4,98.7,19,3.6,44.8,92.3,100.0,97.4,11,Easy,87.5,96.8,2025-11-19 03:00:00
STU00036,Web Development,100.0,100.0,20,3.4,44.5,93.6,97.4,100.0,16,Easy,85.9,91.1,2025-11-23 02:00:00
STU00037,Python,64.6,70.0,1,3.0,64.3,94.6,56.8,64.6,9,Medium,74.1,74.8,2025-09-19 05:00:00
STU00037,Data Structures,62.9,60.1,2,3.0,71.7,100.0,64.6,62.9,21,Hard,76.6,73.6,2025-09-23 07:00:00
STU00037,Algorithms,70.6,68.6,3,3.2,76.3,94.2,62.9,70.6,14,Medium,79.8,75.0,2025-09-27 04:00:00
STU00037,Database,64.5,67.4,4,1.9,75.0,91.9,70.6,64.5,21,Medium,66.4,79.3,2025-10-01 04:00:00
STU00037,Web Development,86.4,84.0,5,1.7,69.4,92.1,64.5,86.4,18,Easy,74.3,70.0,2025-10-05 04:00:00
STU00037,Python,67.1,67.4,6,3.9,73.5,93.0,86.4,67.1,24,Easy,73.4,68.8,2025-10-09 08:00:00
STU00037,Data Structures,67.5,68.6,7,2.2,74.0,95.7,67.1,67.5,18,Easy,77.7,70.9,2025-10-13 06:00:00
STU00037,Algorithms,78.4,82.1,8,3.7,65.1,98.1,67.5,78.4,16,Medium,78.7,72.5,2025-10-17 03:00:00
STU00037,Database,67.0,68.0,9,3.8,68.8,92.0,78.4,67.0,15,Medium,72.1,68.4,2025-10-21 08:00:00
STU00037,Web Development,82.8,86.2,10,2.2,57.8,99.2,67.0,82.8,15,Easy,71.2,79.6,2025-10-25 05:00:00
STU00037,Python,63.8,63.1,11,3.3,75.2,94.2,82.8,63.8,9,Medium,76.7,73.9,2025-10-29 08:00:00
STU00037,Data Structures,70.9,72.3,12,3.8,77.0,98.5,63.8,70.9,25,Medium,72.6,68.3,2025-11-02 04:00:00
STU00037,Algorithms,69.6,74.2,13,3.4,70.7,100.0,70.9,69.6,24,Hard,73.4,71.1,2025-11-06 08:00:00
STU00037,Database,68.2,70.7,14,2.1,80.5,98.5,69.6,68.2,24,Hard,73.1,73.2,2025-11-10 08:00:00
STU00037,Web Development,95.1,90.8,15,2.1,61.1,93.3,68.2,95.1,11,Easy,72.8,76.6,2025-11-14 05:00:00
STU00037,Python,67.7,68.6,16,2.3,77.5,92.7,95.1,67.7,9,Easy,81.7,68.9,2025-11-18 08:00:00
STU00037,Data Structures,70.0,69.4,17,1.8,66.3,100.0,67.7,70.0,20,Easy,72.8,73.7,2025-11-22 08:00:00
STU00037,Algorithms,91.0,92.8,18,3.8,80.2,95.3,70.0,91.0,16,Easy,74.5,76.2,2025-11-26 05:00:00
STU00037,Database,80.6,81.1,19,4.0,64.7,91.4,91.0,80.6,12,Easy,71.3,75.6,2025-11-30 06:00:00
STU00037,Web Development,79.6,78.0,20,1.8,64.0,96.7,80.6,79.6,9,Hard,75.3,74.4,2025-12-04 08:00:00
STU00038,Python,59.7,57.7,1,1.5,83.1,93.8,48.3,59.7,18,Hard,45.0,53.1,2025-09-17 01:00:00
STU00038,Data Structures,48.0,47.6,2,2.1,88.0,98.9,59.7,48.0,15,Medium,49.5,52.7,2025-09-21 05:00:00
STU00038,Algorithms,55.9,57.7,3,3.3,87.1,89.2,48.0,55.9,24,Hard,47.9,49.1,2025-09-25 03:00:00
STU00038,Database,84.2,82.0,4,3.8,76.2,97.5,55.9,84.2,10,Easy,52.5,47.8,2025-09-29 05:00:00
STU00038,Web Development,64.9,61.8,5,1.7,80.9,95.6,84.2,64.9,11,Medium,49.5,54.0,2025-10-03 06:00:00
STU00038,Python,65.2,66.4,6,1.5,80.4,92.0,64.9,65.2,17,Medium,41.3,52.3,2025-10-07 02:00:00
STU00038,Data Structures,52.3,52.2,7,1.8,78.7,89.7,65.2,52.3,12,Medium,46.7,56.5,2025-10-11 06:00:00
STU00038,Algorithms,63.4,64.8,8,2.2,80.2,94.1,52.3,63.4,11,Medium,54.4,55.6,2025-10-15 02:00:00
STU00038,Database,76.2,79.9,9,2.0,78.9,95.6,63.4,76.2,25,Easy,47.4,48.5,2025-10-19 08:00:00
STU00038,Web Development,51.7,52.6,10,2.0,78.4,94.0,76.2,51.7,25,Hard,58.3,49.4,2025-10-23 08:00:00
STU00038,Python,62.4,61.1,11,2.8,92.9,92.9,51.7,62.4,13,Medium,44.9,47.2,2025-10-27 03:00:00
STU00038,Data Structures,78.6,75.6,12,2.0,83.4,90.7,62.4,78.6,25,Easy,57.2,43.0,2025-10-31 03:00:00
STU00038,Algorithms,64.1,65.2,13,3.0,81.7,95.3,78.6,64.1,14,Medium,49.5,50.5,2025-11-04 08:00:00
STU00038,Database,76.4,70.5,14,2.2,80.4,97.0,64.1,76.4,15,Medium,52.7,51.6,2025-11-08 01:00:00
STU00038,Web Development,67.9,66.3,15,3.7,95.7,98.6,76.4,67.9,14,Medium,49.7,50.7,2025-11-12 06:00:00
STU00038,Python,74.1,67.6,16,3.7,79.2,97.1,67.9,74.1,17,Medium,49.3,52.0,2025-11-16 01:00:00
STU00038,Data Structures,60.6,61.0,17,3.9,65.5,92.4,74.1,60.6,11,Medium,48.9,44.7,2025-11-20 05:00:00
STU00038,Algorithms,55.1,56.8,18,2.1,79.1,100.0,60.6,55.1,20,Hard,51.5,53.2,2025-11-24 07:00:00
STU00038,Database,83.0,81.9,19,2.0,81.3,93.0,55.1,83.0,23,Easy,52.3,49.9,2025-11-28 05:00:00
STU00038,Web Development,72.8,70.1,20,3.0,83.6,95.7,83.0,72.8,15,Easy,44.4,52.4,2025-12-02 07:00:00
STU00039,Python,91.7,93.2,1,4.0,60.0,95.4,78.1,91.7,25,Medium,88.7,88.5,2025-09-06 02:00:00
STU00039,Data Structures,84.1,85.4,2,2.4,47.4,97.0,91.7,84.1,9,Easy,86.0,91.3,2025-09-10 02:00:00
STU00039,Algorithms,96.8,97.2,3,4.2,49.0,95.1,84.1,96.8,15,Easy,93.2,92.8,2025-09-14 03:00:00
STU00039,Database,97.8,100.0,4,3.7,46.1,86.6,96.8,97.8,23,Easy,90.0,93.8,2025-09-18 02:00:00
STU00039,Web Development,89.1,87.9,5,2.9,51.0,94.2,97.8,89.1,9,Hard,87.1,90.6,2025-09-22 06:00:00
STU00039,Python,97.8,94.2,6,2.8,50.4,91.6,89.1,97.8,11,Medium,88.4,96.8,2025-09-26 06:00:00
STU00039,Data Structures,77.7,78.9,7,2.0,50.8,94.1,97.8,77.7,12,Hard,87.3,95.7,2025-09-30 08:00:00
STU00039,Algorithms,91.6,89.5,8,2.4,47.2,96.9,77.7,91.6,20,Medium,86.2,95.9,2025-10-04 08:00:00
STU00039,Database,94.2,96.8,9,4.0,45.3,92.5,91.6,94.2,21,Medium,84.3,90.6,2025-10-08 08:00:00
STU00039,Web Development,95.0,92.4,10,3.1,38.7,92.1,94.2,95.0,15,Medium,88.2,89.3,2025-10-12 01:00:00
STU00039,Python,98.5,95.9,11,2.3,56.7,100.0,95.0,98.5,19,Easy,93.7,85.6,2025-10-16 03:00:00
STU00039,Data Structures,91.8,98.2,12,4.3,48.5,100.0,98.5,91.8,9,Easy,89.0,90.1,2025-10-20 03:00:00
STU00039,Algorithms,99.4,100.0,13,3.8,46.9,93.7,91.8,99.4,13,Easy,92.8,92.8,2025-10-24 02:00:00
STU00039,Database,97.3,100.0,14,3.9,44.9,95.4,99.4,97.3,24,Easy,88.0,88.9,2025-10-28 07:00:00
STU00039,Web Development,96.0,96.4,15,2.3,54.7,97.1,97.3,96.0,13,Medium,88.5,92.1,2025-11-01 07:00:00
STU00039,Python,87.7,89.6,16,4.3,35.7,94.9,96.0,87.7,21,Medium,91.9,90.8,2025-11-05 02:00:00
STU00039,Data Structures,97.1,95.6,17,3.5,45.3,97.5,87.7,97.1,25,Medium,87.8,91.1,2025-11-09 08:00:00
STU00039,Algorithms,100.0,98.4,18,2.1,41.0,98.0,97.1,100.0,16,Medium,90.3,93.1,2025-11-13 06:00:00
STU00039,Database,99.7,100.0,19,3.5,46.8,91.6,100.0,99.7,25,Easy,91.8,100.0,2025-11-17 04:00:00
STU00039,Web Development,98.5,100.0,20,4.0,48.6,96.0,99.7,98.5,17,Easy,92.8,92.3,2025-11-21 05:00:00
STU00040,Python,44.6,45.2,1,1.9,89.8,93.5,39.8,44.6,10,Medium,49.9,47.7,2025-09-09 04:00:00
STU00040,Data Structures,52.2,54.0,2,3.9,80.9,94.3,44.6,52.2,24,Medium,50.4,47.0,2025-09-13 03:00:00
STU00040,Algorithms,53.5,56.0,3,3.7,91.4,91.1,52.2,53.5,14,Easy,52.6,48.5,2025-09-17 03:00:00
STU00040,Database,59.6,59.3,4,3.4,85.4,100.0,53.5,59.6,10,Medium,42.7,48.6,2025-09-21 03:00:00
STU00040,Web Development,45.5,42.7,5,1.7,94.8,100.0,59.6,45.5,16,Hard,58.2,47.6,2025-09-25 08:00:00
STU00040,Python,52.0,49.3,6,1.6,94.1,91.9,45.5,52.0,12,Medium,42.6,50.3,2025-09-29 06:00:00
STU00040,Data Structures,57.9,58.0,7,3.7,85.9,89.9,52.0,57.9,9,Easy,46.9,45.6,2025-10-03 01:00:00
STU00040,Algorithms,53.2,50.5,8,3.6,92.1,100.0,57.9,53.2,10,Easy,44.5,52.2,2025-10-07 08:00:00
STU00040,Database,76.5,71.7,9,2.5,84.2,96.7,53.2,76.5,10,Easy,41.6,60.8,2025-10-11 08:00:00
STU00040,Web Development,65.5,63.3,10,2.9,91.7,94.3,76.5,65.5,14,Easy,46.7,49.5,2025-10-15 07:00:00
STU00040,Python,49.5,57.6,11,2.0,88.4,95.8,65.5,49.5,21,Easy,46.4,54.2,2025-10-19 02:00:00
STU00040,Data Structures,71.6,68.6,12,2.6,85.5,96.3,49.5,71.6,16,Easy,47.7,49.8,2025-10-23 07:00:00
STU00040,Algorithms,63.1,60.7,13,2.5,78.7,95.9,71.6,63.1,13,Easy,51.3,47.7,2025-10-27 07:00:00
STU00040,Database,63.2,64.4,14,3.3,85.1,93.9,63.1,63.2,18,Medium,55.6,49.4,2025-10-31 03:00:00
STU00040,Web Development,52.2,56.5,15,2.2,85.5,83.3,63.2,52.2,12,Medium,43.3,44.3,2025-11-04 02:00:00
STU00040,Python,63.7,59.4,16,3.4,83.6,93.3,52.2,63.7,14,Easy,57.3,45.4,2025-11-08 01:00:00
STU00040,Data Structures,65.0,62.6,17,3.5,93.1,98.3,63.7,65.0,22,Easy,43.9,50.5,2025-11-12 07:00:00
STU00040,Algorithms,59.5,58.3,18,2.6,90.0,99.8,65.0,59.5,25,Medium,44.1,49.9,2025-11-16 07:00:00
STU00040,Database,71.0,73.5,19,1.7,96.2,99.0,59.5,71.0,10,Medium,43.9,44.1,2025-11-20 07:00:00
STU00040,Web Development,58.9,61.5,20,3.1,75.1,94.8,71.0,58.9,17,Easy,48.8,46.4,2025-11-24 08:00:00
STU00041,Python,79.4,73.4,1,2.2,86.9,88.9,53.9,79.4,21,Easy,61.8,80.8,2025-09-17 07:00:00
STU00041,Data Structures,65.0,70.6,2,2.8,80.9,91.5,79.4,65.0,13,Easy,74.2,78.0,2025-09-21 04:00:00
STU00041,Algorithms,68.2,70.2,3,1.6,86.7,93.2,65.0,68.2,20,Medium,64.5,80.8,2025-09-25 06:00:00
STU00041,Database,77.4,74.2,4,2.8,73.5,89.8,68.2,77.4,16,Medium,63.2,79.2,2025-09-29 06:00:00
STU00041,Web Development,72.2,70.6,5,3.0,90.1,96.1,77.4,72.2,10,Easy,61.2,80.8,2025-10-03 03:00:00
STU00041,Python,63.1,65.0,6,3.1,80.7,97.6,72.2,63.1,15,Hard,60.9,74.0,2025-10-07 07:00:00
STU00041,Data Structures,71.9,65.0,7,3.1,74.7,91.0,63.1,71.9,11,Medium,69.0,87.0,2025-10-11 02:00:00
STU00041,Algorithms,80.2,81.0,8,2.7,72.8,100.0,71.9,80.2,20,Easy,67.8,85.4,2025-10-15 07:00:00
STU00041,Database,84.6,82.5,9,2.4,73.7,100.0,80.2,84.6,13,Easy,62.3,81.7,2025-10-19 03:00:00
STU00041,Web Development,74.2,75.4,10,2.4,68.0,100.0,84.6,74.2,25,Medium,66.9,81.3,2025-10-23 05:00:00
STU00041,Python,65.8,65.7,11,2.8,86.8,100.0,74.2,65.8,11,Hard,62.8,80.6,2025-10-27 03:00:00
STU00041,Data Structures,76.2,77.1,12,2.7,83.8,93.9,65.8,76.2,25,Easy,59.4,77.5,2025-10-31 08:00:00
STU00041,Algorithms,81.2,82.3,13,2.0,83.1,89.8,76.2,81.2,20,Medium,67.7,85.4,2025-11-04 05:00:00
STU00041,Database,72.0,75.1,14,2.6,75.5,93.2,81.2,72.0,18,Easy,58.1,77.3,2025-11-08 07:00:00
STU00041,Web Development,82.4,85.7,15,2.6,90.5,88.6,72.0,82.4,16,Easy,59.2,79.4,2025-11-12 06:00:00
STU00041,Python,77.3,80.3,16,2.0,79.6,97.8,82.4,77.3,19,Easy,57.2,86.2,2025-11-16 02:00:00
STU00041,Data Structures,73.7,75.7,17,2.9,75.5,97.6,77.3,73.7,10,Easy,57.9,84.7,2025-11-20 04:00:00
STU00041,Algorithms,72.4,76.3,18,3.6,89.9,98.8,73.7,72.4,21,Easy,60.2,77.3,2025-11-24 06:00:00
STU00041,Database,74.8,74.8,19,2.2,84.1,98.0,72.4,74.8,18,Easy,59.5,79.6,2025-11-28 01:00:00
STU00041,Web Development,84.1,91.1,20,3.8,74.4,100.0,74.8,84.1,20,Easy,66.8,82.3,2025-12-02 01:00:00
STU00042,Python,57.9,56.3,1,3.9,75.7,97.7,46.2,57.9,11,Easy,64.5,79.3,2025-09-20 01:00:00
STU00042,Data Structures,65.3,69.0,2,2.1,79.3,98.4,57.9,65.3,19,Easy,65.3,74.6,2025-09-24 01:00:00
STU00042,Algorithms,57.6,52.4,3,1.8,73.2,94.5,65.3,57.6,18,Hard,60.6,72.6,2025-09-28 07:00:00
STU00042,Database,65.3,62.8,4,1.8,77.7,89.9,57.6,65.3,21,Easy,59.4,74.6,2025-10-02 04:00:00
STU00042,Web Development,73.2,73.6,5,3.3,71.3,98.1,65.3,73.2,17,Medium,62.4,75.5,2025-10-06 04:00:00
STU00042,Python,62.9,61.7,6,3.9,71.2,95.2,73.2,62.9,14,Medium,59.4,79.9,2025-10-10 08:00:00
STU00042,Data Structures,59.5,61.5,7,3.6,71.1,91.5,62.9,59.5,22,Easy,59.0,72.7,2025-10-14 02:00:00
STU00042,Algorithms,52.6,46.4,8,3.7,60.2,94.4,59.5,52.6,14,Hard,67.1,80.9,2025-10-18 05:00:00
STU00042,Database,55.3,53.3,9,1.8,70.7,95.5,52.6,55.3,22,Hard,63.7,80.0,2025-10-22 08:00:00
STU00042,Web Development,70.8,71.7,10,2.0,65.4,97.6,55.3,70.8,18,Easy,66.3,80.2,2025-10-26 02:00:00
STU00042,Python,68.6,69.5,11,2.0,72.0,97.9,70.8,68.6,23,Easy,61.4,78.9,2025-10-30 01:00:00
STU00042,Data Structures,66.9,65.9,12,1.6,68.0,96.5,68.6,66.9,11,Medium,62.0,87.3,2025-11-03 07:00:00
STU00042,Algorithms,60.4,66.5,13,2.2,73.1,100.0,66.9,60.4,19,Easy,59.2,74.4,2025-11-07 05:00:00
STU00042,Database,50.9,51.0,14,2.7,65.6,100.0,60.4,50.9,15,Medium,66.2,84.4,2025-11-11 03:00:00
STU00042,Web Development,82.0,81.6,15,2.7,65.7,97.2,50.9,82.0,16,Easy,65.1,77.4,2025-11-15 01:00:00
STU00042,Python,62.0,63.7,16,2.1,75.6,99.7,82.0,62.0,17,Medium,65.8,74.9,2025-11-19 03:00:00
STU00042,Data Structures,76.3,73.1,17,2.3,61.8,95.2,62.0,76.3,25,Medium,63.1,83.7,2025-11-23 06:00:00
STU00042,Algorithms,70.2,67.6,18,2.8,60.8,88.1,76.3,70.2,23,Medium,67.9,83.1,2025-11-27 01:00:00
STU00042,Database,77.6,68.2,19,2.4,76.0,96.0,70.2,77.6,21,Easy,59.1,84.2,2025-12-01 04:00:00
STU00042,Web Development,70.8,69.3,20,3.1,55.5,92.5,77.6,70.8,24,Hard,67.3,86.9,2025-12-05 06:00:00
STU00043,Python,41.4,41.2,1,3.8,99.9,99.8,32.2,41.4,24,Medium,51.7,60.7,2025-09-19 03:00:00
STU00043,Data Structures,53.5,54.0,2,1.6,92.6,100.0,41.4,53.5,9,Easy,45.8,61.9,2025-09-23 06:00:00
STU00043,Algorithms,48.7,45.9,3,2.2,99.9,90.4,53.5,48.7,25,Medium,47.1,63.3,2025-09-27 05:00:00
STU00043,Database,51.2,48.4,4,2.2,107.3,96.9,48.7,51.2,15,Easy,48.3,56.6,2025-10-01 07:00:00
STU00043,Web Development,57.4,61.6,5,3.0,96.2,98.8,51.2,57.4,18,Easy,46.9,59.8,2025-10-05 04:00:00
STU00043,Python,51.1,48.7,6,2.2,99.5,93.0,57.4,51.1,13,Easy,40.4,67.6,2025-10-09 07:00:00
STU00043,Data Structures,51.1,54.4,7,3.2,89.7,97.9,51.1,51.1,22,Easy,42.6,63.8,2025-10-13 01:00:00
STU00043,Algorithms,37.9,39.2,8,1.9,102.6,91.1,51.1,37.9,24,Hard,42.3,65.9,2025-10-17 05:00:00
STU00043,Database,66.8,63.6,9,2.7,92.8,90.2,37.9,66.8,9,Easy,48.9,63.5,2025-10-21 02:00:00
STU00043,Web Development,56.3,53.0,10,2.3,102.6,97.5,66.8,56.3,24,Easy,46.1,60.5,2025-10-25 04:00:00
STU00043,Python,47.0,47.3,11,3.7,90.0,93.2,56.3,47.0,17,Medium,44.4,52.6,2025-10-29 08:00:00
STU00043,Data Structures,54.3,53.6,12,3.7,88.4,94.6,47.0,54.3,11,Medium,38.7,63.1,2025-11-02 08:00:00
STU00043,Algorithms,59.6,56.3,13,2.0,92.0,100.0,54.3,59.6,16,Easy,48.8,56.4,2025-11-06 02:00:00
STU00043,Database,64.0,58.9,14,3.1,96.1,100.0,59.6,64.0,25,Medium,47.6,66.2,2025-11-10 05:00:00
STU00043,Web Development,49.8,49.6,15,2.5,89.3,93.2,64.0,49.8,21,Medium,47.1,59.8,2025-11-14 05:00:00
STU00043,Python,50.9,50.7,16,3.1,97.7,91.5,49.8,50.9,9,Medium,49.3,59.8,2025-11-18 03:00:00
STU00043,Data Structures,63.0,54.6,17,2.4,94.8,91.3,50.9,63.0,19,Medium,50.2,59.1,2025-11-22 02:00:00
STU00043,Algorithms,48.9,52.1,18,2.6,94.3,93.3,63.0,48.9,17,Easy,47.5,61.2,2025-11-26 08:00:00
STU00043,Database,55.9,59.2,19,3.8,92.1,90.2,48.9,55.9,12,Easy,44.5,56.8,2025-11-30 06:00:00
STU00043,Web Development,58.6,58.3,20,3.3,90.3,100.0,55.9,58.6,23,Medium,50.4,60.0,2025-12-04 04:00:00
STU00044,Python,47.5,51.6,1,3.6,110.2,93.4,45.0,47.5,22,Medium,49.4,53.5,2025-09-13 04:00:00
STU00044,Data Structures,65.1,67.0,2,3.4,98.5,97.0,47.5,65.1,14,Easy,58.8,45.7,2025-09-17 02:00:00
STU00044,Algorithms,68.0,69.8,3,2.5,102.6,94.6,65.1,68.0,13,Easy,53.8,36.0,2025-09-21 08:00:00
STU00044,Database,60.1,63.2,4,2.4,114.6,90.4,68.0,60.1,10,Easy,52.8,47.3,2025-09-25 02:00:00
STU00044,Web Development,48.5,48.6,5,2.7,112.1,96.6,60.1,48.5,8,Medium,59.5,54.6,2025-09-29 05:00:00
STU00044,Python,58.3,59.6,6,2.2,100.3,94.4,48.5,58.3,24,Easy,62.3,43.2,2025-10-03 07:00:00
STU00044,Data Structures,67.0,69.5,7,3.8,112.9,94.4,58.3,67.0,9,Medium,56.4,47.9,2025-10-07 06:00:00
STU00044,Algorithms,61.4,56.1,8,2.3,105.4,86.2,67.0,61.4,9,Hard,58.1,46.8,2025-10-11 01:00:00
STU00044,Database,58.8,56.3,9,3.8,109.8,92.0,61.4,58.8,12,Easy,57.8,46.4,2025-10-15 01:00:00
STU00044,Web Development,52.2,49.4,10,3.5,107.3,93.0,58.8,52.2,9,Medium,64.9,46.4,2025-10-19 04:00:00
STU00044,Python,49.7,54.2,11,2.9,112.3,97.2,52.2,49.7,12,Medium,54.2,47.0,2025-10-23 03:00:00
STU00044,Data Structures,59.7,64.0,12,2.4,96.7,100.0,49.7,59.7,15,Easy,58.6,50.5,2025-10-27 04:00:00
STU00044,Algorithms,65.0,68.5,13,1.6,106.3,87.3,59.7,65.0,15,Medium,58.6,43.7,2025-10-31 03:00:00
STU00044,Database,60.8,57.1,14,3.7,106.6,95.0,65.0,60.8,20,Medium,56.0,45.5,2025-11-04 02:00:00
STU00044,Web Development,69.0,64.5,15,3.5,110.8,90.3,60.8,69.0,22,Easy,55.8,35.9,2025-11-08 05:00:00
STU00044,Python,48.9,50.5,16,2.9,107.6,97.3,69.0,48.9,21,Hard,56.5,39.8,2025-11-12 05:00:00
STU00044,Data Structures,76.6,79.7,17,2.3,97.9,94.3,48.9,76.6,12,Easy,60.9,45.9,2025-11-16 08:00:00
STU00044,Algorithms,73.0,70.7,18,1.6,101.2,98.9,76.6,73.0,10,Medium,65.3,48.1,2025-11-20 07:00:00
STU00044,Database,64.9,64.3,19,2.0,103.0,98.9,73.0,64.9,9,Medium,57.5,44.4,2025-11-24 06:00:00
STU00044,Web Development,49.9,52.6,20,3.6,99.2,100.0,64.9,49.9,14,Hard,58.2,41.6,2025-11-28 07:00:00
STU00045,Python,64.0,56.4,1,2.7,116.7,94.9,41.4,64.0,8,Medium,55.0,62.5,2025-09-19 05:00:00
STU00045,Data Structures,64.3,65.0,2,2.5,107.9,92.5,64.0,64.3,16,Easy,57.6,49.4,2025-09-23 01:00:00
STU00045,Algorithms,69.6,67.5,3,1.9,105.6,96.0,64.3,69.6,22,Easy,59.8,57.4,2025-09-27 04:00:00
STU00045,Database,64.6,61.5,4,2.9,117.8,93.8,69.6,64.6,16,Medium,56.5,53.4,2025-10-01 08:00:00
STU00045,Web Development,77.4,74.1,5,1.6,112.6,95.7,64.6,77.4,24,Easy,59.5,52.5,2025-10-05 01:00:00
STU00045,Python,67.3,70.1,6,3.9,123.2,95.8,77.4,67.3,19,Medium,55.0,56.2,2025-10-09 04:00:00
STU00045,Data Structures,66.2,65.0,7,2.1,109.0,98.4,67.3,66.2,21,Easy,59.9,58.4,2025-10-13 05:00:00
STU00045,Algorithms,68.5,71.1,8,2.5,107.3,91.3,66.2,68.5,17,Easy,54.4,54.9,2025-10-17 01:00:00
STU00045,Database,57.2,58.0,9,2.0,107.7,100.0,68.5,57.2,24,Easy,57.5,50.4,2025-10-21 04:00:00
STU00045,Web Development,70.2,71.6,10,3.4,101.5,87.0,57.2,70.2,15,Easy,43.3,51.0,2025-10-25 07:00:00
STU00045,Python,60.7,64.4,11,3.0,107.2,90.9,70.2,60.7,18,Medium,55.2,64.1,2025-10-29 05:00:00
STU00045,Data Structures,54.3,62.2,12,2.1,104.1,100.0,60.7,54.3,15,Hard,46.7,60.0,2025-11-02 07:00:00
STU00045,Algorithms,62.9,63.1,13,3.1,105.1,92.3,54.3,62.9,21,Easy,57.1,64.0,2025-11-06 03:00:00
STU00045,Database,51.1,53.5,14,3.2,102.0,90.6,62.9,51.1,18,Hard,55.5,58.1,2025-11-10 07:00:00
STU00045,Web Development,59.3,59.1,15,2.0,113.4,99.0,51.1,59.3,13,Medium,58.4,58.7,2025-11-14 08:00:00
STU00045,Python,65.4,64.7,16,3.2,113.7,94.9,59.3,65.4,24,Medium,63.7,52.3,2025-11-18 06:00:00
STU00045,Data Structures,78.7,76.2,17,2.3,110.9,91.8,65.4,78.7,11,Easy,57.4,56.5,2025-11-22 06:00:00
STU00045,Algorithms,56.7,60.3,18,2.6,107.9,88.8,78.7,56.7,13,Hard,55.3,51.3,2025-11-26 02:00:00
STU00045,Database,53.6,56.1,19,2.6,109.0,97.3,56.7,53.6,16,Easy,57.8,55.9,2025-11-30 05:00:00
STU00045,Web Development,62.6,63.0,20,2.8,114.7,93.6,53.6,62.6,20,Medium,55.1,58.8,2025-12-04 03:00:00
STU00046,Python,97.5,91.0,1,4.5,52.7,85.9,82.5,97.5,16,Medium,88.2,93.1,2025-09-14 03:00:00
STU00046,Data Structures,99.1,100.0,2,4.0,63.4,95.3,97.5,99.1,8,Easy,84.2,93.3,2025-09-18 07:00:00
STU00046,Algorithms,93.7,95.9,3,2.3,48.9,87.6,99.1,93.7,22,Medium,90.0,88.0,2025-09-22 02:00:00
STU00046,Database,86.1,87.6,4,2.9,60.8,98.4,93.7,86.1,10,Hard,84.2,95.2,2025-09-26 05:00:00
STU00046,Web Development,92.0,93.0,5,3.7,52.7,94.3,86.1,92.0,11,Medium,92.9,88.0,2025-09-30 06:00:00
STU00046,Python,96.4,100.0,6,4.4,48.2,92.8,92.0,96.4,20,Easy,88.4,88.9,2025-10-04 04:00:00
STU00046,Data Structures,95.5,100.0,7,2.7,55.6,100.0,96.4,95.5,24,Easy,90.6,85.8,2025-10-08 01:00:00
STU00046,Algorithms,88.4,91.4,8,2.1,47.9,89.9,95.5,88.4,15,Medium,83.5,87.5,2025-10-12 03:00:00
STU00046,Database,91.3,94.4,9,3.2,44.7,91.1,88.4,91.3,25,Hard,84.7,91.2,2025-10-16 02:00:00
STU00046,Web Development,86.1,89.2,10,3.1,50.0,99.2,91.3,86.1,13,Hard,83.0,91.7,2025-10-20 02:00:00
STU00046,Python,100.0,100.0,11,4.1,56.0,90.9,86.1,100.0,15,Easy,89.6,91.5,2025-10-24 04:00:00
STU00046,Data Structures,100.0,100.0,12,2.7,47.1,98.6,100.0,100.0,22,Hard,83.7,92.4,2025-10-28 01:00:00
STU00046,Algorithms,100.0,100.0,13,2.8,42.9,97.8,100.0,100.0,13,Easy,79.7,89.4,2025-11-01 02:00:00
STU00046,Database,92.6,89.0,14,2.0,47.7,87.9,100.0,92.6,10,Hard,87.1,87.4,2025-11-05 06:00:00
STU00046,Web Development,91.8,94.8,15,2.9,50.6,97.2,92.6,91.8,25,Medium,81.4,94.8,2025-11-09 05:00:00
STU00046,Python,100.0,100.0,16,3.8,49.6,94.6,91.8,100.0,8,Medium,86.6,86.1,2025-11-13 07:00:00
STU00046,Data Structures,100.0,100.0,17,3.6,50.2,94.0,100.0,100.0,11,Medium,88.0,87.4,2025-11-17 07:00:00
STU00046,Algorithms,100.0,100.0,18,2.2,46.4,88.3,100.0,100.0,21,Easy,93.0,91.8,2025-11-21 03:00:00
STU00046,Database,100.0,100.0,19,4.1,49.9,90.9,100.0,100.0,8,Easy,85.0,95.2,2025-11-25 02:00:00
STU00046,Web Development,100.0,100.0,20,2.2,55.6,93.9,100.0,100.0,23,Easy,85.1,97.1,2025-11-29 04:00:00
STU00047,Python,84.7,80.0,1,3.9,81.0,96.4,65.2,84.7,23,Medium,68.9,80.2,2025-09-19 07:00:00
STU00047,Data Structures,74.0,77.8,2,2.1,78.3,92.0,84.7,74.0,17,Medium,69.8,73.6,2025-09-23 01:00:00
STU00047,Algorithms,86.6,86.4,3,3.2,77.9,87.9,74.0,86.6,25,Easy,60.1,81.2,2025-09-27 04:00:00
STU00047,Database,67.9,68.4,4,4.0,79.7,95.9,86.6,67.9,10,Easy,65.5,85.9,2025-10-01 03:00:00
STU00047,Web Development,93.9,88.2,5,1.8,82.8,91.9,67.9,93.9,24,Medium,63.6,81.7,2025-10-05 07:00:00
STU00047,Python,88.0,87.0,6,3.8,74.0,90.6,93.9,88.0,19,Easy,68.0,80.2,2025-10-09 05:00:00
STU00047,Data Structures,72.0,75.1,7,2.8,77.2,99.5,88.0,72.0,18,Medium,76.0,78.4,2025-10-13 03:00:00
STU00047,Algorithms,86.3,85.9,8,1.9,57.6,97.3,72.0,86.3,8,Easy,69.3,83.6,2025-10-17 02:00:00
STU00047,Database,77.8,76.5,9,1.9,72.2,99.1,86.3,77.8,15,Medium,69.9,81.7,2025-10-21 04:00:00
STU00047,Web Development,95.3,98.2,10,2.3,71.2,92.1,77.8,95.3,16,Easy,64.9,79.0,2025-10-25 04:00:00
STU00047,Python,88.3,90.7,11,2.2,85.3,99.3,95.3,88.3,20,Easy,66.9,87.2,2025-10-29 05:00:00
STU00047,Data Structures,64.9,69.3,12,2.0,79.6,95.0,88.3,64.9,14,Hard,76.3,85.1,2025-11-02 03:00:00
STU00047,Algorithms,92.1,92.1,13,3.9,82.8,100.0,64.9,92.1,21,Easy,68.4,78.1,2025-11-06 02:00:00
STU00047,Database,75.7,80.3,14,2.4,78.5,92.0,92.1,75.7,10,Easy,76.0,76.0,2025-11-10 03:00:00
STU00047,Web Development,76.9,82.5,15,2.9,63.6,95.4,75.7,76.9,11,Hard,66.3,79.7,2025-11-14 06:00:00
STU00047,Python,95.9,100.0,16,2.4,66.4,97.5,76.9,95.9,14,Easy,68.4,82.9,2025-11-18 01:00:00
STU00047,Data Structures,94.3,90.6,17,2.3,86.6,90.3,95.9,94.3,24,Easy,75.1,78.6,2025-11-22 01:00:00
STU00047,Algorithms,84.0,78.1,18,3.3,73.8,96.4,94.3,84.0,8,Medium,76.2,74.2,2025-11-26 08:00:00
STU00047,Database,78.0,81.5,19,3.5,75.9,95.2,84.0,78.0,12,Medium,69.6,78.8,2025-11-30 03:00:00
STU00047,Web Development,100.0,100.0,20,3.3,68.2,100.0,78.0,100.0,16,Easy,72.9,80.9,2025-12-04 01:00:00
STU00048,Python,82.3,85.5,1,3.3,88.0,97.2,55.0,82.3,16,Medium,53.6,76.4,2025-09-18 07:00:00
STU00048,Data Structures,83.8,84.0,2,2.2,78.8,97.9,82.3,83.8,10,Easy,54.3,78.5,2025-09-22 02:00:00
STU00048,Algorithms,68.0,66.6,3,3.1,85.7,95.3,83.8,68.0,8,Hard,59.2,84.1,2025-09-26 02:00:00
STU00048,Database,60.1,55.9,4,3.9,87.9,90.0,68.0,60.1,12,Hard,56.9,83.9,2025-09-30 05:00:00
STU00048,Web Development,83.8,81.8,5,2.0,84.6,93.3,60.1,83.8,17,Easy,58.1,84.6,2025-10-04 02:00:00
STU00048,Python,85.9,82.4,6,2.6,73.5,89.5,83.8,85.9,9,Medium,63.4,78.6,2025-10-08 03:00:00
STU00048,Data Structures,76.2,78.8,7,3.5,82.7,92.4,85.9,76.2,24,Medium,52.1,78.2,2025-10-12 05:00:00
STU00048,Algorithms,83.0,79.6,8,1.6,87.0,98.9,76.2,83.0,13,Easy,53.9,81.0,2025-10-16 06:00:00
STU00048,Database,70.6,71.0,9,3.3,72.6,89.1,83.0,70.6,8,Easy,60.8,84.1,2025-10-20 06:00:00
STU00048,Web Development,80.7,82.0,10,2.7,81.8,95.8,70.6,80.7,22,Medium,53.3,76.8,2025-10-24 07:00:00
STU00048,Python,81.5,85.5,11,2.7,79.5,95.7,80.7,81.5,15,Medium,59.1,71.7,2025-10-28 02:00:00
STU00048,Data Structures,87.0,87.9,12,1.6,65.9,94.3,81.5,87.0,24,Medium,61.8,90.4,2025-11-01 03:00:00
STU00048,Algorithms,88.4,90.4,13,2.3,81.4,87.8,87.0,88.4,22,Easy,54.9,83.0,2025-11-05 03:00:00
STU00048,Database,73.4,71.6,14,3.6,71.7,97.5,88.4,73.4,12,Easy,55.3,73.2,2025-11-09 06:00:00
STU00048,Web Development,92.0,89.8,15,2.5,82.1,99.4,73.4,92.0,20,Easy,61.4,74.8,2025-11-13 02:00:00
STU00048,Python,95.9,97.1,16,2.3,78.0,100.0,92.0,95.9,21,Easy,54.3,77.4,2025-11-17 06:00:00
STU00048,Data Structures,82.8,83.9,17,3.0,78.9,91.2,95.9,82.8,18,Medium,58.2,80.3,2025-11-21 07:00:00
STU00048,Algorithms,74.2,72.7,18,2.0,73.3,96.4,82.8,74.2,13,Hard,55.5,81.7,2025-11-25 07:00:00
STU00048,Database,78.0,70.5,19,1.9,73.0,97.9,74.2,78.0,11,Medium,56.8,80.6,2025-11-29 02:00:00
STU00048,Web Development,83.1,84.8,20,1.8,69.7,94.7,78.0,83.1,8,Medium,48.3,81.1,2025-12-03 07:00:00
STU00049,Python,68.8,74.9,1,1.7,85.0,95.4,51.8,68.8,16,Easy,59.7,84.5,2025-09-16 08:00:00
STU00049,Data Structures,81.2,79.7,2,2.7,78.0,96.7,68.8,81.2,19,Medium,57.3,81.2,2025-09-20 05:00:00
STU00049,Algorithms,65.7,63.2,3,2.5,65.5,96.1,81.2,65.7,9,Medium,54.2,75.5,2025-09-24 01:00:00
STU00049,Database,75.5,72.2,4,1.8,74.2,98.7,65.7,75.5,16,Medium,54.8,81.3,2025-09-28 04:00:00
STU00049,Web Development,66.4,68.7,5,2.9,74.4,95.9,75.5,66.4,9,Hard,64.0,86.4,2025-10-02 02:00:00
STU00049,Python,89.0,85.7,6,3.4,67.7,95.4,66.4,89.0,16,Easy,56.1,71.1,2025-10-06 02:00:00
STU00049,Data Structures,76.9,75.6,7,2.2,67.0,99.5,89.0,76.9,15,Medium,56.9,76.4,2025-10-10 08:00:00
STU00049,Algorithms,76.1,71.6,8,2.0,66.5,95.0,76.9,76.1,20,Easy,62.4,74.4,2025-10-14 05:00:00
STU00049,Database,73.0,77.3,9,2.2,59.0,96.7,76.1,73.0,18,Easy,59.7,79.3,2025-10-18 06:00:00
STU00049,Web Development,71.8,75.9,10,2.7,61.3,97.6,73.0,71.8,25,Easy,50.2,83.5,2025-10-22 01:00:00
STU00049,Python,77.2,78.7,11,3.6,61.4,95.0,71.8,77.2,13,Easy,55.9,74.9,2025-10-26 01:00:00
STU00049,Data Structures,81.9,80.3,12,4.0,76.7,98.3,77.2,81.9,24,Medium,55.1,80.0,2025-10-30 06:00:00
STU00049,Algorithms,74.3,71.0,13,3.1,62.4,93.4,81.9,74.3,8,Medium,57.3,74.3,2025-11-03 08:00:00
STU00049,Database,61.0,61.7,14,3.9,72.5,97.8,74.3,61.0,14,Hard,62.5,77.4,2025-11-07 03:00:00
STU00049,Web Development,77.0,77.8,15,2.9,64.3,97.2,61.0,77.0,16,Hard,55.7,81.1,2025-11-11 02:00:00
STU00049,Python,69.7,72.9,16,2.8,62.6,94.4,77.0,69.7,20,Medium,52.9,77.8,2025-11-15 08:00:00
STU00049,Data Structures,85.3,85.2,17,3.6,66.7,89.2,69.7,85.3,11,Easy,53.0,81.5,2025-11-19 07:00:00
STU00049,Algorithms,68.4,69.5,18,3.0,74.7,95.0,85.3,68.4,21,Medium,60.7,76.4,2025-11-23 04:00:00
STU00049,Database,71.4,78.2,19,1.6,57.8,90.8,68.4,71.4,20,Easy,49.8,75.1,2025-11-27 03:00:00
STU00049,Web Development,80.7,77.3,20,3.3,66.7,97.0,71.4,80.7,10,Medium,59.5,75.9,2025-12-01 08:00:00
STU00050,Python,68.5,73.0,1,2.5,64.3,94.4,61.2,68.5,20,Medium,62.3,70.9,2025-09-10 05:00:00
STU00050,Data Structures,64.1,68.1,2,4.0,69.3,90.8,68.5,64.1,9,Hard,57.5,73.0,2025-09-14 01:00:00
STU00050,Algorithms,80.1,80.4,3,2.6,72.8,96.6,64.1,80.1,16,Easy,58.8,63.9,2025-09-18 02:00:00
STU00050,Database,79.1,80.5,4,2.1,65.7,95.3,80.1,79.1,18,Medium,57.6,67.9,2025-09-22 08:00:00
STU00050,Web Development,84.0,80.2,5,2.3,65.4,95.9,79.1,84.0,16,Medium,52.9,65.3,2025-09-26 03:00:00
STU00050,Python,75.3,77.9,6,3.3,67.1,100.0,84.0,75.3,17,Medium,54.3,69.8,2025-09-30 05:00:00
STU00050,Data Structures,91.9,88.9,7,3.6,69.1,97.9,75.3,91.9,14,Easy,56.6,68.0,2025-10-04 01:00:00
STU00050,Algorithms,78.2,88.2,8,2.5,66.4,93.3,91.9,78.2,19,Easy,55.2,64.9,2025-10-08 06:00:00
STU00050,Database,86.8,88.7,9,3.7,62.7,95.5,78.2,86.8,20,Medium,68.2,70.0,2025-10-12 06:00:00
STU00050,Web Development,95.4,92.1,10,3.3,72.6,96.8,86.8,95.4,23,Easy,50.0,71.3,2025-10-16 01:00:00
STU00050,Python,76.2,79.8,11,2.1,70.7,100.0,95.4,76.2,20,Medium,51.6,62.1,2025-10-20 02:00:00
STU00050,Data Structures,88.2,91.3,12,1.7,69.5,90.8,76.2,88.2,24,Easy,58.6,72.2,2025-10-24 03:00:00
STU00050,Algorithms,90.5,85.9,13,2.6,76.1,96.4,88.2,90.5,25,Medium,57.4,75.6,2025-10-28 02:00:00
STU00050,Database,76.9,75.0,14,2.1,69.8,90.5,90.5,76.9,11,Hard,51.7,67.5,2025-11-01 06:00:00
STU00050,Web Development,80.6,80.2,15,2.7,75.9,98.1,76.9,80.6,23,Medium,58.4,69.6,2025-11-05 07:00:00
STU00050,Python,70.6,74.0,16,2.0,72.0,89.8,80.6,70.6,22,Hard,61.6,69.0,2025-11-09 07:00:00
STU00050,Data Structures,88.5,85.3,17,2.8,72.5,94.0,70.6,88.5,25,Medium,58.6,72.3,2025-11-13 05:00:00
STU00050,Algorithms,82.3,84.2,18,1.5,74.5,92.0,88.5,82.3,23,Medium,59.3,70.4,2025-11-17 07:00:00
STU00050,Database,85.2,87.3,19,3.2,70.6,92.6,82.3,85.2,11,Medium,58.8,66.4,2025-11-21 05:00:00
STU00050,Web Development,98.5,97.0,20,3.0,63.8,94.0,85.2,98.5,13,Easy,60.0,72.9,2025-11-25 03:00:00
STU00051,Python,57.3,52.8,1,3.6,83.3,98.1,32.9,57.3,20,Medium,59.7,60.6,2025-09-20 07:00:00
STU00051,Data Structures,59.9,61.2,2,2.6,83.5,100.0,57.3,59.9,14,Easy,61.3,67.2,2025-09-24 05:00:00
STU00051,Algorithms,55.1,53.8,3,2.9,84.4,87.9,59.9,55.1,24,Medium,56.6,62.2,2025-09-28 02:00:00
STU00051,Database,49.1,48.5,4,2.7,86.7,94.8,55.1,49.1,20,Easy,56.3,53.0,2025-10-02 08:00:00
STU00051,Web Development,65.4,65.9,5,1.6,79.9,99.2,49.1,65.4,22,Easy,61.3,60.2,2025-10-06 03:00:00
STU00051,Python,53.8,54.5,6,3.6,90.4,91.2,65.4,53.8,14,Hard,55.6,59.4,2025-10-10 06:00:00
STU00051,Data Structures,63.7,60.0,7,2.2,94.0,95.9,53.8,63.7,10,Medium,63.9,56.5,2025-10-14 06:00:00
STU00051,Algorithms,47.5,52.4,8,2.0,82.3,97.6,63.7,47.5,19,Hard,56.6,66.3,2025-10-18 05:00:00
STU00051,Database,60.2,60.0,9,2.5,77.7,97.8,47.5,60.2,9,Easy,60.3,59.8,2025-10-22 06:00:00
STU00051,Web Development,73.2,72.5,10,3.5,85.4,90.5,60.2,73.2,18,Easy,55.3,56.2,2025-10-26 02:00:00
STU00051,Python,44.2,45.3,11,3.6,94.2,99.7,73.2,44.2,14,Hard,59.7,54.2,2025-10-30 07:00:00
STU00051,Data Structures,65.1,71.3,12,1.9,81.3,97.2,44.2,65.1,18,Medium,52.9,63.0,2025-11-03 07:00:00
STU00051,Algorithms,55.8,51.8,13,2.5,88.4,95.2,65.1,55.8,12,Hard,59.5,63.9,2025-11-07 06:00:00
STU00051,Database,62.6,57.3,14,3.8,89.7,91.1,55.8,62.6,12,Medium,60.5,63.1,2025-11-11 05:00:00
STU00051,Web Development,57.6,61.1,15,3.4,69.5,92.5,62.6,57.6,18,Easy,65.9,54.4,2025-11-15 04:00:00
STU00051,Python,66.7,66.8,16,3.8,83.6,94.1,57.6,66.7,22,Easy,66.6,67.8,2025-11-19 01:00:00
STU00051,Data Structures,62.1,65.0,17,2.6,78.0,96.6,66.7,62.1,20,Medium,57.9,59.9,2025-11-23 03:00:00
STU00051,Algorithms,61.9,62.1,18,2.0,90.8,92.6,62.1,61.9,19,Medium,59.6,57.6,2025-11-27 04:00:00
STU00051,Database,53.3,53.4,19,2.8,84.3,94.8,61.9,53.3,20,Easy,61.0,57.2,2025-12-01 02:00:00
STU00051,Web Development,75.2,77.9,20,3.6,72.1,100.0,53.3,75.2,10,Easy,55.4,55.1,2025-12-05 08:00:00
STU00052,Python,96.7,100.0,1,2.9,46.3,96.2,77.9,96.7,13,Easy,82.9,97.8,2025-09-20 03:00:00
STU00052,Data Structures,100.0,96.1,2,2.3,52.8,99.0,96.7,100.0,17,Medium,77.5,95.7,2025-09-24 05:00:00
STU00052,Algorithms,91.3,91.2,3,3.2,49.0,92.8,100.0,91.3,21,Medium,84.4,94.6,2025-09-28 03:00:00
STU00052,Database,99.2,100.0,4,4.5,54.4,98.0,91.3,99.2,21,Easy,83.7,89.6,2025-10-02 03:00:00
STU00052,Web Development,90.3,90.3,5,4.2,48.1,98.5,99.2,90.3,25,Hard,77.0,97.6,2025-10-06 02:00:00
STU00052,Python,98.4,100.0,6,2.5,57.9,100.0,90.3,98.4,15,Medium,77.1,87.9,2025-10-10 07:00:00
STU00052,Data Structures,100.0,99.8,7,3.8,45.0,100.0,98.4,100.0,22,Easy,78.3,89.2,2025-10-14 05:00:00
STU00052,Algorithms,88.5,86.4,8,3.4,50.0,94.6,100.0,88.5,20,Medium,75.9,88.2,2025-10-18 03:00:00
STU00052,Database,98.1,100.0,9,3.0,54.4,95.3,88.5,98.1,19,Easy,83.8,100.0,2025-10-22 07:00:00
STU00052,Web Development,87.8,90.4,10,2.3,46.3,100.0,98.1,87.8,18,Medium,76.3,100.0,2025-10-26 05:00:00
STU00052,Python,96.7,100.0,11,2.2,52.9,89.7,87.8,96.7,16,Easy,84.2,94.9,2025-10-30 01:00:00
STU00052,Data Structures,90.6,87.3,12,2.3,43.3,94.0,96.7,90.6,19,Hard,79.2,97.5,2025-11-03 02:00:00
STU00052,Algorithms,97.4,92.3,13,4.2,42.5,94.8,90.6,97.4,15,Hard,81.1,90.8,2025-11-07 06:00:00
STU00052,Database,97.0,98.4,14,2.1,38.7,94.0,97.4,97.0,24,Medium,81.9,95.5,2025-11-11 03:00:00
STU00052,Web Development,100.0,100.0,15,3.8,31.1,92.5,97.0,100.0,21,Medium,82.7,90.9,2025-11-15 07:00:00
STU00052,Python,98.9,100.0,16,3.2,54.4,100.0,100.0,98.9,8,Easy,86.3,96.3,2025-11-19 05:00:00
STU00052,Data Structures,99.4,100.0,17,3.9,49.8,98.5,98.9,99.4,13,Easy,81.3,86.2,2025-11-23 04:00:00
STU00052,Algorithms,96.7,94.7,18,2.6,44.7,97.3,99.4,96.7,16,Easy,83.3,96.6,2025-11-27 03:00:00
STU00052,Database,100.0,100.0,19,3.6,39.9,94.4,96.7,100.0,23,Easy,81.2,97.7,2025-12-01 02:00:00
STU00052,Web Development,100.0,100.0,20,3.9,42.9,87.0,100.0,100.0,9,Medium,74.5,99.2,2025-12-05 02:00:00
STU00053,Python,65.1,68.1,1,1.6,72.1,99.2,56.8,65.1,16,Medium,77.0,73.8,2025-09-16 06:00:00
STU00053,Data Structures,67.7,67.8,2,1.8,65.2,92.2,65.1,67.7,23,Medium,73.1,81.3,2025-09-20 05:00:00
STU00053,Algorithms,71.2,74.9,3,3.6,58.3,98.4,67.7,71.2,20,Easy,74.2,77.6,2025-09-24 02:00:00
STU00053,Database,59.5,62.3,4,3.2,68.9,92.6,71.2,59.5,20,Medium,72.1,75.9,2025-09-28 08:00:00
STU00053,Web Development,57.6,58.6,5,3.5,55.9,90.0,59.5,57.6,8,Hard,72.8,79.5,2025-10-02 06:00:00
STU00053,Python,74.9,79.5,6,3.6,62.3,100.0,57.6,74.9,19,Easy,66.1,85.4,2025-10-06 05:00:00
STU00053,Data Structures,57.1,54.7,7,2.2,64.6,92.4,74.9,57.1,25,Medium,68.4,71.8,2025-10-10 06:00:00
STU00053,Algorithms,70.1,70.1,8,2.4,52.6,93.3,57.1,70.1,15,Medium,70.9,80.2,2025-10-14 02:00:00
STU00053,Database,61.4,61.4,9,2.5,61.9,100.0,70.1,61.4,19,Medium,70.1,80.7,2025-10-18 06:00:00
STU00053,Web Development,80.2,78.9,10,3.0,69.1,91.6,61.4,80.2,25,Medium,70.8,82.0,2025-10-22 03:00:00
STU00053,Python,81.0,79.8,11,3.0,66.0,92.2,80.2,81.0,16,Easy,74.5,80.0,2025-10-26 06:00:00
STU00053,Data Structures,89.3,84.8,12,3.5,64.6,92.8,81.0,89.3,10,Easy,71.0,79.6,2025-10-30 01:00:00
STU00053,Algorithms,79.0,79.0,13,2.1,61.1,92.4,89.3,79.0,15,Easy,65.5,79.7,2025-11-03 03:00:00
STU00053,Database,76.1,75.6,14,3.6,55.6,97.6,79.0,76.1,14,Easy,65.7,81.1,2025-11-07 07:00:00
STU00053,Web Development,88.1,88.8,15,3.3,70.8,94.2,76.1,88.1,16,Medium,68.9,78.7,2025-11-11 04:00:00
STU00053,Python,81.1,81.5,16,3.6,66.0,94.7,88.1,81.1,25,Easy,70.7,76.2,2025-11-15 08:00:00
STU00053,Data Structures,68.6,70.5,17,2.4,57.3,84.5,81.1,68.6,15,Medium,67.2,78.2,2025-11-19 01:00:00
STU00053,Algorithms,74.6,75.2,18,4.0,67.3,95.6,68.6,74.6,9,Medium,75.9,74.3,2025-11-23 03:00:00
STU00053,Database,74.9,75.6,19,2.1,62.1,94.4,74.6,74.9,23,Easy,66.1,79.9,2025-11-27 03:00:00
STU00053,Web Development,67.9,66.8,20,3.2,57.6,99.5,74.9,67.9,24,Hard,74.4,76.3,2025-12-01 06:00:00
STU00054,Python,67.1,65.4,1,3.1,78.6,95.1,46.9,67.1,10,Medium,55.1,58.9,2025-09-11 07:00:00
STU00054,Data Structures,46.5,45.6,2,2.0,80.1,97.3,67.1,46.5,21,Medium,55.2,53.4,2025-09-15 03:00:00
STU00054,Algorithms,58.3,54.8,3,1.7,78.9,95.5,46.5,58.3,16,Easy,57.2,57.3,2025-09-19 01:00:00
STU00054,Database,70.7,70.6,4,1.5,79.0,98.0,58.3,70.7,19,Medium,58.1,48.9,2025-09-23 04:00:00
STU00054,Web Development,43.5,45.3,5,1.7,79.4,92.9,70.7,43.5,19,Medium,44.2,52.8,2025-09-27 03:00:00
STU00054,Python,63.1,61.7,6,3.8,88.4,90.4,43.5,63.1,11,Medium,53.0,53.4,2025-10-01 05:00:00
STU00054,Data Structures,57.8,58.8,7,1.7,81.4,97.2,63.1,57.8,18,Easy,60.2,53.1,2025-10-05 07:00:00
STU00054,Algorithms,55.3,56.3,8,2.1,89.2,100.0,57.8,55.3,23,Medium,53.3,60.4,2025-10-09 06:00:00
STU00054,Database,61.4,60.7,9,3.1,79.4,89.7,55.3,61.4,24,Easy,56.7,59.8,2025-10-13 07:00:00
STU00054,Web Development,59.7,58.1,10,3.4,77.3,100.0,61.4,59.7,20,Medium,50.2,57.3,2025-10-17 01:00:00
STU00054,Python,63.8,63.5,11,2.7,81.2,91.8,59.7,63.8,9,Medium,50.6,56.4,2025-10-21 02:00:00
STU00054,Data Structures,64.6,66.8,12,3.1,78.7,90.1,63.8,64.6,9,Easy,55.6,55.8,2025-10-25 06:00:00
STU00054,Algorithms,45.6,51.0,13,3.3,76.7,94.6,64.6,45.6,19,Hard,51.2,55.5,2025-10-29 04:00:00
STU00054,Database,73.1,76.1,14,1.7,79.0,97.6,45.6,73.1,8,Easy,55.5,57.7,2025-11-02 02:00:00
STU00054,Web Development,55.0,49.5,15,3.6,98.0,93.8,73.1,55.0,15,Hard,46.5,62.1,2025-11-06 01:00:00
STU00054,Python,72.0,73.6,16,3.8,74.3,89.3,55.0,72.0,17,Easy,54.0,64.5,2025-11-10 05:00:00
STU00054,Data Structures,55.2,57.8,17,3.6,84.0,100.0,72.0,55.2,16,Medium,47.2,53.3,2025-11-14 07:00:00
STU00054,Algorithms,74.1,70.8,18,1.7,79.9,96.5,55.2,74.1,23,Easy,56.3,58.6,2025-11-18 03:00:00
STU00054,Database,45.6,51.9,19,2.5,74.2,94.3,74.1,45.6,16,Hard,53.3,57.9,2025-11-22 04:00:00
STU00054,Web Development,52.3,52.3,20,4.0,74.8,95.4,45.6,52.3,15,Hard,55.6,57.5,2025-11-26 02:00:00
STU00055,Python,53.1,52.9,1,3.6,88.3,97.5,38.4,53.1,22,Medium,50.5,59.0,2025-09-11 07:00:00
STU00055,Data Structures,60.9,61.0,2,3.1,83.0,100.0,53.1,60.9,8,Easy,49.8,52.4,2025-09-15 04:00:00
STU00055,Algorithms,55.6,52.4,3,2.3,89.7,95.9,60.9,55.6,24,Medium,43.3,52.4,2025-09-19 03:00:00
STU00055,Database,74.2,72.7,4,3.2,88.3,95.0,55.6,74.2,9,Medium,51.4,47.2,2025-09-23 02:00:00
STU00055,Web Development,60.6,59.8,5,1.5,90.3,90.9,74.2,60.6,20,Hard,47.6,59.0,2025-09-27 08:00:00
STU00055,Python,41.3,41.2,6,4.0,83.1,91.5,60.6,41.3,12,Hard,40.9,55.9,2025-10-01 04:00:00
STU00055,Data Structures,77.7,70.7,7,4.0,91.1,92.4,41.3,77.7,8,Easy,45.7,54.9,2025-10-05 01:00:00
STU00055,Algorithms,49.3,49.9,8,2.5,89.5,91.9,77.7,49.3,20,Medium,45.1,55.5,2025-10-09 08:00:00
STU00055,Database,65.9,63.9,9,2.5,86.2,92.3,49.3,65.9,14,Medium,47.6,48.5,2025-10-13 06:00:00
STU00055,Web Development,53.8,56.9,10,3.1,87.1,97.2,65.9,53.8,11,Hard,44.5,52.4,2025-10-17 07:00:00
STU00055,Python,55.8,56.4,11,2.5,83.1,94.7,53.8,55.8,22,Easy,51.5,53.9,2025-10-21 03:00:00
STU00055,Data Structures,65.8,66.5,12,2.5,86.3,92.4,55.8,65.8,21,Easy,47.5,56.3,2025-10-25 03:00:00
STU00055,Algorithms,45.4,48.7,13,2.8,84.8,94.2,65.8,45.4,11,Medium,49.2,51.9,2025-10-29 01:00:00
STU00055,Database,63.0,61.9,14,3.8,78.5,100.0,45.4,63.0,14,Hard,48.2,54.9,2025-11-02 06:00:00
STU00055,Web Development,62.9,62.2,15,2.2,90.7,98.1,63.0,62.9,12,Medium,49.8,55.3,2025-11-06 07:00:00
STU00055,Python,52.5,50.9,16,3.2,98.6,88.8,62.9,52.5,12,Easy,50.3,52.6,2025-11-10 01:00:00
STU00055,Data Structures,68.2,66.9,17,1.5,81.3,88.2,52.5,68.2,22,Easy,46.6,52.2,2025-11-14 01:00:00
STU00055,Algorithms,41.1,43.6,18,4.0,85.0,94.0,68.2,41.1,12,Hard,44.5,49.3,2025-11-18 03:00:00
STU00055,Database,81.0,81.5,19,3.1,80.2,100.0,41.1,81.0,10,Easy,41.8,62.6,2025-11-22 08:00:00
STU00055,Web Development,75.3,74.4,20,3.6,84.6,98.0,81.0,75.3,24,Easy,49.5,53.0,2025-11-26 06:00:00
STU00056,Python,45.8,46.0,1,2.9,86.8,97.5,30.0,45.8,23,Easy,48.2,47.5,2025-09-07 05:00:00
STU00056,Data Structures,31.3,36.9,2,3.5,83.4,97.0,45.8,31.3,19,Medium,48.0,41.8,2025-09-11 08:00:00
STU00056,Algorithms,46.5,45.1,3,3.5,98.2,90.9,31.3,46.5,11,Easy,51.1,47.0,2025-09-15 02:00:00
STU00056,Database,57.7,56.1,4,2.1,89.8,95.8,46.5,57.7,8,Easy,48.7,43.1,2025-09-19 02:00:00
STU00056,Web Development,48.3,50.7,5,3.7,87.9,93.2,57.7,48.3,11,Easy,51.0,47.5,2025-09-23 02:00:00
STU00056,Python,53.2,51.5,6,3.2,89.3,100.0,48.3,53.2,20,Easy,46.9,51.2,2025-09-27 08:00:00
STU00056,Data Structures,30.9,30.8,7,2.7,85.7,89.7,53.2,30.9,9,Medium,44.5,48.4,2025-10-01 02:00:00
STU00056,Algorithms,58.3,55.4,8,3.9,84.4,89.1,30.9,58.3,10,Easy,51.9,53.9,2025-10-05 04:00:00
STU00056,Database,47.5,49.7,9,2.8,84.9,99.1,58.3,47.5,19,Easy,48.5,41.8,2025-10-09 05:00:00
STU00056,Web Development,53.6,52.3,10,3.8,96.4,97.5,47.5,53.6,21,Easy,54.9,50.0,2025-10-13 08:00:00
STU00056,Python,57.1,55.0,11,3.8,79.8,99.6,53.6,57.1,10,Easy,43.1,44.0,2025-10-17 06:00:00
STU00056,Data Structures,35.4,35.0,12,3.4,76.7,100.0,57.1,35.4,14,Medium,49.3,49.2,2025-10-21 06:00:00
STU00056,Algorithms,53.8,49.0,13,3.9,74.8,99.6,35.4,53.8,22,Medium,46.9,47.4,2025-10-25 07:00:00
STU00056,Database,52.4,50.4,14,4.0,82.8,92.0,53.8,52.4,8,Medium,42.2,49.7,2025-10-29 03:00:00
STU00056,Web Development,54.7,54.2,15,2.7,83.5,97.6,52.4,54.7,23,Easy,46.3,48.9,2025-11-02 05:00:00
STU00056,Python,47.4,50.6,16,3.9,93.7,100.0,54.7,47.4,9,Easy,47.8,48.3,2025-11-06 06:00:00
STU00056,Data Structures,47.1,44.3,17,2.7,86.1,99.5,47.4,47.1,17,Medium,46.5,44.1,2025-11-10 05:00:00
STU00056,Algorithms,54.3,53.2,18,2.2,83.3,87.8,47.1,54.3,12,Medium,41.7,54.5,2025-11-14 02:00:00
STU00056,Database,64.2,57.0,19,3.2,96.0,90.4,54.3,64.2,23,Easy,50.1,41.8,2025-11-18 06:00:00
STU00056,Web Development,57.3,58.4,20,2.9,90.7,91.7,64.2,57.3,15,Medium,50.2,44.0,2025-11-22 08:00:00
STU00057,Python,44.8,49.5,1,2.4,111.9,90.5,35.6,44.8,15,Easy,40.6,45.8,2025-09-13 08:00:00
STU00057,Data Structures,51.3,52.2,2,2.3,113.3,93.2,44.8,51.3,14,Medium,48.2,47.0,2025-09-17 02:00:00
STU00057,Algorithms,52.6,55.0,3,2.8,110.6,98.9,51.3,52.6,8,Easy,42.2,51.0,2025-09-21 05:00:00
STU00057,Database,58.4,59.6,4,2.7,112.8,93.8,52.6,58.4,20,Easy,37.9,46.6,2025-09-25 06:00:00
STU00057,Web Development,63.6,59.0,5,2.6,111.7,96.8,58.4,63.6,8,Easy,48.7,54.1,2025-09-29 08:00:00
STU00057,Python,45.7,49.4,6,3.1,106.2,91.8,63.6,45.7,18,Easy,37.8,44.0,2025-10-03 05:00:00
STU00057,Data Structures,60.8,59.9,7,3.3,107.5,90.4,45.7,60.8,10,Easy,44.2,49.9,2025-10-07 03:00:00
STU00057,Algorithms,32.3,40.3,8,2.3,101.1,98.5,60.8,32.3,23,Hard,41.8,49.3,2025-10-11 07:00:00
STU00057,Database,64.7,60.1,9,3.5,106.4,95.6,32.3,64.7,16,Medium,43.2,49.8,2025-10-15 01:00:00
STU00057,Web Development,64.9,64.0,10,2.0,108.5,97.3,64.7,64.9,12,Easy,39.4,48.4,2025-10-19 07:00:00
STU00057,Python,48.2,48.0,11,3.2,106.4,94.6,64.9,48.2,9,Easy,44.3,53.6,2025-10-23 01:00:00
STU00057,Data Structures,55.6,58.0,12,3.6,106.7,96.4,48.2,55.6,8,Easy,48.7,45.1,2025-10-27 05:00:00
STU00057,Algorithms,53.1,49.4,13,3.4,108.4,97.6,55.6,53.1,16,Easy,38.4,52.1,2025-10-31 08:00:00
STU00057,Database,58.2,61.1,14,2.5,108.4,96.1,53.1,58.2,11,Easy,42.6,40.3,2025-11-04 04:00:00
STU00057,Web Development,63.4,59.0,15,2.0,102.9,93.1,58.2,63.4,22,Medium,48.3,50.3,2025-11-08 05:00:00
STU00057,Python,59.7,59.3,16,3.7,113.1,100.0,63.4,59.7,20,Easy,42.1,44.1,2025-11-12 07:00:00
STU00057,Data Structures,46.3,46.1,17,2.2,120.4,94.3,59.7,46.3,15,Medium,44.7,49.3,2025-11-16 01:00:00
STU00057,Algorithms,46.1,51.8,18,3.8,104.9,98.7,46.3,46.1,13,Hard,46.1,50.6,2025-11-20 04:00:00
STU00057,Database,53.6,51.9,19,3.1,105.6,96.0,46.1,53.6,11,Hard,42.0,51.4,2025-11-24 04:00:00
STU00057,Web Development,72.7,74.3,20,3.7,109.7,94.0,53.6,72.7,11,Easy,45.5,50.0,2025-11-28 05:00:00
STU00058,Python,80.3,86.6,1,4.2,41.9,88.8,80.1,80.3,14,Easy,82.6,90.1,2025-09-18 05:00:00
STU00058,Data Structures,78.7,83.8,2,4.5,51.7,96.4,80.3,78.7,21,Hard,76.5,88.7,2025-09-22 04:00:00
STU00058,Algorithms,88.6,87.3,3,2.9,47.1,90.5,78.7,88.6,19,Medium,80.2,87.7,2025-09-26 03:00:00
STU00058,Database,96.4,94.2,4,2.9,53.9,94.3,88.6,96.4,12,Easy,84.9,84.8,2025-09-30 08:00:00
STU00058,Web Development,99.0,99.3,5,2.6,52.5,100.0,96.4,99.0,22,Medium,77.6,92.5,2025-10-04 03:00:00
STU00058,Python,86.4,90.6,6,2.4,39.0,99.7,99.0,86.4,13,Hard,85.4,86.8,2025-10-08 04:00:00
STU00058,Data Structures,94.5,100.0,7,4.5,36.4,93.7,86.4,94.5,8,Medium,82.1,96.0,2025-10-12 03:00:00
STU00058,Algorithms,87.7,91.1,8,2.8,45.7,91.7,94.5,87.7,20,Medium,75.0,89.9,2025-10-16 04:00:00
STU00058,Database,83.6,91.8,9,2.6,40.2,93.2,87.7,83.6,14,Medium,80.5,82.7,2025-10-20 02:00:00
STU00058,Web Development,97.6,100.0,10,3.9,40.4,97.6,83.6,97.6,11,Medium,84.8,90.2,2025-10-24 01:00:00
STU00058,Python,100.0,97.1,11,2.2,42.9,100.0,97.6,100.0,21,Easy,87.8,89.0,2025-10-28 01:00:00
STU00058,Data Structures,97.0,95.7,12,3.1,36.9,92.6,100.0,97.0,9,Medium,77.6,81.1,2025-11-01 08:00:00
STU00058,Algorithms,85.8,91.5,13,3.0,40.6,94.6,97.0,85.8,19,Easy,88.1,89.1,2025-11-05 01:00:00
STU00058,Database,98.7,100.0,14,2.6,44.3,96.6,85.8,98.7,11,Easy,75.9,92.8,2025-11-09 04:00:00
STU00058,Web Development,100.0,99.4,15,3.8,33.8,96.7,98.7,100.0,11,Medium,84.4,91.1,2025-11-13 01:00:00
STU00058,Python,80.2,80.2,16,3.7,31.2,100.0,100.0,80.2,9,Hard,82.3,93.0,2025-11-17 08:00:00
STU00058,Data Structures,99.3,100.0,17,3.5,33.2,97.7,80.2,99.3,10,Easy,83.8,95.4,2025-11-21 01:00:00
STU00058,Algorithms,97.2,98.7,18,2.9,38.7,97.7,99.3,97.2,23,Easy,82.9,95.3,2025-11-25 02:00:00
STU00058,Database,92.7,100.0,19,3.4,36.9,96.4,97.2,92.7,21,Easy,87.1,91.6,2025-11-29 06:00:00
STU00058,Web Development,97.9,97.5,20,3.4,40.2,95.7,92.7,97.9,16,Medium,86.6,86.9,2025-12-03 08:00:00
STU00059,Python,65.2,68.5,1,1.8,86.3,95.7,62.1,65.2,17,Medium,61.6,84.5,2025-09-16 01:00:00
STU00059,Data Structures,90.0,89.7,2,2.2,77.3,94.4,65.2,90.0,12,Easy,56.2,82.6,2025-09-20 08:00:00
STU00059,Algorithms,77.7,77.2,3,1.7,75.8,98.7,90.0,77.7,25,Medium,58.4,78.7,2025-09-24 03:00:00
STU00059,Database,66.5,69.9,4,4.0,85.4,96.1,77.7,66.5,21,Hard,59.4,76.7,2025-09-28 04:00:00
STU00059,Web Development,88.5,89.4,5,2.3,78.7,96.6,66.5,88.5,19,Medium,53.2,83.3,2025-10-02 04:00:00
STU00059,Python,63.6,67.1,6,3.7,75.8,89.7,88.5,63.6,13,Medium,57.7,84.7,2025-10-06 08:00:00
STU00059,Data Structures,83.3,83.1,7,1.7,84.0,93.6,63.6,83.3,9,Medium,54.7,82.8,2025-10-10 08:00:00
STU00059,Algorithms,86.3,81.5,8,3.0,90.6,91.2,83.3,86.3,23,Medium,53.5,79.6,2025-10-14 03:00:00
STU00059,Database,75.2,75.0,9,2.8,78.5,92.8,86.3,75.2,16,Medium,64.9,76.6,2025-10-18 04:00:00
STU00059,Web Development,97.9,100.0,10,2.4,76.0,100.0,75.2,97.9,24,Easy,56.0,77.0,2025-10-22 07:00:00
STU00059,Python,65.2,68.6,11,3.5,79.7,92.6,97.9,65.2,19,Medium,56.2,74.9,2025-10-26 04:00:00
STU00059,Data Structures,91.5,87.2,12,3.7,77.4,92.9,65.2,91.5,18,Medium,59.8,85.2,2025-10-30 08:00:00
STU00059,Algorithms,81.8,88.6,13,2.6,77.8,97.6,91.5,81.8,10,Easy,57.3,90.3,2025-11-03 07:00:00
STU00059,Database,91.0,93.8,14,2.6,88.7,94.7,81.8,91.0,16,Easy,53.3,79.6,2025-11-07 05:00:00
STU00059,Web Development,99.5,100.0,15,2.7,77.6,96.3,91.0,99.5,13,Easy,62.3,84.6,2025-11-11 01:00:00
STU00059,Python,85.7,83.4,16,1.8,89.0,98.7,99.5,85.7,21,Easy,59.8,88.0,2025-11-15 01:00:00
STU00059,Data Structures,85.7,87.4,17,2.6,80.8,100.0,85.7,85.7,16,Easy,60.8,78.2,2025-11-19 04:00:00
STU00059,Algorithms,94.3,92.4,18,3.5,80.7,92.6,85.7,94.3,8,Easy,59.1,79.4,2025-11-23 05:00:00
STU00059,Database,84.5,81.4,19,2.1,70.5,89.6,94.3,84.5,15,Medium,57.4,80.2,2025-11-27 05:00:00
STU00059,Web Development,97.4,100.0,20,2.1,80.8,91.6,84.5,97.4,22,Medium,51.3,82.2,2025-12-01 07:00:00
STU00060,Python,52.7,56.6,1,3.2,73.0,99.9,36.6,52.7,14,Medium,44.9,60.5,2025-09-17 05:00:00
STU00060,Data Structures,64.3,60.3,2,2.7,94.4,96.4,52.7,64.3,15,Easy,43.2,55.7,2025-09-21 01:00:00
STU00060,Algorithms,66.0,63.6,3,3.3,82.5,94.1,64.3,66.0,16,Easy,42.3,59.4,2025-09-25 05:00:00
STU00060,Database,53.6,57.0,4,3.0,84.6,87.8,66.0,53.6,20,Medium,39.6,61.9,2025-09-29 02:00:00
STU00060,Web Development,42.4,44.9,5,2.1,75.6,94.5,53.6,42.4,12,Medium,42.0,64.5,2025-10-03 05:00:00
STU00060,Python,50.4,49.4,6,1.7,85.8,91.0,42.4,50.4,13,Hard,43.0,61.2,2025-10-07 07:00:00
STU00060,Data Structures,47.2,49.0,7,3.3,82.3,95.8,50.4,47.2,13,Hard,37.3,55.4,2025-10-11 06:00:00
STU00060,Algorithms,64.9,65.8,8,1.5,86.1,89.6,47.2,64.9,24,Medium,45.9,52.5,2025-10-15 01:00:00
STU00060,Database,53.4,52.3,9,2.1,75.2,92.6,64.9,53.4,16,Easy,39.8,57.9,2025-10-19 02:00:00
STU00060,Web Development,48.6,49.1,10,4.0,82.7,97.5,53.4,48.6,24,Medium,45.9,51.1,2025-10-23 07:00:00
STU00060,Python,64.4,66.6,11,3.1,67.6,94.1,48.6,64.4,20,Medium,44.2,52.0,2025-10-27 07:00:00
STU00060,Data Structures,66.9,66.3,12,1.7,89.1,94.7,64.4,66.9,11,Easy,40.8,54.3,2025-10-31 07:00:00
STU00060,Algorithms,62.5,62.1,13,2.0,81.0,88.4,66.9,62.5,22,Easy,48.8,51.5,2025-11-04 03:00:00
STU00060,Database,57.5,57.0,14,2.1,72.1,96.7,62.5,57.5,22,Medium,43.2,53.1,2025-11-08 04:00:00
STU00060,Web Development,64.4,62.1,15,3.7,82.5,93.4,57.5,64.4,9,Medium,38.9,63.9,2025-11-12 07:00:00
STU00060,Python,66.7,70.1,16,1.6,89.8,94.1,64.4,66.7,10,Easy,42.5,58.9,2025-11-16 03:00:00
STU00060,Data Structures,59.0,62.9,17,1.6,70.3,94.7,66.7,59.0,19,Easy,48.1,57.4,2025-11-20 08:00:00
STU00060,Algorithms,71.1,67.1,18,3.0,85.4,90.5,59.0,71.1,21,Easy,44.2,55.7,2025-11-24 02:00:00
STU00060,Database,48.7,51.1,19,3.3,77.3,89.4,71.1,48.7,12,Hard,49.7,63.8,2025-11-28 02:00:00
STU00060,Web Development,54.7,53.8,20,1.5,81.9,98.1,48.7,54.7,14,Medium,37.6,60.5,2025-12-02 03:00:00
STU00061,Python,58.5,56.9,1,3.0,96.2,94.0,52.4,58.5,16,Medium,70.4,66.2,2025-09-10 06:00:00
STU00061,Data Structures,70.3,66.5,2,3.3,79.6,94.6,58.5,70.3,15,Medium,74.9,69.4,2025-09-14 08:00:00
STU00061,Algorithms,87.3,79.6,3,4.0,91.5,96.7,70.3,87.3,16,Easy,76.6,70.0,2025-09-18 04:00:00
STU00061,Database,82.0,82.9,4,1.9,90.3,97.9,87.3,82.0,19,Medium,71.4,70.7,2025-09-22 06:00:00
STU00061,Web Development,60.5,65.6,5,3.2,86.2,86.0,82.0,60.5,9,Easy,68.1,71.5,2025-09-26 03:00:00
STU00061,Python,69.0,66.5,6,2.3,62.1,96.2,60.5,69.0,20,Medium,71.4,66.4,2025-09-30 04:00:00
STU00061,Data Structures,73.2,71.7,7,2.3,81.4,96.2,69.0,73.2,10,Easy,80.5,71.8,2025-10-04 03:00:00
STU00061,Algorithms,92.6,88.2,8,3.5,72.0,85.1,73.2,92.6,8,Medium,73.8,68.8,2025-10-08 05:00:00
STU00061,Database,64.4,69.6,9,2.4,81.7,94.5,92.6,64.4,17,Hard,74.3,69.6,2025-10-12 02:00:00
STU00061,Web Development,61.8,63.6,10,1.9,67.8,100.0,64.4,61.8,11,Hard,74.5,71.9,2025-10-16 02:00:00
STU00061,Python,75.0,73.4,11,2.1,77.3,90.1,61.8,75.0,11,Medium,72.0,68.6,2025-10-20 05:00:00
STU00061,Data Structures,66.8,70.8,12,3.5,77.0,98.7,75.0,66.8,17,Easy,70.6,62.5,2025-10-24 07:00:00
STU00061,Algorithms,83.3,83.5,13,2.3,83.0,97.3,66.8,83.3,12,Medium,76.2,68.9,2025-10-28 02:00:00
STU00061,Database,98.7,95.3,14,2.2,77.9,98.0,83.3,98.7,15,Easy,74.0,64.4,2025-11-01 02:00:00
STU00061,Web Development,57.7,62.0,15,2.3,78.0,86.8,98.7,57.7,9,Hard,72.2,71.6,2025-11-05 06:00:00
STU00061,Python,73.4,75.2,16,2.0,74.3,95.1,57.7,73.4,20,Easy,76.5,60.8,2025-11-09 08:00:00
STU00061,Data Structures,76.4,77.1,17,2.3,88.6,92.4,73.4,76.4,13,Easy,81.8,68.9,2025-11-13 05:00:00
STU00061,Algorithms,85.5,85.6,18,3.7,81.7,100.0,76.4,85.5,16,Medium,80.2,65.1,2025-11-17 07:00:00
STU00061,Database,86.0,83.9,19,3.0,81.4,96.6,85.5,86.0,24,Easy,75.5,70.7,2025-11-21 05:00:00
STU00061,Web Development,82.5,82.7,20,3.0,65.7,98.9,86.0,82.5,9,Medium,68.7,70.4,2025-11-25 05:00:00
STU00062,Python,83.2,76.9,1,3.6,64.6,89.6,55.6,83.2,16,Medium,62.9,70.9,2025-09-12 04:00:00
STU00062,Data Structures,83.9,83.0,2,2.6,71.0,93.1,83.2,83.9,16,Easy,54.8,68.8,2025-09-16 07:00:00
STU00062,Algorithms,75.1,80.2,3,3.5,61.3,89.1,83.9,75.1,23,Easy,65.9,70.5,2025-09-20 05:00:00
STU00062,Database,86.8,88.1,4,3.3,63.9,100.0,75.1,86.8,8,Medium,62.5,69.2,2025-09-24 04:00:00
STU00062,Web Development,84.6,81.0,5,2.1,55.7,90.0,86.8,84.6,21,Hard,65.4,74.2,2025-09-28 03:00:00
STU00062,Python,92.2,82.0,6,3.2,58.1,93.8,84.6,92.2,12,Easy,68.6,65.1,2025-10-02 01:00:00
STU00062,Data Structures,70.1,75.1,7,2.2,64.7,100.0,92.2,70.1,18,Hard,68.1,75.4,2025-10-06 08:00:00
STU00062,Algorithms,68.7,72.2,8,2.4,62.7,96.4,70.1,68.7,14,Medium,60.2,69.8,2025-10-10 01:00:00
STU00062,Database,84.1,85.1,9,4.0,62.0,98.1,68.7,84.1,24,Hard,65.1,66.1,2025-10-14 08:00:00
STU00062,Web Development,80.5,78.3,10,2.5,58.7,93.1,84.1,80.5,24,Hard,63.8,66.6,2025-10-18 03:00:00
STU00062,Python,83.5,88.4,11,1.7,62.9,94.9,80.5,83.5,23,Easy,59.0,69.1,2025-10-22 06:00:00
STU00062,Data Structures,89.2,88.3,12,1.5,48.5,100.0,83.5,89.2,19,Medium,60.7,67.3,2025-10-26 01:00:00
STU00062,Algorithms,82.9,80.0,13,3.0,54.8,94.3,89.2,82.9,12,Hard,58.1,71.5,2025-10-30 06:00:00
STU00062,Database,91.8,96.0,14,2.1,51.3,94.0,82.9,91.8,9,Easy,64.0,69.6,2025-11-03 05:00:00
STU00062,Web Development,84.8,90.0,15,4.0,54.4,100.0,91.8,84.8,10,Medium,66.9,70.1,2025-11-07 08:00:00
STU00062,Python,99.9,98.7,16,2.3,55.7,87.2,84.8,99.9,24,Easy,56.9,65.9,2025-11-11 06:00:00
STU00062,Data Structures,93.5,96.1,17,1.8,49.1,92.6,99.9,93.5,10,Easy,63.5,73.9,2025-11-15 02:00:00
STU00062,Algorithms,74.4,76.5,18,2.2,52.6,93.9,93.5,74.4,20,Medium,63.2,69.5,2025-11-19 07:00:00
STU00062,Database,92.0,93.6,19,1.7,58.5,94.9,74.4,92.0,23,Easy,70.2,72.6,2025-11-23 07:00:00
STU00062,Web Development,83.1,85.2,20,3.5,61.2,96.2,92.0,83.1,11,Medium,62.6,70.1,2025-11-27 04:00:00
STU00063,Python,38.8,40.7,1,3.6,104.8,97.1,30.0,38.8,21,Easy,56.4,56.3,2025-09-11 04:00:00
STU00063,Data Structures,39.2,41.4,2,3.0,108.2,95.0,38.8,39.2,14,Medium,53.5,52.0,2025-09-15 03:00:00
STU00063,Algorithms,49.2,49.7,3,3.3,105.7,98.0,39.2,49.2,9,Medium,52.9,52.1,2025-09-19 03:00:00
STU00063,Database,42.1,42.0,4,2.0,112.3,99.0,49.2,42.1,21,Hard,55.8,59.8,2025-09-23 03:00:00
STU00063,Web Development,55.8,53.8,5,3.9,99.4,98.3,42.1,55.8,16,Easy,51.1,59.0,2025-09-27 03:00:00
STU00063,Python,46.5,50.8,6,3.2,90.2,95.6,55.8,46.5,21,Easy,53.9,58.2,2025-10-01 08:00:00
STU00063,Data Structures,48.7,53.0,7,2.8,104.9,96.9,46.5,48.7,17,Easy,55.7,60.6,2025-10-05 07:00:00
STU00063,Algorithms,47.6,48.7,8,2.6,102.9,97.7,48.7,47.6,14,Medium,52.4,55.1,2025-10-09 08:00:00
STU00063,Database,39.4,39.0,9,1.8,106.1,89.4,47.6,39.4,20,Hard,55.5,67.6,2025-10-13 03:00:00
STU00063,Web Development,47.0,47.6,10,2.2,97.5,89.0,39.4,47.0,20,Easy,58.8,58.7,2025-10-17 02:00:00
STU00063,Python,44.6,49.3,11,3.2,96.3,93.1,47.0,44.6,24,Easy,58.6,55.4,2025-10-21 01:00:00
STU00063,Data Structures,44.2,49.3,12,2.5,100.8,98.8,44.6,44.2,13,Easy,56.3,60.2,2025-10-25 07:00:00
STU00063,Algorithms,50.2,52.4,13,3.2,109.9,93.7,44.2,50.2,19,Easy,57.4,60.7,2025-10-29 04:00:00
STU00063,Database,45.3,47.5,14,3.4,96.7,94.1,50.2,45.3,21,Hard,54.4,57.9,2025-11-02 02:00:00
STU00063,Web Development,64.1,58.1,15,2.0,84.7,100.0,45.3,64.1,10,Easy,63.3,65.4,2025-11-06 08:00:00
STU00063,Python,46.6,43.8,16,1.6,111.5,95.4,64.1,46.6,11,Medium,59.4,57.8,2025-11-10 08:00:00
STU00063,Data Structures,40.1,42.0,17,1.7,103.8,100.0,46.6,40.1,15,Hard,59.5,59.8,2025-11-14 03:00:00
STU00063,Algorithms,61.9,61.7,18,3.5,102.8,99.0,40.1,61.9,18,Medium,57.5,60.9,2025-11-18 04:00:00
STU00063,Database,44.3,43.1,19,2.4,94.0,96.8,61.9,44.3,8,Hard,52.9,46.9,2025-11-22 01:00:00
STU00063,Web Development,48.6,50.6,20,1.6,107.9,100.0,44.3,48.6,14,Medium,56.6,61.4,2025-11-26 08:00:00
STU00064,Python,92.0,91.3,1,2.4,40.6,91.5,65.5,92.0,10,Easy,83.3,90.9,2025-09-07 03:00:00
STU00064,Data Structures,86.7,88.4,2,3.8,34.2,86.9,92.0,86.7,24,Medium,91.9,90.8,2025-09-11 06:00:00
STU00064,Algorithms,79.1,79.2,3,3.4,43.0,93.8,86.7,79.1,22,Hard,82.5,96.7,2025-09-15 04:00:00
STU00064,Database,79.9,81.6,4,2.7,37.3,90.6,79.1,79.9,10,Hard,84.5,92.3,2025-09-19 03:00:00
STU00064,Web Development,63.2,70.2,5,2.3,25.0,96.1,79.9,63.2,12,Hard,85.4,94.5,2025-09-23 04:00:00
STU00064,Python,96.6,94.7,6,3.4,43.1,97.2,63.2,96.6,10,Medium,80.4,97.9,2025-09-27 05:00:00
STU00064,Data Structures,96.1,96.9,7,3.2,37.6,93.1,96.6,96.1,15,Easy,82.5,92.0,2025-10-01 03:00:00
STU00064,Algorithms,78.7,82.4,8,3.8,34.9,97.2,96.1,78.7,16,Medium,86.7,93.5,2025-10-05 01:00:00
STU00064,Database,87.2,91.7,9,4.2,34.6,93.4,78.7,87.2,13,Medium,83.4,86.4,2025-10-09 02:00:00
STU00064,Web Development,88.8,89.2,10,4.0,30.4,94.1,87.2,88.8,8,Easy,80.8,82.0,2025-10-13 06:00:00
STU00064,Python,95.9,98.1,11,3.9,35.8,96.7,88.8,95.9,12,Easy,78.8,90.6,2025-10-17 08:00:00
STU00064,Data Structures,96.9,98.6,12,4.1,32.9,100.0,95.9,96.9,9,Easy,81.3,97.8,2025-10-21 07:00:00
STU00064,Algorithms,91.2,89.9,13,4.2,29.8,99.0,96.9,91.2,10,Medium,80.0,97.4,2025-10-25 03:00:00
STU00064,Database,94.0,92.3,14,2.7,35.1,98.5,91.2,94.0,9,Medium,78.1,99.2,2025-10-29 07:00:00
STU00064,Web Development,91.2,90.4,15,3.0,34.7,100.0,94.0,91.2,25,Medium,79.4,94.6,2025-11-02 01:00:00
STU00064,Python,98.3,100.0,16,3.3,34.8,96.0,91.2,98.3,9,Medium,90.3,90.2,2025-11-06 05:00:00
STU00064,Data Structures,86.8,88.1,17,2.0,32.0,92.8,98.3,86.8,13,Medium,78.7,92.4,2025-11-10 04:00:00
STU00064,Algorithms,84.5,88.2,18,2.2,33.8,97.3,86.8,84.5,10,Medium,85.6,96.8,2025-11-14 05:00:00
STU00064,Database,86.8,90.3,19,2.8,33.1,95.8,84.5,86.8,21,Medium,83.1,91.6,2025-11-18 07:00:00
STU00064,Web Development,90.3,91.5,20,4.2,36.3,92.0,86.8,90.3,20,Easy,88.4,100.0,2025-11-22 06:00:00
STU00065,Python,56.7,62.5,1,2.8,88.5,93.8,40.6,56.7,8,Medium,45.5,42.5,2025-09-05 06:00:00
STU00065,Data Structures,52.5,53.2,2,2.2,80.5,92.9,56.7,52.5,9,Easy,42.9,45.6,2025-09-09 05:00:00
STU00065,Algorithms,60.9,62.7,3,3.8,83.8,100.0,52.5,60.9,19,Medium,46.3,53.5,2025-09-13 06:00:00
STU00065,Database,40.6,46.0,4,3.5,89.0,98.4,60.9,40.6,22,Hard,38.3,47.8,2025-09-17 02:00:00
STU00065,Web Development,72.4,68.6,5,3.1,81.7,97.6,40.6,72.4,20,Medium,35.0,36.7,2025-09-21 01:00:00
STU00065,Python,46.3,53.7,6,3.8,74.4,91.9,72.4,46.3,18,Hard,46.4,48.8,2025-09-25 07:00:00
STU00065,Data Structures,57.6,57.7,7,3.8,80.1,95.9,46.3,57.6,8,Medium,41.5,47.0,2025-09-29 07:00:00
STU00065,Algorithms,55.9,59.8,8,2.1,75.6,98.2,57.6,55.9,23,Easy,44.3,52.1,2025-10-03 02:00:00
STU00065,Database,55.2,58.3,9,3.2,72.5,98.5,55.9,55.2,19,Hard,45.5,49.9,2025-10-07 05:00:00
STU00065,Web Development,70.7,73.8,10,2.9,82.7,97.1,55.2,70.7,15,Medium,40.9,51.6,2025-10-11 01:00:00
STU00065,Python,64.6,63.6,11,3.3,86.4,93.0,70.7,64.6,24,Medium,46.4,51.2,2025-10-15 05:00:00
STU00065,Data Structures,75.8,72.0,12,3.2,82.4,92.4,64.6,75.8,24,Easy,35.3,46.7,2025-10-19 01:00:00
STU00065,Algorithms,64.1,66.8,13,2.7,73.5,97.6,75.8,64.1,9,Medium,42.8,48.7,2025-10-23 03:00:00
STU00065,Database,67.8,70.5,14,3.7,89.4,97.8,64.1,67.8,19,Medium,38.2,54.1,2025-10-27 02:00:00
STU00065,Web Development,70.7,67.7,15,1.7,81.6,94.0,67.8,70.7,13,Medium,44.9,45.8,2025-10-31 06:00:00
STU00065,Python,70.9,71.0,16,2.9,65.7,95.7,70.7,70.9,21,Easy,45.1,43.1,2025-11-04 03:00:00
STU00065,Data Structures,64.3,66.5,17,3.9,80.2,97.3,70.9,64.3,25,Medium,49.5,49.0,2025-11-08 08:00:00
STU00065,Algorithms,73.0,67.0,18,3.8,77.8,90.1,64.3,73.0,21,Medium,47.4,49.7,2025-11-12 06:00:00
STU00065,Database,63.5,61.8,19,3.2,90.2,95.8,73.0,63.5,24,Medium,41.1,52.7,2025-11-16 02:00:00
STU00065,Web Development,71.8,71.3,20,4.0,86.3,94.7,63.5,71.8,13,Medium,40.2,52.0,2025-11-20 07:00:00
STU00066,Python,49.8,53.7,1,3.1,90.0,94.1,40.6,49.8,11,Medium,44.0,63.8,2025-09-19 05:00:00
STU00066,Data Structures,54.5,60.3,2,3.7,101.6,99.8,49.8,54.5,15,Medium,45.3,59.3,2025-09-23 07:00:00
STU00066,Algorithms,56.9,58.1,3,3.2,99.3,94.7,54.5,56.9,20,Medium,43.1,53.8,2025-09-27 07:00:00
STU00066,Database,43.6,41.8,4,2.3,101.8,92.8,56.9,43.6,24,Hard,43.1,55.0,2025-10-01 06:00:00
STU00066,Web Development,50.7,51.3,5,2.9,102.8,95.8,43.6,50.7,17,Medium,49.9,49.6,2025-10-05 07:00:00
STU00066,Python,53.2,49.6,6,3.0,88.3,99.2,50.7,53.2,12,Hard,40.3,60.9,2025-10-09 03:00:00
STU00066,Data Structures,53.2,56.1,7,2.4,90.1,95.9,53.2,53.2,14,Medium,50.5,57.6,2025-10-13 07:00:00
STU00066,Algorithms,64.0,67.4,8,3.5,88.9,98.3,53.2,64.0,11,Easy,45.9,59.8,2025-10-17 05:00:00
STU00066,Database,53.9,56.6,9,3.6,90.2,100.0,64.0,53.9,8,Easy,47.1,55.1,2025-10-21 04:00:00
STU00066,Web Development,58.2,58.6,10,3.8,74.3,100.0,53.9,58.2,11,Easy,49.3,51.3,2025-10-25 04:00:00
STU00066,Python,61.4,63.9,11,3.9,91.7,94.0,58.2,61.4,10,Easy,45.0,58.1,2025-10-29 05:00:00
STU00066,Data Structures,71.6,69.4,12,1.6,87.3,96.4,61.4,71.6,24,Easy,47.7,62.2,2025-11-02 08:00:00
STU00066,Algorithms,63.5,62.6,13,3.1,88.6,100.0,71.6,63.5,22,Medium,42.9,58.3,2025-11-06 03:00:00
STU00066,Database,69.9,73.1,14,3.4,86.4,96.1,63.5,69.9,12,Easy,43.1,61.4,2025-11-10 02:00:00
STU00066,Web Development,54.7,57.1,15,2.5,93.6,95.7,69.9,54.7,10,Medium,46.3,54.1,2025-11-14 07:00:00
STU00066,Python,58.9,51.0,16,2.0,86.9,95.5,54.7,58.9,12,Hard,49.3,56.2,2025-11-18 03:00:00
STU00066,Data Structures,66.1,64.1,17,3.8,84.4,95.6,58.9,66.1,13,Easy,45.2,55.7,2025-11-22 03:00:00
STU00066,Algorithms,60.3,62.5,18,2.8,89.4,93.1,66.1,60.3,23,Easy,35.4,54.0,2025-11-26 07:00:00
STU00066,Database,72.9,70.9,19,2.2,90.3,96.3,60.3,72.9,13,Easy,48.3,54.5,2025-11-30 03:00:00
STU00066,Web Development,61.3,59.8,20,2.6,89.6,96.3,72.9,61.3,22,Hard,46.8,60.1,2025-12-04 02:00:00
STU00067,Python,63.2,64.4,1,2.0,66.9,93.7,52.3,63.2,13,Hard,66.5,78.8,2025-09-07 08:00:00
STU00067,Data Structures,68.0,66.1,2,3.7,84.0,100.0,63.2,68.0,15,Medium,75.4,75.0,2025-09-11 03:00:00
STU00067,Algorithms,79.6,78.1,3,2.9,73.0,97.0,68.0,79.6,23,Medium,71.0,75.2,2025-09-15 07:00:00
STU00067,Database,70.5,68.2,4,1.7,86.6,91.4,79.6,70.5,20,Medium,62.6,79.6,2025-09-19 01:00:00
STU00067,Web Development,81.8,82.1,5,3.6,86.3,100.0,70.5,81.8,18,Easy,69.0,78.9,2025-09-23 07:00:00
STU00067,Python,77.8,77.5,6,4.0,90.2,92.7,81.8,77.8,20,Medium,63.9,77.6,2025-09-27 03:00:00
STU00067,Data Structures,80.2,77.5,7,2.6,80.3,94.4,77.8,80.2,25,Easy,70.3,77.3,2025-10-01 07:00:00
STU00067,Algorithms,78.5,84.4,8,3.9,90.9,100.0,80.2,78.5,18,Medium,72.8,71.0,2025-10-05 04:00:00
STU00067,Database,71.1,71.7,9,3.2,76.3,94.8,78.5,71.1,12,Medium,68.2,85.6,2025-10-09 02:00:00
STU00067,Web Development,77.2,76.1,10,2.6,86.5,86.8,71.1,77.2,22,Medium,77.4,85.3,2025-10-13 04:00:00
STU00067,Python,66.3,65.0,11,3.4,80.4,94.2,77.2,66.3,22,Hard,68.7,87.3,2025-10-17 02:00:00
STU00067,Data Structures,72.6,71.6,12,2.7,69.0,92.9,66.3,72.6,21,Medium,63.5,80.2,2025-10-21 03:00:00
STU00067,Algorithms,79.8,80.0,13,4.0,89.9,96.4,72.6,79.8,18,Medium,69.8,80.3,2025-10-25 03:00:00
STU00067,Database,69.0,65.6,14,3.7,73.3,88.1,79.8,69.0,20,Medium,65.7,84.2,2025-10-29 08:00:00
STU00067,Web Development,84.9,83.2,15,2.9,82.6,91.4,69.0,84.9,19,Medium,69.5,82.9,2025-11-02 07:00:00
STU00067,Python,85.9,81.6,16,3.0,82.1,97.8,84.9,85.9,12,Medium,67.2,74.4,2025-11-06 05:00:00
STU00067,Data Structures,89.0,82.0,17,2.9,85.0,92.0,85.9,89.0,11,Medium,68.5,82.4,2025-11-10 02:00:00
STU00067,Algorithms,96.9,92.2,18,3.3,81.5,94.0,89.0,96.9,18,Medium,61.7,87.1,2025-11-14 03:00:00
STU00067,Database,71.2,72.8,19,2.8,80.2,91.2,96.9,71.2,15,Medium,75.9,73.1,2025-11-18 02:00:00
STU00067,Web Development,83.8,78.3,20,2.7,79.1,98.9,71.2,83.8,25,Medium,67.3,85.3,2025-11-22 08:00:00
STU00068,Python,55.8,50.4,1,2.3,90.0,100.0,30.0,55.8,10,Medium,47.6,37.8,2025-09-08 05:00:00
STU00068,Data Structures,66.8,63.3,2,2.0,89.6,97.4,55.8,66.8,14,Easy,48.0,36.0,2025-09-12 02:00:00
STU00068,Algorithms,58.2,58.9,3,3.9,87.5,100.0,66.8,58.2,11,Easy,44.7,46.9,2025-09-16 02:00:00
STU00068,Database,53.1,52.0,4,3.9,94.3,98.7,58.2,53.1,23,Easy,41.1,38.1,2025-09-20 03:00:00
STU00068,Web Development,39.8,38.1,5,2.8,79.1,92.6,53.1,39.8,20,Medium,47.3,42.0,2025-09-24 06:00:00
STU00068,Python,48.7,51.8,6,3.9,92.7,91.0,39.8,48.7,21,Medium,47.3,35.9,2025-09-28 08:00:00
STU00068,Data Structures,68.2,64.6,7,2.8,99.9,94.1,48.7,68.2,16,Easy,42.6,39.2,2025-10-02 07:00:00
STU00068,Algorithms,49.9,45.6,8,3.0,88.5,96.9,68.2,49.9,11,Hard,53.3,38.7,2025-10-06 07:00:00
STU00068,Database,45.1,45.2,9,1.6,91.1,97.8,49.9,45.1,15,Hard,39.1,35.9,2025-10-10 02:00:00
STU00068,Web Development,35.1,39.4,10,3.6,91.6,87.3,45.1,35.1,10,Hard,47.0,43.6,2025-10-14 08:00:00
STU00068,Python,49.6,52.4,11,2.0,91.7,97.0,35.1,49.6,24,Easy,42.2,39.6,2025-10-18 08:00:00
STU00068,Data Structures,53.8,60.4,12,2.6,94.2,90.8,49.6,53.8,17,Easy,44.7,38.4,2025-10-22 01:00:00
STU00068,Algorithms,69.9,70.3,13,3.8,82.2,100.0,53.8,69.9,10,Easy,39.0,39.0,2025-10-26 03:00:00
STU00068,Database,60.9,59.9,14,3.6,91.2,98.9,69.9,60.9,8,Medium,42.2,36.2,2025-10-30 01:00:00
STU00068,Web Development,50.7,49.5,15,2.2,92.7,100.0,60.9,50.7,22,Easy,43.4,44.2,2025-11-03 08:00:00
STU00068,Python,52.6,54.2,16,2.0,81.4,98.6,50.7,52.6,16,Medium,46.1,36.4,2025-11-07 05:00:00
STU00068,Data Structures,58.6,64.0,17,2.3,80.9,91.8,52.6,58.6,22,Medium,41.8,44.1,2025-11-11 04:00:00
STU00068,Algorithms,55.5,56.1,18,2.6,90.8,98.1,58.6,55.5,10,Medium,43.4,40.9,2025-11-15 08:00:00
STU00068,Database,63.5,65.5,19,3.9,97.7,92.5,55.5,63.5,18,Medium,47.1,42.3,2025-11-19 04:00:00
STU00068,Web Development,54.9,56.2,20,3.5,79.3,90.6,63.5,54.9,17,Medium,46.6,45.2,2025-11-23 04:00:00
STU00069,Python,53.4,54.8,1,3.5,88.9,100.0,31.6,53.4,18,Medium,55.6,64.3,2025-09-08 08:00:00
STU00069,Data Structures,53.0,50.0,2,3.6,96.4,91.7,53.4,53.0,13,Medium,51.9,59.4,2025-09-12 03:00:00
STU00069,Algorithms,51.2,53.2,3,2.8,89.4,95.0,53.0,51.2,23,Easy,53.9,54.1,2025-09-16 03:00:00
STU00069,Database,56.7,57.8,4,1.9,95.7,88.8,51.2,56.7,11,Medium,58.3,64.1,2025-09-20 01:00:00
STU00069,Web Development,44.9,46.5,5,2.9,80.9,89.1,56.7,44.9,22,Medium,51.1,60.7,2025-09-24 08:00:00
STU00069,Python,53.8,58.5,6,2.4,88.1,94.8,44.9,53.8,25,Easy,54.7,62.1,2025-09-28 01:00:00
STU00069,Data Structures,57.8,51.4,7,3.1,96.3,87.8,53.8,57.8,18,Easy,56.9,62.2,2025-10-02 03:00:00
STU00069,Algorithms,28.7,31.7,8,1.7,92.1,89.4,57.8,28.7,13,Hard,57.0,54.8,2025-10-06 06:00:00
STU00069,Database,59.0,56.7,9,3.7,89.6,94.9,28.7,59.0,14,Medium,60.2,58.4,2025-10-10 08:00:00
STU00069,Web Development,47.0,47.0,10,1.8,83.5,98.4,59.0,47.0,12,Easy,57.5,62.8,2025-10-14 08:00:00
STU00069,Python,60.1,59.0,11,3.4,88.6,93.2,47.0,60.1,20,Medium,54.1,62.4,2025-10-18 03:00:00
STU00069,Data Structures,59.9,59.6,12,2.4,89.7,90.1,60.1,59.9,22,Easy,58.2,60.1,2025-10-22 04:00:00
STU00069,Algorithms,52.0,50.9,13,2.8,86.4,91.3,59.9,52.0,17,Easy,56.1,59.4,2025-10-26 05:00:00
STU00069,Database,67.4,66.9,14,2.5,77.7,93.6,52.0,67.4,8,Easy,52.6,59.6,2025-10-30 03:00:00
STU00069,Web Development,62.0,57.8,15,3.0,88.6,91.4,67.4,62.0,19,Easy,54.4,53.7,2025-11-03 02:00:00
STU00069,Python,69.4,69.3,16,3.3,83.8,93.5,62.0,69.4,23,Medium,58.9,55.0,2025-11-07 04:00:00
STU00069,Data Structures,45.8,42.7,17,2.4,88.0,98.4,69.4,45.8,17,Hard,56.0,59.1,2025-11-11 01:00:00
STU00069,Algorithms,51.0,52.7,18,1.9,88.7,95.2,45.8,51.0,11,Easy,54.3,63.0,2025-11-15 04:00:00
STU00069,Database,65.8,62.2,19,2.6,89.3,93.3,51.0,65.8,21,Medium,56.3,60.6,2025-11-19 04:00:00
STU00069,Web Development,47.8,49.2,20,1.8,81.0,100.0,65.8,47.8,13,Easy,58.6,55.8,2025-11-23 01:00:00
STU00070,Python,90.9,89.6,1,3.7,46.3,95.0,78.3,90.9,21,Hard,87.2,75.7,2025-09-19 05:00:00
STU00070,Data Structures,96.9,98.9,2,3.1,46.3,98.3,90.9,96.9,11,Medium,83.3,79.1,2025-09-23 01:00:00
STU00070,Algorithms,93.9,97.0,3,2.6,35.3,96.0,96.9,93.9,10,Easy,77.7,84.0,2025-09-27 01:00:00
STU00070,Database,91.7,95.8,4,3.1,40.8,95.8,93.9,91.7,11,Medium,88.0,82.7,2025-10-01 08:00:00
STU00070,Web Development,100.0,100.0,5,2.1,38.4,91.5,91.7,100.0,9,Easy,83.1,80.7,2025-10-05 05:00:00
STU00070,Python,94.3,93.4,6,2.5,46.2,95.5,100.0,94.3,19,Medium,77.1,82.8,2025-10-09 06:00:00
STU00070,Data Structures,94.4,96.4,7,2.5,34.0,93.6,94.3,94.4,14,Medium,80.0,82.3,2025-10-13 08:00:00
STU00070,Algorithms,88.3,90.4,8,2.4,37.2,96.2,94.4,88.3,15,Hard,84.9,78.3,2025-10-17 08:00:00
STU00070,Database,100.0,98.5,9,2.3,47.9,93.8,88.3,100.0,8,Easy,82.1,76.6,2025-10-21 01:00:00
STU00070,Web Development,93.6,92.2,10,2.1,38.7,91.9,100.0,93.6,15,Medium,72.7,81.2,2025-10-25 02:00:00
STU00070,Python,91.6,96.1,11,3.7,33.7,93.4,93.6,91.6,10,Medium,80.9,86.0,2025-10-29 05:00:00
STU00070,Data Structures,97.6,100.0,12,4.1,44.3,86.7,91.6,97.6,20,Medium,82.9,78.9,2025-11-02 08:00:00
STU00070,Algorithms,100.0,98.5,13,3.7,40.0,91.4,97.6,100.0,25,Medium,81.9,81.9,2025-11-06 07:00:00
STU00070,Database,78.4,77.7,14,3.2,34.8,93.7,100.0,78.4,13,Hard,82.2,79.5,2025-11-10 04:00:00
STU00070,Web Development,96.5,100.0,15,3.5,53.2,88.1,78.4,96.5,22,Medium,82.4,82.4,2025-11-14 05:00:00
STU00070,Python,99.7,100.0,16,2.1,30.7,96.0,96.5,99.7,25,Easy,82.9,82.2,2025-11-18 07:00:00
STU00070,Data Structures,99.4,100.0,17,4.0,36.6,93.7,99.7,99.4,25,Easy,88.6,81.3,2025-11-22 04:00:00
STU00070,Algorithms,97.6,100.0,18,3.3,44.3,94.8,99.4,97.6,12,Easy,83.2,82.7,2025-11-26 08:00:00
STU00070,Database,86.8,87.8,19,4.4,42.5,92.9,97.6,86.8,10,Hard,90.9,82.1,2025-11-30 05:00:00
STU00070,Web Development,96.7,100.0,20,4.2,33.7,98.8,86.8,96.7,15,Easy,78.0,81.9,2025-12-04 06:00:00
STU00071,Python,65.8,63.4,1,1.7,71.0,100.0,48.4,65.8,16,Easy,61.6,73.6,2025-09-11 07:00:00
STU00071,Data Structures,57.1,56.0,2,2.9,77.8,94.9,65.8,57.1,23,Medium,59.5,77.7,2025-09-15 01:00:00
STU00071,Algorithms,73.3,68.9,3,1.7,61.3,94.0,57.1,73.3,21,Medium,68.4,81.1,2025-09-19 04:00:00
STU00071,Database,62.3,65.1,4,2.9,60.8,98.4,73.3,62.3,11,Easy,61.0,74.4,2025-09-23 07:00:00
STU00071,Web Development,78.7,83.2,5,3.3,61.5,100.0,62.3,78.7,20,Easy,54.1,77.0,2025-09-27 07:00:00
STU00071,Python,60.9,59.9,6,1.5,60.6,94.3,78.7,60.9,12,Easy,65.2,86.7,2025-10-01 04:00:00
STU00071,Data Structures,61.8,62.2,7,2.8,53.6,91.8,60.9,61.8,15,Medium,59.8,82.8,2025-10-05 04:00:00
STU00071,Algorithms,69.9,68.1,8,2.7,72.1,94.6,61.8,69.9,22,Medium,59.0,77.9,2025-10-09 01:00:00
STU00071,Database,57.2,55.2,9,3.6,54.7,91.5,69.9,57.2,15,Medium,56.0,84.0,2025-10-13 03:00:00
STU00071,Web Development,64.7,66.1,10,2.0,59.2,86.7,57.2,64.7,18,Hard,61.4,81.6,2025-10-17 05:00:00
STU00071,Python,60.0,56.9,11,3.3,66.9,93.0,64.7,60.0,16,Easy,60.2,74.1,2025-10-21 05:00:00
STU00071,Data Structures,69.8,69.1,12,2.0,62.5,95.9,60.0,69.8,21,Easy,59.0,79.6,2025-10-25 08:00:00
STU00071,Algorithms,66.9,65.5,13,3.3,54.1,92.1,69.8,66.9,25,Hard,56.8,75.1,2025-10-29 01:00:00
STU00071,Database,49.3,49.7,14,1.7,60.7,99.8,66.9,49.3,11,Hard,62.0,71.4,2025-11-02 03:00:00
STU00071,Web Development,71.4,72.6,15,3.0,50.4,93.3,49.3,71.4,15,Hard,58.5,73.8,2025-11-06 08:00:00
STU00071,Python,57.1,59.0,16,3.7,57.4,99.7,71.4,57.1,18,Easy,60.6,77.6,2025-11-10 02:00:00
STU00071,Data Structures,68.5,69.4,17,3.2,54.5,95.5,57.1,68.5,20,Medium,61.1,78.0,2025-11-14 02:00:00
STU00071,Algorithms,69.2,70.2,18,3.6,52.2,93.4,68.5,69.2,20,Easy,61.1,82.2,2025-11-18 07:00:00
STU00071,Database,61.4,59.1,19,2.3,55.2,92.7,69.2,61.4,8,Hard,65.3,80.4,2025-11-22 05:00:00
STU00071,Web Development,78.0,78.4,20,1.6,80.3,88.0,61.4,78.0,16,Medium,61.6,72.4,2025-11-26 07:00:00
STU00072,Python,66.0,68.5,1,2.3,69.9,100.0,55.6,66.0,8,Hard,55.6,73.8,2025-09-19 06:00:00
STU00072,Data Structures,82.9,81.8,2,3.1,68.5,91.4,66.0,82.9,17,Easy,62.0,73.8,2025-09-23 06:00:00
STU00072,Algorithms,66.6,66.8,3,3.8,57.1,98.6,82.9,66.6,11,Medium,59.8,75.4,2025-09-27 08:00:00
STU00072,Database,73.7,76.9,4,2.5,67.8,89.5,66.6,73.7,20,Medium,59.8,72.7,2025-10-01 05:00:00
STU00072,Web Development,68.3,62.5,5,2.8,74.7,93.7,73.7,68.3,24,Medium,50.1,62.7,2025-10-05 01:00:00
STU00072,Python,83.8,83.5,6,2.8,58.9,98.8,68.3,83.8,25,Medium,63.9,78.3,2025-10-09 03:00:00
STU00072,Data Structures,81.1,75.7,7,3.7,70.6,93.7,83.8,81.1,12,Medium,62.3,72.3,2025-10-13 05:00:00
STU00072,Algorithms,59.7,58.9,8,1.8,68.4,97.3,81.1,59.7,16,Hard,59.1,79.1,2025-10-17 08:00:00
STU00072,Database,77.9,82.5,9,3.7,60.0,94.1,59.7,77.9,19,Easy,63.8,71.5,2025-10-21 06:00:00
STU00072,Web Development,68.9,67.5,10,3.2,63.8,92.3,77.9,68.9,18,Hard,61.0,69.8,2025-10-25 05:00:00
STU00072,Python,83.6,82.5,11,2.4,62.4,92.0,68.9,83.6,12,Easy,63.5,66.8,2025-10-29 02:00:00
STU00072,Data Structures,97.0,93.1,12,2.6,65.7,89.5,83.6,97.0,23,Easy,55.9,67.3,2025-11-02 02:00:00
STU00072,Algorithms,71.6,70.4,13,3.2,59.0,90.2,97.0,71.6,13,Medium,57.2,72.5,2025-11-06 07:00:00
STU00072,Database,85.0,86.7,14,1.5,54.1,93.1,71.6,85.0,10,Medium,55.1,69.9,2025-11-10 04:00:00
STU00072,Web Development,70.8,72.7,15,2.5,82.6,94.6,85.0,70.8,18,Medium,57.3,67.8,2025-11-14 03:00:00
STU00072,Python,89.8,87.9,16,2.3,76.9,97.0,70.8,89.8,11,Easy,51.9,71.8,2025-11-18 07:00:00
STU00072,Data Structures,82.9,83.0,17,2.6,69.6,94.8,89.8,82.9,16,Medium,66.9,67.4,2025-11-22 05:00:00
STU00072,Algorithms,65.9,67.0,18,3.7,63.6,90.8,82.9,65.9,14,Easy,51.6,74.6,2025-11-26 02:00:00
STU00072,Database,85.2,90.6,19,3.2,64.1,100.0,65.9,85.2,12,Easy,48.3,70.1,2025-11-30 05:00:00
STU00072,Web Development,68.7,72.4,20,2.6,57.1,92.5,85.2,68.7,12,Hard,63.3,67.9,2025-12-04 01:00:00
STU00073,Python,68.3,69.4,1,1.9,74.6,97.0,60.1,68.3,25,Hard,68.6,72.6,2025-09-07 03:00:00
STU00073,Data Structures,85.0,86.7,2,1.8,67.1,91.0,68.3,85.0,8,Medium,66.0,81.6,2025-09-11 04:00:00
STU00073,Algorithms,74.2,74.3,3,2.9,74.7,93.9,85.0,74.2,11,Hard,73.7,77.5,2025-09-15 03:00:00
STU00073,Database,87.7,87.2,4,2.5,68.2,95.8,74.2,87.7,8,Easy,66.1,76.7,2025-09-19 08:00:00
STU00073,Web Development,66.0,67.6,5,2.0,69.4,96.2,87.7,66.0,9,Medium,74.3,75.5,2025-09-23 05:00:00
STU00073,Python,63.5,64.5,6,2.8,77.2,96.3,66.0,63.5,21,Hard,73.2,70.3,2025-09-27 03:00:00
STU00073,Data Structures,93.4,96.4,7,3.6,71.3,94.0,63.5,93.4,14,Easy,70.4,64.1,2025-10-01 08:00:00
STU00073,Algorithms,89.4,86.8,8,3.5,84.5,91.6,93.4,89.4,20,Medium,70.3,77.6,2025-10-05 01:00:00
STU00073,Database,62.6,60.0,9,2.5,70.8,96.6,89.4,62.6,20,Hard,74.7,75.3,2025-10-09 02:00:00
STU00073,Web Development,81.2,85.7,10,4.0,76.2,95.0,62.6,81.2,18,Medium,76.2,80.2,2025-10-13 05:00:00
STU00073,Python,74.3,74.4,11,3.4,70.3,90.8,81.2,74.3,25,Medium,73.3,81.8,2025-10-17 07:00:00
STU00073,Data Structures,87.8,89.0,12,3.0,71.1,90.2,74.3,87.8,25,Medium,67.1,79.0,2025-10-21 02:00:00
STU00073,Algorithms,84.8,87.7,13,3.0,64.3,97.9,87.8,84.8,21,Medium,73.6,80.9,2025-10-25 02:00:00
STU00073,Database,87.6,87.0,14,1.8,71.1,94.3,84.8,87.6,19,Medium,61.9,79.9,2025-10-29 03:00:00
STU00073,Web Development,92.9,90.1,15,3.4,77.4,94.4,87.6,92.9,12,Easy,78.3,74.4,2025-11-02 06:00:00
STU00073,Python,84.4,85.3,16,2.6,67.0,89.3,92.9,84.4,12,Easy,67.8,77.2,2025-11-06 03:00:00
STU00073,Data Structures,81.1,86.1,17,2.9,68.4,100.0,84.4,81.1,20,Medium,75.7,75.4,2025-11-10 03:00:00
STU00073,Algorithms,91.1,90.6,18,1.7,76.9,97.1,81.1,91.1,16,Easy,71.1,73.2,2025-11-14 03:00:00
STU00073,Database,82.6,85.2,19,3.6,74.2,96.2,91.1,82.6,24,Easy,77.2,82.5,2025-11-18 03:00:00
STU00073,Web Development,89.3,89.3,20,2.9,68.3,94.5,82.6,89.3,20,Easy,72.9,83.1,2025-11-22 06:00:00
STU00074,Python,82.9,81.7,1,3.1,77.5,92.5,59.3,82.9,13,Hard,55.3,62.7,2025-09-15 04:00:00
STU00074,Data Structures,95.4,92.3,2,2.9,80.3,92.1,82.9,95.4,8,Easy,56.3,68.8,2025-09-19 06:00:00
STU00074,Algorithms,64.1,65.1,3,1.8,70.6,95.1,95.4,64.1,13,Hard,62.4,61.7,2025-09-23 02:00:00
STU00074,Database,66.5,63.6,4,3.4,76.0,96.0,64.1,66.5,22,Hard,62.6,70.3,2025-09-27 04:00:00
STU00074,Web Development,84.6,88.3,5,3.2,77.4,95.1,66.5,84.6,10,Easy,61.5,64.9,2025-10-01 05:00:00
STU00074,Python,90.4,85.1,6,1.9,64.3,93.2,84.6,90.4,25,Medium,50.5,65.0,2025-10-05 07:00:00
STU00074,Data Structures,88.1,84.8,7,1.8,71.3,93.5,90.4,88.1,24,Easy,67.6,63.6,2025-10-09 04:00:00
STU00074,Algorithms,86.6,83.4,8,3.3,73.6,96.3,88.1,86.6,9,Medium,61.6,74.3,2025-10-13 07:00:00
STU00074,Database,76.1,75.6,9,3.9,72.3,88.7,86.6,76.1,22,Easy,57.5,75.4,2025-10-17 04:00:00
STU00074,Web Development,89.3,88.8,10,3.7,75.0,94.4,76.1,89.3,21,Easy,52.7,70.3,2025-10-21 04:00:00
STU00074,Python,86.5,90.9,11,2.8,53.2,91.9,89.3,86.5,18,Hard,58.9,64.9,2025-10-25 05:00:00
STU00074,Data Structures,84.9,84.1,12,2.6,65.4,96.1,86.5,84.9,9,Medium,54.3,71.3,2025-10-29 06:00:00
STU00074,Algorithms,80.2,79.0,13,2.0,72.9,90.2,84.9,80.2,25,Easy,65.7,65.3,2025-11-02 06:00:00
STU00074,Database,75.4,80.0,14,3.2,58.5,90.1,80.2,75.4,11,Easy,70.6,64.5,2025-11-06 08:00:00
STU00074,Web Development,100.0,97.7,15,1.5,64.8,97.9,75.4,100.0,22,Medium,57.2,67.4,2025-11-10 03:00:00
STU00074,Python,89.9,92.7,16,2.1,75.5,86.5,100.0,89.9,10,Easy,51.9,55.6,2025-11-14 02:00:00
STU00074,Data Structures,84.8,87.9,17,3.8,59.6,100.0,89.9,84.8,8,Medium,60.0,72.1,2025-11-18 01:00:00
STU00074,Algorithms,87.2,82.5,18,2.0,80.6,87.8,84.8,87.2,16,Easy,49.9,71.7,2025-11-22 06:00:00
STU00074,Database,85.8,86.8,19,3.4,65.2,87.6,87.2,85.8,22,Easy,56.7,67.9,2025-11-26 06:00:00
STU00074,Web Development,87.9,87.4,20,2.1,67.1,93.5,85.8,87.9,8,Medium,61.0,68.2,2025-11-30 04:00:00
STU00075,Python,52.4,56.4,1,4.0,75.9,99.7,44.8,52.4,13,Medium,55.2,54.2,2025-09-14 04:00:00
STU00075,Data Structures,46.1,45.3,2,2.5,86.0,95.8,52.4,46.1,23,Hard,46.8,53.0,2025-09-18 01:00:00
STU00075,Algorithms,72.1,75.0,3,1.6,70.7,93.2,46.1,72.1,23,Easy,51.0,62.1,2025-09-22 04:00:00
STU00075,Database,52.9,54.4,4,3.7,80.4,97.6,72.1,52.9,17,Hard,49.4,61.0,2025-09-26 06:00:00
STU00075,Web Development,46.0,43.9,5,3.4,83.0,92.0,52.9,46.0,8,Hard,52.7,60.7,2025-09-30 01:00:00
STU00075,Python,53.6,52.0,6,3.7,80.7,96.7,46.0,53.6,25,Easy,51.4,60.5,2025-10-04 03:00:00
STU00075,Data Structures,54.4,56.5,7,2.1,77.6,96.6,53.6,54.4,8,Medium,51.5,54.2,2025-10-08 01:00:00
STU00075,Algorithms,66.8,67.6,8,2.1,68.3,87.3,54.4,66.8,25,Medium,55.7,52.7,2025-10-12 04:00:00
STU00075,Database,76.4,74.4,9,2.6,80.2,89.7,66.8,76.4,8,Easy,50.4,61.1,2025-10-16 08:00:00
STU00075,Web Development,56.3,58.3,10,2.9,74.2,99.6,76.4,56.3,13,Easy,56.2,58.0,2025-10-20 07:00:00
STU00075,Python,63.1,57.4,11,2.5,79.7,92.6,56.3,63.1,8,Easy,53.2,53.7,2025-10-24 06:00:00
STU00075,Data Structures,69.5,60.9,12,3.7,77.7,93.0,63.1,69.5,22,Easy,57.0,59.9,2025-10-28 03:00:00
STU00075,Algorithms,76.7,76.6,13,3.3,81.4,100.0,69.5,76.7,13,Easy,59.5,58.8,2025-11-01 02:00:00
STU00075,Database,63.9,68.4,14,2.9,67.0,97.8,76.7,63.9,24,Medium,47.0,57.1,2025-11-05 06:00:00
STU00075,Web Development,53.5,54.9,15,3.4,76.2,90.8,63.9,53.5,11,Medium,48.0,58.4,2025-11-09 01:00:00
STU00075,Python,57.9,59.6,16,3.4,72.6,87.5,53.5,57.9,10,Medium,47.9,54.0,2025-11-13 03:00:00
STU00075,Data Structures,63.0,66.2,17,2.2,81.8,94.2,57.9,63.0,9,Medium,44.4,44.2,2025-11-17 03:00:00
STU00075,Algorithms,78.1,77.2,18,2.9,70.3,91.7,63.0,78.1,15,Easy,57.9,62.4,2025-11-21 01:00:00
STU00075,Database,69.4,69.2,19,2.0,84.2,99.9,78.1,69.4,24,Easy,51.6,53.7,2025-11-25 06:00:00
STU00075,Web Development,57.9,62.2,20,3.3,75.3,92.9,69.4,57.9,14,Medium,54.8,54.8,2025-11-29 03:00:00
STU00076,Python,78.3,76.6,1,2.0,51.1,94.9,68.8,78.3,15,Medium,96.7,85.8,2025-09-09 08:00:00
STU00076,Data Structures,100.0,98.6,2,2.3,49.9,95.4,78.3,100.0,13,Easy,94.5,87.4,2025-09-13 02:00:00
STU00076,Algorithms,71.9,75.6,3,2.4,48.8,90.1,100.0,71.9,11,Medium,93.7,87.1,2025-09-17 04:00:00
STU00076,Database,88.1,89.1,4,3.0,52.4,99.4,71.9,88.1,14,Medium,96.6,85.9,2025-09-21 01:00:00
STU00076,Web Development,75.5,76.5,5,4.1,55.6,87.7,88.1,75.5,22,Medium,100.0,85.1,2025-09-25 01:00:00
STU00076,Python,88.3,88.8,6,3.3,43.4,97.3,75.5,88.3,17,Easy,86.7,84.1,2025-09-29 05:00:00
STU00076,Data Structures,98.1,98.7,7,2.5,45.0,100.0,88.3,98.1,15,Easy,89.4,86.0,2025-10-03 05:00:00
STU00076,Algorithms,82.0,81.5,8,2.4,56.2,100.0,98.1,82.0,11,Medium,100.0,93.0,2025-10-07 05:00:00
STU00076,Database,100.0,99.6,9,2.9,42.5,89.9,82.0,100.0,16,Easy,91.9,85.8,2025-10-11 01:00:00
STU00076,Web Development,91.5,92.1,10,3.5,46.5,85.8,100.0,91.5,12,Medium,88.6,82.5,2025-10-15 02:00:00
STU00076,Python,83.4,82.0,11,3.4,51.2,87.1,91.5,83.4,17,Medium,100.0,84.0,2025-10-19 03:00:00
STU00076,Data Structures,85.7,84.0,12,2.6,60.5,91.9,83.4,85.7,9,Hard,93.8,84.7,2025-10-23 02:00:00
STU00076,Algorithms,79.9,83.0,13,2.1,51.8,94.6,85.7,79.9,22,Medium,93.5,83.6,2025-10-27 05:00:00
STU00076,Database,91.3,88.6,14,3.8,55.3,94.6,79.9,91.3,18,Medium,96.3,86.2,2025-10-31 04:00:00
STU00076,Web Development,87.8,87.9,15,3.0,44.7,88.1,91.3,87.8,20,Medium,94.2,87.1,2025-11-04 04:00:00
STU00076,Python,79.0,76.8,16,2.1,47.1,94.5,87.8,79.0,18,Hard,100.0,83.2,2025-11-08 05:00:00
STU00076,Data Structures,100.0,98.9,17,2.4,46.2,91.2,79.0,100.0,20,Medium,86.6,92.1,2025-11-12 03:00:00
STU00076,Algorithms,100.0,100.0,18,2.7,44.9,100.0,100.0,100.0,11,Easy,92.4,91.4,2025-11-16 05:00:00
STU00076,Database,100.0,99.9,19,2.5,45.8,92.7,100.0,100.0,21,Easy,94.1,84.4,2025-11-20 06:00:00
STU00076,Web Development,74.5,77.6,20,3.0,42.8,91.3,100.0,74.5,11,Hard,98.6,86.0,2025-11-24 01:00:00
STU00077,Python,86.1,83.7,1,4.4,47.1,100.0,80.1,86.1,21,Hard,91.6,84.4,2025-09-19 08:00:00
STU00077,Data Structures,85.9,89.6,2,2.1,40.5,95.1,86.1,85.9,13,Easy,94.3,80.6,2025-09-23 01:00:00
STU00077,Algorithms,97.8,93.7,3,2.4,54.6,92.5,85.9,97.8,12,Medium,84.4,85.5,2025-09-27 06:00:00
STU00077,Database,90.4,90.3,4,2.2,55.4,87.0,97.8,90.4,19,Medium,90.9,80.7,2025-10-01 02:00:00
STU00077,Web Development,100.0,99.5,5,4.5,61.3,97.0,90.4,100.0,23,Easy,89.5,85.5,2025-10-05 03:00:00
STU00077,Python,89.7,88.4,6,2.5,41.5,97.5,100.0,89.7,15,Easy,94.0,86.2,2025-10-09 02:00:00
STU00077,Data Structures,86.4,83.2,7,3.7,45.0,95.1,89.7,86.4,9,Medium,88.8,90.0,2025-10-13 06:00:00
STU00077,Algorithms,98.2,100.0,8,3.8,45.5,93.5,86.4,98.2,23,Easy,88.7,83.8,2025-10-17 06:00:00
STU00077,Database,83.0,85.7,9,2.5,48.4,97.4,98.2,83.0,22,Hard,88.8,92.9,2025-10-21 03:00:00
STU00077,Web Development,97.0,96.2,10,4.2,53.0,88.9,83.0,97.0,15,Easy,90.9,90.5,2025-10-25 02:00:00
STU00077,Python,94.4,94.1,11,2.1,48.2,94.8,97.0,94.4,13,Medium,84.4,90.4,2025-10-29 02:00:00
STU00077,Data Structures,92.8,94.6,12,2.1,49.6,95.2,94.4,92.8,20,Medium,92.6,90.8,2025-11-02 04:00:00
STU00077,Algorithms,81.4,84.2,13,3.8,53.7,93.9,92.8,81.4,21,Hard,94.0,84.3,2025-11-06 05:00:00
STU00077,Database,93.0,88.5,14,2.3,50.8,100.0,81.4,93.0,14,Medium,99.3,86.2,2025-11-10 03:00:00
STU00077,Web Development,88.4,88.6,15,3.9,40.0,100.0,93.0,88.4,19,Hard,82.4,85.2,2025-11-14 03:00:00
STU00077,Python,88.1,93.6,16,2.4,51.8,93.9,88.4,88.1,20,Medium,91.4,95.1,2025-11-18 06:00:00
STU00077,Data Structures,98.7,100.0,17,4.2,47.4,90.6,88.1,98.7,15,Easy,93.2,89.8,2025-11-22 01:00:00
STU00077,Algorithms,100.0,100.0,18,2.6,40.2,95.3,98.7,100.0,25,Easy,94.5,85.3,2025-11-26 06:00:00
STU00077,Database,100.0,100.0,19,2.4,40.5,91.0,100.0,100.0,17,Easy,86.5,85.0,2025-11-30 08:00:00
STU00077,Web Development,100.0,99.6,20,3.2,43.1,97.3,100.0,100.0,10,Medium,90.8,78.5,2025-12-04 02:00:00
STU00078,Python,77.8,79.6,1,2.7,78.4,93.7,53.5,77.8,8,Easy,66.6,65.5,2025-09-07 03:00:00
STU00078,Data Structures,72.6,72.2,2,3.1,85.7,98.7,77.8,72.6,10,Medium,67.2,67.5,2025-09-11 04:00:00
STU00078,Algorithms,63.7,60.6,3,2.5,68.8,93.8,72.6,63.7,20,Medium,76.0,68.5,2025-09-15 08:00:00
STU00078,Database,61.3,61.1,4,1.7,69.2,90.9,63.7,61.3,12,Easy,62.7,67.7,2025-09-19 01:00:00
STU00078,Web Development,73.6,75.3,5,3.1,73.4,91.6,61.3,73.6,15,Medium,71.4,58.3,2025-09-23 05:00:00
STU00078,Python,80.5,82.6,6,2.3,83.7,95.9,73.6,80.5,18,Easy,67.2,68.1,2025-09-27 01:00:00
STU00078,Data Structures,74.1,73.6,7,2.4,78.2,92.0,80.5,74.1,17,Easy,62.3,64.5,2025-10-01 05:00:00
STU00078,Algorithms,75.9,75.9,8,2.9,72.0,97.1,74.1,75.9,21,Medium,63.0,66.3,2025-10-05 08:00:00
STU00078,Database,65.1,66.0,9,3.5,71.3,97.4,75.9,65.1,9,Medium,66.2,69.8,2025-10-09 01:00:00
STU00078,Web Development,76.7,79.9,10,1.6,75.2,84.2,65.1,76.7,21,Medium,58.7,59.4,2025-10-13 08:00:00
STU00078,Python,84.2,85.3,11,2.9,71.1,97.4,76.7,84.2,9,Easy,64.5,61.2,2025-10-17 01:00:00
STU00078,Data Structures,78.0,76.5,12,2.5,77.3,98.3,84.2,78.0,10,Easy,69.7,61.8,2025-10-21 06:00:00
STU00078,Algorithms,75.4,71.1,13,2.1,85.7,93.8,78.0,75.4,17,Medium,66.2,62.8,2025-10-25 05:00:00
STU00078,Database,67.6,66.2,14,2.9,70.8,93.2,75.4,67.6,15,Medium,71.2,57.9,2025-10-29 05:00:00
STU00078,Web Development,96.0,89.9,15,3.7,74.5,99.9,67.6,96.0,25,Easy,67.7,68.7,2025-11-02 06:00:00
STU00078,Python,75.9,80.6,16,2.0,66.2,91.6,96.0,75.9,24,Medium,58.2,61.6,2025-11-06 02:00:00
STU00078,Data Structures,84.0,83.7,17,2.9,82.3,99.4,75.9,84.0,11,Easy,70.7,61.0,2025-11-10 08:00:00
STU00078,Algorithms,80.1,80.3,18,3.1,74.2,91.2,84.0,80.1,23,Easy,67.0,64.2,2025-11-14 03:00:00
STU00078,Database,70.5,66.8,19,3.6,74.5,96.0,80.1,70.5,15,Easy,59.5,63.2,2025-11-18 03:00:00
STU00078,Web Development,89.6,86.4,20,2.0,76.1,92.3,70.5,89.6,20,Hard,69.6,62.5,2025-11-22 07:00:00
STU00079,Python,98.6,95.9,1,3.0,51.1,96.4,77.5,98.6,25,Easy,93.3,92.2,2025-09-07 04:00:00
STU00079,Data Structures,94.5,96.0,2,3.7,55.1,100.0,98.6,94.5,14,Easy,93.2,95.7,2025-09-11 05:00:00
STU00079,Algorithms,98.4,98.1,3,3.1,40.6,92.7,94.5,98.4,20,Medium,95.4,87.7,2025-09-15 01:00:00
STU00079,Database,99.7,100.0,4,3.8,52.7,91.9,98.4,99.7,16,Easy,90.6,96.2,2025-09-19 01:00:00
STU00079,Web Development,100.0,100.0,5,3.2,47.9,94.1,99.7,100.0,16,Easy,94.9,93.6,2025-09-23 04:00:00
STU00079,Python,98.4,93.1,6,4.1,50.3,94.2,100.0,98.4,25,Medium,92.0,90.5,2025-09-27 07:00:00
STU00079,Data Structures,98.0,92.8,7,4.3,48.4,97.3,98.4,98.0,24,Easy,100.0,92.4,2025-10-01 04:00:00
STU00079,Algorithms,100.0,98.0,8,2.3,47.0,95.5,98.0,100.0,8,Easy,95.0,95.6,2025-10-05 08:00:00
STU00079,Database,100.0,100.0,9,4.0,38.0,100.0,100.0,100.0,22,Medium,95.8,90.9,2025-10-09 08:00:00
STU00079,Web Development,93.9,96.0,10,3.9,49.8,100.0,100.0,93.9,14,Medium,100.0,95.9,2025-10-13 03:00:00
STU00079,Python,84.5,85.3,11,3.2,45.2,97.8,93.9,84.5,12,Hard,99.2,94.0,2025-10-17 08:00:00
STU00079,Data Structures,93.2,95.6,12,4.5,44.4,93.3,84.5,93.2,13,Easy,100.0,91.0,2025-10-21 03:00:00
STU00079,Algorithms,100.0,100.0,13,3.8,48.0,93.4,93.2,100.0,25,Easy,87.7,94.2,2025-10-25 02:00:00
STU00079,Database,95.0,97.6,14,4.1,37.6,97.9,100.0,95.0,13,Medium,95.6,92.0,2025-10-29 06:00:00
STU00079,Web Development,96.5,98.8,15,4.0,42.0,95.4,95.0,96.5,24,Medium,95.5,91.5,2025-11-02 03:00:00
STU00079,Python,98.6,100.0,16,2.9,40.0,98.0,96.5,98.6,16,Easy,100.0,89.3,2025-11-06 03:00:00
STU00079,Data Structures,82.6,85.0,17,3.9,47.6,96.2,98.6,82.6,12,Hard,100.0,98.2,2025-11-10 02:00:00
STU00079,Algorithms,100.0,100.0,18,4.5,32.0,92.6,82.6,100.0,9,Medium,90.4,85.2,2025-11-14 02:00:00
STU00079,Database,97.8,100.0,19,2.1,42.5,92.9,100.0,97.8,12,Medium,91.3,96.9,2025-11-18 05:00:00
STU00079,Web Development,99.1,93.4,20,3.9,41.2,95.1,97.8,99.1,12,Medium,100.0,87.2,2025-11-22 05:00:00
STU00080,Python,88.9,87.1,1,3.8,34.5,88.1,73.9,88.9,14,Medium,96.2,79.8,2025-09-13 08:00:00
STU00080,Data Structures,81.0,75.6,2,3.2,27.1,89.7,88.9,81.0,8,Hard,92.7,81.1,2025-09-17 03:00:00
STU00080,Algorithms,84.5,89.2,3,3.7,47.3,98.0,81.0,84.5,18,Easy,95.1,85.9,2025-09-21 08:00:00
STU00080,Database,100.0,100.0,4,3.6,44.3,100.0,84.5,100.0,18,Easy,90.1,81.9,2025-09-25 08:00:00
STU00080,Web Development,84.9,86.6,5,2.9,41.2,98.4,100.0,84.9,20,Hard,91.9,81.7,2025-09-29 03:00:00
STU00080,Python,90.6,92.3,6,3.5,41.5,97.4,84.9,90.6,21,Easy,93.3,82.6,2025-10-03 06:00:00
STU00080,Data Structures,89.8,90.9,7,2.6,31.6,88.6,90.6,89.8,21,Easy,95.5,85.3,2025-10-07 05:00:00
STU00080,Algorithms,95.1,94.3,8,2.8,35.9,99.8,89.8,95.1,25,Medium,91.5,82.5,2025-10-11 02:00:00
STU00080,Database,99.3,100.0,9,3.4,39.3,92.7,95.1,99.3,13,Easy,98.1,82.6,2025-10-15 03:00:00
STU00080,Web Development,85.1,89.7,10,2.9,34.9,100.0,99.3,85.1,11,Hard,91.7,75.5,2025-10-19 07:00:00
STU00080,Python,93.4,93.5,11,2.0,36.6,93.1,85.1,93.4,18,Medium,92.5,85.3,2025-10-23 07:00:00
STU00080,Data Structures,100.0,99.1,12,2.0,37.7,92.6,93.4,100.0,24,Easy,96.9,77.9,2025-10-27 08:00:00
STU00080,Algorithms,96.4,92.1,13,3.0,25.0,100.0,100.0,96.4,20,Easy,92.8,73.4,2025-10-31 02:00:00
STU00080,Database,100.0,100.0,14,2.3,44.0,100.0,96.4,100.0,12,Medium,94.0,82.7,2025-11-04 01:00:00
STU00080,Web Development,100.0,99.2,15,3.3,37.8,93.1,100.0,100.0,23,Easy,100.0,76.9,2025-11-08 02:00:00
STU00080,Python,94.1,92.3,16,3.0,25.0,88.0,100.0,94.1,16,Easy,88.5,78.1,2025-11-12 03:00:00
STU00080,Data Structures,89.2,89.8,17,2.5,30.7,96.7,94.1,89.2,13,Medium,92.5,78.9,2025-11-16 06:00:00
STU00080,Algorithms,83.9,84.4,18,3.0,34.5,94.7,89.2,83.9,9,Hard,91.7,82.6,2025-11-20 04:00:00
STU00080,Database,94.3,94.4,19,2.9,28.2,86.6,83.9,94.3,13,Hard,90.1,76.0,2025-11-24 01:00:00
STU00080,Web Development,98.3,100.0,20,3.1,30.9,96.2,94.3,98.3,15,Easy,95.1,84.9,2025-11-28 04:00:00
STU00081,Python,32.8,37.9,1,1.9,106.6,95.8,31.2,32.8,25,Hard,55.3,61.3,2025-09-08 01:00:00
STU00081,Data Structures,39.5,44.0,2,2.0,112.2,100.0,32.8,39.5,11,Hard,54.0,47.9,2025-09-12 04:00:00
STU00081,Algorithms,49.1,53.9,3,1.7,101.5,95.9,39.5,49.1,8,Easy,50.6,59.5,2025-09-16 08:00:00
STU00081,Database,57.8,55.8,4,2.4,109.7,94.8,49.1,57.8,25,Easy,49.9,53.7,2025-09-20 05:00:00
STU00081,Web Development,63.0,60.1,5,3.9,120.6,100.0,57.8,63.0,11,Easy,54.4,59.1,2025-09-24 04:00:00
STU00081,Python,44.3,45.9,6,3.2,121.4,94.6,63.0,44.3,12,Medium,56.5,51.1,2025-09-28 07:00:00
STU00081,Data Structures,53.9,55.7,7,3.6,113.7,98.3,44.3,53.9,17,Medium,53.7,51.2,2025-10-02 03:00:00
STU00081,Algorithms,58.5,55.3,8,3.1,111.0,88.5,53.9,58.5,12,Easy,52.8,52.2,2025-10-06 08:00:00
STU00081,Database,59.8,62.9,9,3.0,111.7,95.0,58.5,59.8,22,Easy,54.1,53.0,2025-10-10 01:00:00
STU00081,Web Development,50.1,51.5,10,3.2,109.0,98.7,59.8,50.1,17,Medium,56.3,55.7,2025-10-14 04:00:00
STU00081,Python,50.9,52.1,11,2.7,106.8,99.3,50.1,50.9,18,Medium,59.4,61.1,2025-10-18 02:00:00
STU00081,Data Structures,49.6,50.0,12,2.2,117.5,95.3,50.9,49.6,24,Hard,60.5,47.1,2025-10-22 06:00:00
STU00081,Algorithms,44.0,44.5,13,2.5,111.3,94.7,49.6,44.0,20,Hard,56.3,60.1,2025-10-26 01:00:00
STU00081,Database,69.5,63.9,14,2.4,111.7,96.7,44.0,69.5,25,Easy,61.4,51.2,2025-10-30 04:00:00
STU00081,Web Development,50.5,48.3,15,3.5,99.4,93.2,69.5,50.5,23,Hard,57.1,62.6,2025-11-03 02:00:00
STU00081,Python,51.2,51.6,16,3.8,102.9,96.3,50.5,51.2,8,Medium,60.3,55.6,2025-11-07 06:00:00
STU00081,Data Structures,61.5,59.2,17,3.7,99.9,91.7,51.2,61.5,8,Medium,66.0,49.6,2025-11-11 07:00:00
STU00081,Algorithms,59.6,61.5,18,2.6,96.3,93.0,61.5,59.6,17,Easy,52.9,57.0,2025-11-15 08:00:00
STU00081,Database,50.9,53.9,19,1.9,113.7,90.0,59.6,50.9,8,Hard,62.7,59.2,2025-11-19 07:00:00
STU00081,Web Development,68.4,67.7,20,2.2,110.8,94.1,50.9,68.4,9,Easy,55.1,56.8,2025-11-23 06:00:00
STU00082,Python,49.6,46.7,1,1.9,115.8,94.1,35.1,49.6,8,Medium,46.1,60.4,2025-09-16 05:00:00
STU00082,Data Structures,39.6,39.6,2,2.5,103.5,93.4,49.6,39.6,18,Medium,45.5,60.0,2025-09-20 07:00:00
STU00082,Algorithms,50.6,52.5,3,2.1,123.5,95.3,39.6,50.6,12,Easy,46.0,64.3,2025-09-24 04:00:00
STU00082,Database,62.9,66.0,4,1.5,111.6,97.1,50.6,62.9,13,Easy,56.2,55.0,2025-09-28 02:00:00
STU00082,Web Development,45.4,40.2,5,1.9,118.1,94.1,62.9,45.4,21,Hard,48.2,53.1,2025-10-02 04:00:00
STU00082,Python,47.1,49.7,6,2.3,115.0,100.0,45.4,47.1,13,Medium,45.9,54.7,2025-10-06 06:00:00
STU00082,Data Structures,45.8,45.9,7,3.0,109.7,95.4,47.1,45.8,9,Easy,41.9,57.0,2025-10-10 06:00:00
STU00082,Algorithms,49.9,49.1,8,2.7,112.4,89.3,45.8,49.9,19,Easy,48.0,54.7,2025-10-14 05:00:00
STU00082,Database,62.3,61.6,9,2.3,112.9,90.1,49.9,62.3,14,Easy,47.0,65.7,2025-10-18 04:00:00
STU00082,Web Development,52.0,52.0,10,2.0,104.9,94.2,62.3,52.0,10,Easy,46.4,55.3,2025-10-22 03:00:00
STU00082,Python,46.1,45.5,11,1.9,113.3,94.2,52.0,46.1,13,Medium,43.0,58.6,2025-10-26 01:00:00
STU00082,Data Structures,60.5,56.3,12,2.3,116.6,99.3,46.1,60.5,21,Easy,44.8,63.2,2025-10-30 06:00:00
STU00082,Algorithms,48.8,52.2,13,1.8,107.3,94.2,60.5,48.8,21,Medium,46.5,55.6,2025-11-03 05:00:00
STU00082,Database,49.6,52.8,14,2.4,115.4,100.0,48.8,49.6,10,Hard,50.3,57.8,2025-11-07 07:00:00
STU00082,Web Development,59.4,56.5,15,3.5,108.2,100.0,49.6,59.4,9,Easy,43.4,54.7,2025-11-11 01:00:00
STU00082,Python,46.1,46.9,16,2.7,104.0,92.7,59.4,46.1,15,Medium,50.5,52.7,2025-11-15 06:00:00
STU00082,Data Structures,52.2,53.0,17,2.8,111.5,93.6,46.1,52.2,17,Easy,42.5,62.2,2025-11-19 05:00:00
STU00082,Algorithms,55.2,58.7,18,2.6,104.8,96.8,52.2,55.2,19,Medium,51.2,50.5,2025-11-23 06:00:00
STU00082,Database,62.2,63.8,19,2.8,114.6,98.4,55.2,62.2,13,Medium,50.2,61.4,2025-11-27 08:00:00
STU00082,Web Development,56.6,60.1,20,3.6,110.2,91.9,62.2,56.6,25,Medium,49.6,63.1,2025-12-01 08:00:00
STU00083,Python,67.2,67.5,1,1.8,114.0,97.6,35.0,67.2,8,Medium,51.8,61.1,2025-09-11 07:00:00
STU00083,Data Structures,49.7,48.6,2,4.0,104.7,95.3,67.2,49.7,16,Medium,54.0,55.3,2025-09-15 01:00:00
STU00083,Algorithms,36.6,40.8,3,3.7,116.5,90.7,49.7,36.6,13,Hard,52.8,52.8,2025-09-19 01:00:00
STU00083,Database,49.5,54.7,4,3.0,113.8,100.0,36.6,49.5,10,Easy,46.5,52.3,2025-09-23 01:00:00
STU00083,Web Development,42.3,47.4,5,3.2,114.5,100.0,49.5,42.3,8,Medium,50.5,54.5,2025-09-27 04:00:00
STU00083,Python,63.3,57.4,6,1.8,105.6,93.0,42.3,63.3,12,Medium,48.5,53.7,2025-10-01 02:00:00
STU00083,Data Structures,45.5,47.6,7,2.3,108.4,94.6,63.3,45.5,24,Easy,50.3,55.4,2025-10-05 06:00:00
STU00083,Algorithms,57.8,54.6,8,2.5,123.0,89.8,45.5,57.8,24,Easy,46.7,56.6,2025-10-09 07:00:00
STU00083,Database,54.7,52.0,9,3.3,107.1,96.7,57.8,54.7,19,Easy,50.9,62.1,2025-10-13 01:00:00
STU00083,Web Development,59.2,60.5,10,3.6,105.1,96.6,54.7,59.2,17,Medium,47.7,57.4,2025-10-17 06:00:00
STU00083,Python,57.5,54.0,11,2.0,102.5,100.0,59.2,57.5,11,Hard,48.4,58.6,2025-10-21 01:00:00
STU00083,Data Structures,53.9,55.7,12,2.0,112.7,95.4,57.5,53.9,21,Medium,56.4,56.4,2025-10-25 07:00:00
STU00083,Algorithms,61.0,57.5,13,2.4,108.7,96.5,53.9,61.0,21,Easy,58.1,60.4,2025-10-29 08:00:00
STU00083,Database,40.5,42.2,14,3.7,106.8,92.5,61.0,40.5,16,Hard,54.3,57.5,2025-11-02 02:00:00
STU00083,Web Development,54.9,55.4,15,4.0,112.2,95.1,40.5,54.9,21,Easy,51.1,58.6,2025-11-06 02:00:00
STU00083,Python,67.0,65.5,16,3.4,110.6,98.5,54.9,67.0,14,Easy,55.3,54.2,2025-11-10 01:00:00
STU00083,Data Structures,43.3,48.9,17,3.1,97.2,88.6,67.0,43.3,8,Medium,48.3,55.5,2025-11-14 05:00:00
STU00083,Algorithms,40.5,46.5,18,3.4,101.8,100.0,43.3,40.5,15,Hard,53.9,50.6,2025-11-18 08:00:00
STU00083,Database,49.1,47.3,19,1.6,119.3,93.5,40.5,49.1,25,Easy,57.6,55.9,2025-11-22 07:00:00
STU00083,Web Development,52.2,57.2,20,1.6,105.7,97.6,49.1,52.2,24,Medium,51.1,47.9,2025-11-26 08:00:00
STU00084,Python,89.4,90.4,1,4.4,51.7,100.0,77.6,89.4,21,Medium,90.2,84.9,2025-09-13 03:00:00
STU00084,Data Structures,85.6,93.3,2,4.3,58.3,98.2,89.4,85.6,15,Easy,92.0,82.0,2025-09-17 06:00:00
STU00084,Algorithms,88.8,86.4,3,2.0,45.8,90.5,85.6,88.8,16,Medium,89.9,87.0,2025-09-21 05:00:00
STU00084,Database,94.8,98.4,4,2.1,38.8,95.6,88.8,94.8,11,Easy,96.4,82.8,2025-09-25 03:00:00
STU00084,Web Development,80.5,79.6,5,3.8,37.2,96.0,94.8,80.5,16,Medium,91.2,81.5,2025-09-29 04:00:00
STU00084,Python,99.7,100.0,6,4.0,47.4,95.6,80.5,99.7,14,Easy,88.5,87.0,2025-10-03 01:00:00
STU00084,Data Structures,90.4,90.6,7,3.0,47.8,95.2,99.7,90.4,25,Easy,82.7,89.0,2025-10-07 03:00:00
STU00084,Algorithms,94.9,95.7,8,2.8,47.3,91.2,90.4,94.9,21,Easy,87.4,83.9,2025-10-11 06:00:00
STU00084,Database,97.8,98.0,9,3.2,44.2,94.4,94.9,97.8,11,Easy,85.5,85.5,2025-10-15 01:00:00
STU00084,Web Development,89.4,90.3,10,3.9,52.5,95.9,97.8,89.4,13,Easy,89.9,86.9,2025-10-19 07:00:00
STU00084,Python,95.5,95.3,11,3.0,47.2,96.6,89.4,95.5,16,Medium,84.0,93.7,2025-10-23 05:00:00
STU00084,Data Structures,93.3,93.3,12,2.4,50.4,85.3,95.5,93.3,23,Medium,89.9,81.6,2025-10-27 05:00:00
STU00084,Algorithms,99.2,100.0,13,3.9,43.8,100.0,93.3,99.2,12,Easy,88.6,87.4,2025-10-31 07:00:00
STU00084,Database,100.0,99.2,14,3.9,51.8,100.0,99.2,100.0,8,Easy,84.7,83.7,2025-11-04 08:00:00
STU00084,Web Development,94.7,90.9,15,2.5,48.6,100.0,100.0,94.7,19,Medium,86.5,88.0,2025-11-08 03:00:00
STU00084,Python,89.1,87.9,16,3.8,61.9,96.6,94.7,89.1,12,Medium,87.2,89.0,2025-11-12 06:00:00
STU00084,Data Structures,90.5,89.4,17,2.3,42.5,92.0,89.1,90.5,25,Medium,81.0,81.6,2025-11-16 03:00:00
STU00084,Algorithms,90.7,87.9,18,2.7,38.5,91.9,90.5,90.7,21,Medium,87.5,90.5,2025-11-20 07:00:00
STU00084,Database,100.0,100.0,19,3.3,43.6,99.4,90.7,100.0,8,Easy,84.8,85.2,2025-11-24 02:00:00
STU00084,Web Development,83.4,82.9,20,4.1,50.0,98.1,100.0,83.4,9,Hard,92.6,87.0,2025-11-28 04:00:00
STU00085,Python,89.4,89.9,1,2.6,82.5,100.0,63.3,89.4,13,Easy,72.9,80.1,2025-09-06 08:00:00
STU00085,Data Structures,75.3,77.4,2,2.3,82.5,90.3,89.4,75.3,8,Medium,71.4,79.5,2025-09-10 07:00:00
STU00085,Algorithms,75.8,78.8,3,2.1,75.6,95.3,75.3,75.8,24,Easy,63.9,78.3,2025-09-14 02:00:00
STU00085,Database,82.7,83.3,4,3.9,78.6,91.8,75.8,82.7,12,Easy,71.6,77.2,2025-09-18 08:00:00
STU00085,Web Development,83.3,87.2,5,3.9,68.8,92.9,82.7,83.3,9,Easy,66.9,82.4,2025-09-22 06:00:00
STU00085,Python,97.8,100.0,6,3.7,67.3,93.7,83.3,97.8,16,Easy,69.8,79.9,2025-09-26 01:00:00
STU00085,Data Structures,73.8,74.4,7,3.2,73.8,97.0,97.8,73.8,11,Hard,70.2,76.2,2025-09-30 08:00:00
STU00085,Algorithms,81.4,83.2,8,3.2,69.3,93.7,73.8,81.4,16,Easy,69.6,81.1,2025-10-04 05:00:00
STU00085,Database,75.1,79.2,9,3.2,78.4,96.1,81.4,75.1,15,Easy,70.0,83.2,2025-10-08 08:00:00
STU00085,Web Development,84.3,85.7,10,3.0,69.3,87.4,75.1,84.3,21,Easy,64.8,81.4,2025-10-12 02:00:00
STU00085,Python,96.7,100.0,11,3.5,72.2,90.2,84.3,96.7,10,Easy,69.8,77.0,2025-10-16 03:00:00
STU00085,Data Structures,70.3,73.2,12,3.9,80.7,100.0,96.7,70.3,12,Medium,74.3,79.9,2025-10-20 02:00:00
STU00085,Algorithms,81.7,83.6,13,3.5,62.5,100.0,70.3,81.7,21,Medium,67.0,88.3,2025-10-24 04:00:00
STU00085,Database,89.2,89.1,14,3.0,80.6,94.8,81.7,89.2,12,Easy,67.3,78.0,2025-10-28 02:00:00
STU00085,Web Development,77.3,81.1,15,3.9,70.7,95.6,89.2,77.3,20,Medium,71.5,79.8,2025-11-01 08:00:00
STU00085,Python,95.3,92.2,16,1.6,76.4,97.1,77.3,95.3,12,Medium,69.8,79.4,2025-11-05 03:00:00
STU00085,Data Structures,73.6,77.4,17,3.1,73.2,95.7,95.3,73.6,8,Easy,68.9,76.6,2025-11-09 06:00:00
STU00085,Algorithms,85.5,84.4,18,3.9,72.5,88.6,73.6,85.5,16,Easy,68.3,85.1,2025-11-13 05:00:00
STU00085,Database,91.4,91.8,19,2.0,66.4,92.1,85.5,91.4,8,Medium,72.1,80.2,2025-11-17 04:00:00
STU00085,Web Development,85.9,90.1,20,2.0,70.8,90.4,91.4,85.9,12,Easy,70.5,82.9,2025-11-21 07:00:00
STU00086,Python,87.8,90.6,1,2.9,43.5,91.2,76.1,87.8,12,Medium,86.8,79.9,2025-09-19 02:00:00
STU00086,Data Structures,81.7,78.0,2,4.1,34.2,97.8,87.8,81.7,16,Hard,85.6,79.2,2025-09-23 08:00:00
STU00086,Algorithms,94.3,96.3,3,2.9,60.9,97.5,81.7,94.3,11,Medium,85.9,79.3,2025-09-27 08:00:00
STU00086,Database,96.6,94.8,4,2.7,45.0,96.3,94.3,96.6,21,Hard,89.6,77.8,2025-10-01 03:00:00
STU00086,Web Development,86.3,82.6,5,4.1,37.1,90.9,96.6,86.3,13,Hard,81.5,86.5,2025-10-05 03:00:00
STU00086,Python,90.8,95.8,6,3.6,47.2,96.1,86.3,90.8,23,Easy,85.5,77.5,2025-10-09 02:00:00
STU00086,Data Structures,100.0,100.0,7,2.6,45.7,100.0,90.8,100.0,17,Medium,76.8,82.4,2025-10-13 03:00:00
STU00086,Algorithms,100.0,100.0,8,3.3,50.2,94.8,100.0,100.0,8,Medium,83.7,83.9,2025-10-17 02:00:00
STU00086,Database,100.0,96.8,9,2.8,41.8,92.3,100.0,100.0,13,Hard,84.8,83.4,2025-10-21 07:00:00
STU00086,Web Development,99.0,100.0,10,4.1,43.7,97.2,100.0,99.0,24,Easy,75.9,90.3,2025-10-25 04:00:00
STU00086,Python,100.0,100.0,11,3.4,35.6,92.0,99.0,100.0,9,Easy,91.1,86.0,2025-10-29 01:00:00
STU00086,Data Structures,95.8,97.5,12,2.3,51.2,98.8,100.0,95.8,11,Hard,81.0,80.1,2025-11-02 07:00:00
STU00086,Algorithms,96.7,100.0,13,4.2,52.4,100.0,95.8,96.7,19,Easy,82.5,77.4,2025-11-06 01:00:00
STU00086,Database,98.2,99.4,14,4.4,36.4,96.0,96.7,98.2,19,Medium,89.7,79.8,2025-11-10 02:00:00
STU00086,Web Development,100.0,100.0,15,3.8,56.3,96.3,98.2,100.0,25,Easy,76.9,81.0,2025-11-14 08:00:00
STU00086,Python,99.9,97.3,16,3.9,42.6,90.6,100.0,99.9,21,Medium,85.5,83.0,2025-11-18 02:00:00
STU00086,Data Structures,98.6,100.0,17,2.5,34.1,91.2,99.9,98.6,20,Medium,84.7,87.1,2025-11-22 02:00:00
STU00086,Algorithms,99.3,100.0,18,4.2,39.5,94.3,98.6,99.3,8,Medium,86.1,85.4,2025-11-26 01:00:00
STU00086,Database,100.0,100.0,19,4.2,40.0,95.0,99.3,100.0,16,Medium,83.1,79.5,2025-11-30 03:00:00
STU00086,Web Development,100.0,100.0,20,2.3,33.0,91.4,100.0,100.0,20,Easy,79.3,78.4,2025-12-04 06:00:00
STU00087,Python,42.3,41.8,1,1.8,98.8,96.9,30.0,42.3,12,Hard,55.7,40.7,2025-09-16 01:00:00
STU00087,Data Structures,57.5,58.5,2,3.1,104.3,86.6,42.3,57.5,13,Easy,55.5,43.1,2025-09-20 02:00:00
STU00087,Algorithms,41.7,42.9,3,3.6,98.3,94.9,57.5,41.7,8,Medium,55.4,42.2,2025-09-24 07:00:00
STU00087,Database,49.3,51.7,4,2.1,105.7,98.1,41.7,49.3,10,Medium,51.4,44.9,2025-09-28 07:00:00
STU00087,Web Development,41.6,43.7,5,3.7,98.4,92.6,49.3,41.6,17,Medium,54.3,39.9,2025-10-02 06:00:00
STU00087,Python,48.6,55.2,6,2.6,103.0,92.7,41.6,48.6,24,Easy,58.3,35.6,2025-10-06 07:00:00
STU00087,Data Structures,32.3,31.6,7,2.3,103.6,87.0,48.6,32.3,12,Hard,54.5,40.0,2025-10-10 08:00:00
STU00087,Algorithms,42.5,41.2,8,2.4,95.4,93.2,32.3,42.5,18,Hard,54.5,42.2,2025-10-14 01:00:00
STU00087,Database,50.7,50.2,9,2.5,107.0,100.0,42.5,50.7,21,Medium,56.4,32.8,2025-10-18 06:00:00
STU00087,Web Development,43.1,42.7,10,2.4,100.2,95.3,50.7,43.1,14,Medium,60.4,42.2,2025-10-22 02:00:00
STU00087,Python,55.6,59.0,11,4.0,100.6,90.4,43.1,55.6,9,Easy,57.0,45.0,2025-10-26 05:00:00
STU00087,Data Structures,35.0,41.2,12,2.2,105.4,96.5,55.6,35.0,18,Hard,54.4,34.7,2025-10-30 07:00:00
STU00087,Algorithms,55.8,51.3,13,2.5,83.9,93.0,35.0,55.8,22,Easy,57.9,44.9,2025-11-03 05:00:00
STU00087,Database,44.3,43.6,14,2.6,107.8,91.2,55.8,44.3,12,Hard,54.5,40.6,2025-11-07 04:00:00
STU00087,Web Development,26.8,28.8,15,2.7,99.2,91.5,44.3,26.8,12,Hard,57.0,45.2,2025-11-11 08:00:00
STU00087,Python,52.7,53.4,16,2.2,106.8,92.6,26.8,52.7,20,Medium,53.6,38.9,2025-11-15 01:00:00
STU00087,Data Structures,49.8,52.1,17,2.4,106.2,95.8,52.7,49.8,12,Medium,50.8,41.3,2025-11-19 02:00:00
STU00087,Algorithms,42.2,44.7,18,2.1,104.3,95.1,49.8,42.2,18,Hard,54.8,41.2,2025-11-23 08:00:00
STU00087,Database,55.1,55.1,19,2.1,95.9,95.6,42.2,55.1,8,Medium,56.4,47.4,2025-11-27 05:00:00
STU00087,Web Development,55.5,52.6,20,3.6,96.7,95.8,55.1,55.5,9,Easy,55.3,38.0,2025-12-01 03:00:00
STU00088,Python,76.6,74.8,1,3.6,55.3,97.9,46.0,76.6,9,Easy,55.7,79.6,2025-09-06 07:00:00
STU00088,Data Structures,45.7,48.5,2,2.0,69.7,91.1,76.6,45.7,25,Hard,76.0,74.1,2025-09-10 05:00:00
STU00088,Algorithms,60.7,60.7,3,2.6,63.6,95.2,45.7,60.7,22,Easy,67.4,68.4,2025-09-14 04:00:00
STU00088,Database,66.9,68.4,4,3.4,68.4,91.1,60.7,66.9,9,Medium,61.7,75.5,2025-09-18 03:00:00
STU00088,Web Development,66.5,64.1,5,2.9,68.1,88.6,66.9,66.5,22,Medium,64.2,75.6,2025-09-22 08:00:00
STU00088,Python,67.3,68.6,6,3.9,66.9,95.8,66.5,67.3,18,Medium,62.3,75.2,2025-09-26 06:00:00
STU00088,Data Structures,68.8,69.0,7,3.2,61.9,100.0,67.3,68.8,12,Medium,60.1,73.5,2025-09-30 08:00:00
STU00088,Algorithms,71.7,68.4,8,3.6,61.2,100.0,68.8,71.7,17,Easy,67.5,72.1,2025-10-04 07:00:00
STU00088,Database,69.4,72.6,9,3.1,62.4,91.1,71.7,69.4,13,Easy,59.2,71.8,2025-10-08 04:00:00
STU00088,Web Development,61.3,65.3,10,1.6,59.1,90.3,69.4,61.3,25,Medium,55.7,75.8,2025-10-12 07:00:00
STU00088,Python,72.5,78.3,11,1.6,59.4,95.2,61.3,72.5,11,Medium,55.4,69.8,2025-10-16 03:00:00
STU00088,Data Structures,60.3,66.7,12,3.4,71.9,92.2,72.5,60.3,15,Medium,60.1,70.7,2025-10-20 01:00:00
STU00088,Algorithms,71.6,65.3,13,2.1,67.1,100.0,60.3,71.6,15,Medium,61.7,73.8,2025-10-24 06:00:00
STU00088,Database,63.7,57.0,14,1.8,61.4,93.1,71.6,63.7,18,Hard,60.9,79.9,2025-10-28 01:00:00
STU00088,Web Development,67.5,67.6,15,2.9,57.8,92.4,63.7,67.5,14,Easy,62.5,69.9,2025-11-01 03:00:00
STU00088,Python,84.0,86.0,16,1.8,60.0,94.1,67.5,84.0,25,Easy,65.3,72.9,2025-11-05 03:00:00
STU00088,Data Structures,69.8,71.1,17,3.7,67.3,97.5,84.0,69.8,20,Medium,59.3,80.4,2025-11-09 03:00:00
STU00088,Algorithms,56.4,52.9,18,2.0,54.5,95.4,69.8,56.4,19,Hard,62.2,74.4,2025-11-13 01:00:00
STU00088,Database,77.6,80.8,19,2.9,62.2,92.9,56.4,77.6,11,Easy,60.3,71.6,2025-11-17 08:00:00
STU00088,Web Development,70.5,70.2,20,2.5,70.0,92.3,77.6,70.5,16,Easy,60.2,73.3,2025-11-21 07:00:00
STU00089,Python,75.7,74.2,1,2.2,54.3,96.6,66.8,75.7,19,Hard,90.5,83.1,2025-09-10 06:00:00
STU00089,Data Structures,95.0,90.0,2,2.3,49.6,92.4,75.7,95.0,9,Easy,89.1,90.0,2025-09-14 08:00:00
STU00089,Algorithms,84.9,85.9,3,3.7,52.6,97.1,95.0,84.9,10,Medium,90.4,90.5,2025-09-18 05:00:00
STU00089,Database,74.5,78.1,4,2.3,58.0,100.0,84.9,74.5,8,Medium,91.7,95.3,2025-09-22 08:00:00
STU00089,Web Development,90.0,87.4,5,4.4,59.5,90.4,74.5,90.0,25,Easy,91.7,91.3,2025-09-26 01:00:00
STU00089,Python,86.0,86.7,6,3.1,58.8,96.7,90.0,86.0,24,Easy,94.2,86.8,2025-09-30 04:00:00
STU00089,Data Structures,88.7,89.2,7,3.1,52.5,92.9,86.0,88.7,13,Medium,98.1,91.1,2025-10-04 07:00:00
STU00089,Algorithms,88.2,91.0,8,4.3,56.8,90.7,88.7,88.2,18,Medium,93.2,88.9,2025-10-08 07:00:00
STU00089,Database,89.1,86.6,9,3.9,46.5,94.2,88.2,89.1,20,Easy,97.4,97.7,2025-10-12 05:00:00
STU00089,Web Development,95.7,91.0,10,4.2,49.4,93.6,89.1,95.7,13,Medium,94.2,87.6,2025-10-16 05:00:00
STU00089,Python,92.9,92.5,11,2.0,48.9,91.0,95.7,92.9,13,Easy,95.5,86.7,2025-10-20 03:00:00
STU00089,Data Structures,89.5,92.6,12,4.1,59.4,96.7,92.9,89.5,21,Medium,93.9,91.9,2025-10-24 05:00:00
STU00089,Algorithms,90.7,89.5,13,3.8,55.4,96.4,89.5,90.7,19,Medium,93.8,85.6,2025-10-28 03:00:00
STU00089,Database,85.9,85.6,14,3.5,50.4,95.3,90.7,85.9,9,Easy,92.6,90.9,2025-11-01 03:00:00
STU00089,Web Development,92.1,89.9,15,2.3,47.2,91.2,85.9,92.1,9,Medium,89.1,91.2,2025-11-05 03:00:00
STU00089,Python,81.7,82.8,16,2.0,46.9,93.7,92.1,81.7,13,Easy,94.7,94.5,2025-11-09 08:00:00
STU00089,Data Structures,90.9,94.4,17,2.5,51.9,93.0,81.7,90.9,21,Medium,97.7,94.3,2025-11-13 05:00:00
STU00089,Algorithms,94.5,93.9,18,2.5,55.5,97.2,90.9,94.5,17,Easy,98.3,95.0,2025-11-17 08:00:00
STU00089,Database,91.8,94.0,19,3.2,37.6,99.3,94.5,91.8,9,Easy,87.9,93.4,2025-11-21 05:00:00
STU00089,Web Development,96.1,97.0,20,4.2,52.8,90.8,91.8,96.1,18,Medium,97.4,93.5,2025-11-25 01:00:00
STU00090,Python,62.7,60.6,1,2.6,95.0,97.3,44.1,62.7,20,Easy,39.9,51.6,2025-09-14 01:00:00
STU00090,Data Structures,55.4,58.3,2,2.1,98.5,93.2,62.7,55.4,25,Easy,40.8,52.2,2025-09-18 08:00:00
STU00090,Algorithms,66.4,68.7,3,3.1,97.2,95.0,55.4,66.4,18,Easy,44.9,61.6,2025-09-22 06:00:00
STU00090,Database,60.1,57.4,4,2.2,92.7,99.8,66.4,60.1,8,Medium,44.3,52.7,2025-09-26 04:00:00
STU00090,Web Development,52.0,52.8,5,2.7,93.0,91.7,60.1,52.0,11,Medium,42.6,57.8,2025-09-30 05:00:00
STU00090,Python,59.5,57.7,6,2.9,87.8,96.7,52.0,59.5,19,Easy,46.0,51.4,2025-10-04 07:00:00
STU00090,Data Structures,54.7,58.2,7,2.5,107.9,91.1,59.5,54.7,10,Medium,41.5,56.0,2025-10-08 02:00:00
STU00090,Algorithms,63.0,66.9,8,3.8,99.2,98.7,54.7,63.0,13,Medium,42.1,52.6,2025-10-12 05:00:00
STU00090,Database,53.5,58.1,9,2.5,94.1,97.8,63.0,53.5,21,Easy,43.9,49.3,2025-10-16 06:00:00
STU00090,Web Development,49.6,47.2,10,2.6,91.7,94.8,53.5,49.6,20,Hard,39.5,54.0,2025-10-20 04:00:00
STU00090,Python,54.0,60.0,11,1.8,98.8,94.0,49.6,54.0,13,Easy,36.4,57.5,2025-10-24 08:00:00
STU00090,Data Structures,45.9,50.0,12,3.4,86.3,96.7,54.0,45.9,21,Hard,41.5,57.7,2025-10-28 06:00:00
STU00090,Algorithms,75.0,74.0,13,2.0,89.5,96.7,45.9,75.0,13,Medium,41.7,47.7,2025-11-01 08:00:00
STU00090,Database,47.7,52.2,14,3.1,102.5,88.7,75.0,47.7,17,Hard,41.8,52.6,2025-11-05 02:00:00
STU00090,Web Development,49.4,52.5,15,3.4,96.3,90.0,47.7,49.4,20,Medium,42.0,49.6,2025-11-09 07:00:00
STU00090,Python,64.7,64.3,16,3.4,81.6,90.2,49.4,64.7,8,Easy,34.3,55.1,2025-11-13 03:00:00
STU00090,Data Structures,51.0,54.0,17,2.9,90.4,94.5,64.7,51.0,11,Medium,39.9,52.0,2025-11-17 06:00:00
STU00090,Algorithms,62.2,64.4,18,1.7,91.7,86.0,51.0,62.2,25,Hard,37.1,57.1,2025-11-21 05:00:00
STU00090,Database,69.8,68.1,19,3.2,78.7,92.8,62.2,69.8,15,Easy,45.5,53.2,2025-11-25 04:00:00
STU00090,Web Development,55.8,56.1,20,1.5,92.0,100.0,69.8,55.8,21,Hard,31.6,57.5,2025-11-29 03:00:00
STU00091,Python,100.0,100.0,1,3.7,45.3,90.5,70.2,100.0,25,Easy,89.0,85.8,2025-09-13 01:00:00
STU00091,Data Structures,85.7,89.1,2,3.7,40.6,99.8,100.0,85.7,9,Easy,90.1,86.3,2025-09-17 05:00:00
STU00091,Algorithms,83.6,85.2,3,4.1,39.8,94.8,85.7,83.6,14,Hard,91.9,80.3,2025-09-21 02:00:00
STU00091,Database,90.0,90.4,4,2.7,42.8,95.4,83.6,90.0,8,Medium,80.6,82.4,2025-09-25 02:00:00
STU00091,Web Development,83.3,84.0,5,3.0,50.5,100.0,90.0,83.3,17,Medium,89.3,76.2,2025-09-29 06:00:00
STU00091,Python,93.9,96.6,6,3.3,36.8,86.2,83.3,93.9,13,Medium,82.7,79.4,2025-10-03 05:00:00
STU00091,Data Structures,100.0,100.0,7,3.7,42.1,86.8,93.9,100.0,20,Easy,87.1,80.9,2025-10-07 08:00:00
STU00091,Algorithms,88.4,89.7,8,4.1,44.9,97.0,100.0,88.4,9,Medium,80.8,77.4,2025-10-11 07:00:00
STU00091,Database,96.2,93.8,9,2.8,36.2,91.8,88.4,96.2,13,Easy,83.3,80.0,2025-10-15 08:00:00
STU00091,Web Development,88.7,88.4,10,4.0,47.6,94.1,96.2,88.7,13,Hard,83.4,79.6,2025-10-19 07:00:00
STU00091,Python,99.0,99.7,11,2.6,42.9,95.4,88.7,99.0,25,Medium,89.9,80.0,2025-10-23 07:00:00
STU00091,Data Structures,100.0,99.1,12,3.6,39.3,95.7,99.0,100.0,17,Medium,85.7,86.3,2025-10-27 05:00:00
STU00091,Algorithms,97.0,100.0,13,3.3,50.1,97.4,100.0,97.0,22,Easy,87.2,76.1,2025-10-31 05:00:00
STU00091,Database,93.5,97.5,14,2.7,46.8,91.7,97.0,93.5,12,Medium,91.5,88.4,2025-11-04 08:00:00
STU00091,Web Development,82.7,77.5,15,3.0,45.8,97.2,93.5,82.7,12,Hard,85.7,84.0,2025-11-08 07:00:00
STU00091,Python,93.7,96.3,16,2.7,47.4,96.7,82.7,93.7,17,Medium,81.3,81.0,2025-11-12 03:00:00
STU00091,Data Structures,99.7,95.6,17,3.0,47.0,98.6,93.7,99.7,12,Easy,89.7,83.1,2025-11-16 02:00:00
STU00091,Algorithms,89.7,91.0,18,2.5,35.9,99.5,99.7,89.7,12,Hard,80.0,79.4,2025-11-20 04:00:00
STU00091,Database,91.8,97.8,19,3.0,31.6,94.4,89.7,91.8,22,Easy,82.6,80.4,2025-11-24 07:00:00
STU00091,Web Development,99.2,97.4,20,3.3,46.3,92.7,91.8,99.2,15,Easy,87.7,84.4,2025-11-28 04:00:00
STU00092,Python,48.4,49.5,1,3.5,84.7,89.1,32.7,48.4,9,Easy,44.7,38.1,2025-09-19 02:00:00
STU00092,Data Structures,57.9,52.6,2,2.7,90.1,99.6,48.4,57.9,25,Easy,39.2,43.0,2025-09-23 07:00:00
STU00092,Algorithms,49.8,48.6,3,3.5,87.6,94.2,57.9,49.8,8,Medium,35.1,52.1,2025-09-27 03:00:00
STU00092,Database,60.9,59.0,4,2.9,78.6,95.4,49.8,60.9,11,Easy,38.0,40.6,2025-10-01 07:00:00
STU00092,Web Development,67.3,69.4,5,2.9,94.9,93.7,60.9,67.3,19,Easy,38.5,44.0,2025-10-05 01:00:00
STU00092,Python,59.1,52.1,6,2.6,81.7,96.0,67.3,59.1,24,Easy,36.9,44.3,2025-10-09 08:00:00
STU00092,Data Structures,56.3,58.5,7,3.4,84.1,94.6,59.1,56.3,15,Easy,41.2,39.5,2025-10-13 05:00:00
STU00092,Algorithms,57.3,56.1,8,2.0,81.6,92.1,56.3,57.3,20,Easy,41.3,43.5,2025-10-17 08:00:00
STU00092,Database,73.6,69.5,9,2.4,83.7,96.7,57.3,73.6,13,Medium,42.4,42.3,2025-10-21 06:00:00
STU00092,Web Development,51.6,54.0,10,3.0,79.0,94.7,73.6,51.6,22,Medium,43.5,43.6,2025-10-25 03:00:00
STU00092,Python,52.5,47.1,11,2.2,74.4,90.6,51.6,52.5,23,Medium,36.3,44.6,2025-10-29 07:00:00
STU00092,Data Structures,43.6,42.6,12,3.9,93.8,95.2,52.5,43.6,21,Hard,37.2,49.0,2025-11-02 02:00:00
STU00092,Algorithms,60.1,60.7,13,3.6,85.0,94.7,43.6,60.1,15,Medium,42.5,42.2,2025-11-06 06:00:00
STU00092,Database,67.5,65.3,14,3.0,92.6,98.2,60.1,67.5,24,Easy,43.9,42.8,2025-11-10 02:00:00
STU00092,Web Development,64.2,59.1,15,2.2,79.8,89.6,67.5,64.2,19,Medium,40.2,48.7,2025-11-14 07:00:00
STU00092,Python,54.3,54.1,16,1.5,82.5,100.0,64.2,54.3,8,Easy,39.5,39.3,2025-11-18 05:00:00
STU00092,Data Structures,62.7,62.1,17,3.0,84.6,90.1,54.3,62.7,13,Easy,44.5,45.2,2025-11-22 04:00:00
STU00092,Algorithms,66.2,60.2,18,3.3,82.6,98.8,62.7,66.2,25,Medium,34.5,40.7,2025-11-26 05:00:00
STU00092,Database,68.2,67.8,19,2.9,83.9,97.9,66.2,68.2,18,Medium,47.4,47.4,2025-11-30 05:00:00
STU00092,Web Development,66.9,64.9,20,2.1,80.0,92.9,68.2,66.9,9,Medium,45.2,40.5,2025-12-04 08:00:00
STU00093,Python,99.4,100.0,1,3.5,39.3,91.7,74.0,99.4,17,Easy,81.9,86.4,2025-09-20 04:00:00
STU00093,Data Structures,93.0,95.7,2,2.2,37.1,93.8,99.4,93.0,25,Medium,83.1,88.3,2025-09-24 07:00:00
STU00093,Algorithms,100.0,99.3,3,2.1,55.1,94.7,93.0,100.0,13,Easy,82.9,90.4,2025-09-28 08:00:00
STU00093,Database,99.2,100.0,4,2.7,35.1,95.8,100.0,99.2,9,Medium,84.7,83.0,2025-10-02 03:00:00
STU00093,Web Development,98.2,95.8,5,2.7,43.4,87.6,99.2,98.2,18,Hard,80.1,82.4,2025-10-06 07:00:00
STU00093,Python,90.4,88.4,6,4.2,46.2,98.2,98.2,90.4,20,Hard,84.2,85.8,2025-10-10 01:00:00
STU00093,Data Structures,97.5,100.0,7,2.3,36.2,95.4,90.4,97.5,22,Easy,89.5,87.9,2025-10-14 07:00:00
STU00093,Algorithms,100.0,100.0,8,3.0,43.6,100.0,97.5,100.0,19,Easy,87.0,89.4,2025-10-18 02:00:00
STU00093,Database,96.4,100.0,9,3.5,47.6,95.2,100.0,96.4,9,Medium,70.8,81.1,2025-10-22 01:00:00
STU00093,Web Development,100.0,100.0,10,2.1,43.3,97.3,96.4,100.0,14,Medium,81.3,83.2,2025-10-26 06:00:00
STU00093,Python,100.0,97.1,11,3.4,49.6,85.6,100.0,100.0,9,Medium,86.8,89.6,2025-10-30 07:00:00
STU00093,Data Structures,97.4,95.9,12,4.4,49.9,92.6,100.0,97.4,16,Easy,85.0,77.1,2025-11-03 03:00:00
STU00093,Algorithms,91.0,92.4,13,3.7,46.8,93.7,97.4,91.0,10,Easy,81.3,88.1,2025-11-07 02:00:00
STU00093,Database,100.0,100.0,14,2.5,50.8,89.9,91.0,100.0,18,Medium,77.5,90.0,2025-11-11 03:00:00
STU00093,Web Development,100.0,100.0,15,3.2,39.1,98.8,100.0,100.0,8,Medium,81.5,94.9,2025-11-15 02:00:00
STU00093,Python,100.0,100.0,16,3.1,37.3,100.0,100.0,100.0,12,Medium,81.2,79.0,2025-11-19 07:00:00
STU00093,Data Structures,99.0,100.0,17,3.3,48.4,95.7,100.0,99.0,14,Easy,80.2,86.2,2025-11-23 04:00:00
STU00093,Algorithms,100.0,100.0,18,2.2,36.1,96.7,99.0,100.0,22,Medium,77.3,85.9,2025-11-27 03:00:00
STU00093,Database,100.0,100.0,19,3.1,42.0,100.0,100.0,100.0,16,Easy,80.4,83.8,2025-12-01 02:00:00
STU00093,Web Development,97.5,100.0,20,3.5,39.0,99.0,100.0,97.5,10,Medium,81.3,78.3,2025-12-05 07:00:00
STU00094,Python,73.1,73.2,1,3.2,71.0,95.8,62.0,73.1,15,Medium,72.8,77.0,2025-09-20 08:00:00
STU00094,Data Structures,78.0,72.1,2,3.5,70.4,96.5,73.1,78.0,8,Medium,63.2,74.6,2025-09-24 04:00:00
STU00094,Algorithms,81.3,77.6,3,3.2,68.8,100.0,78.0,81.3,14,Easy,59.3,74.0,2025-09-28 05:00:00
STU00094,Database,72.9,73.5,4,2.1,70.1,98.4,81.3,72.9,22,Easy,61.0,82.8,2025-10-02 03:00:00
STU00094,Web Development,91.9,94.0,5,3.3,67.8,99.9,72.9,91.9,18,Easy,65.9,76.2,2025-10-06 04:00:00
STU00094,Python,82.2,79.6,6,1.5,63.4,96.2,91.9,82.2,13,Medium,63.3,76.9,2025-10-10 04:00:00
STU00094,Data Structures,73.7,72.0,7,1.9,57.7,90.5,82.2,73.7,23,Hard,64.9,80.3,2025-10-14 02:00:00
STU00094,Algorithms,75.3,69.9,8,1.6,71.0,93.4,73.7,75.3,10,Easy,69.6,86.9,2025-10-18 02:00:00
STU00094,Database,77.7,76.2,9,2.1,63.5,92.7,75.3,77.7,21,Easy,73.0,76.9,2025-10-22 03:00:00
STU00094,Web Development,75.9,75.5,10,3.8,57.2,98.3,77.7,75.9,9,Hard,70.5,76.1,2025-10-26 05:00:00
STU00094,Python,75.5,75.7,11,2.9,71.9,96.3,75.9,75.5,9,Medium,64.8,80.2,2025-10-30 05:00:00
STU00094,Data Structures,80.2,81.0,12,2.7,63.1,88.8,75.5,80.2,12,Easy,69.2,75.3,2025-11-03 07:00:00
STU00094,Algorithms,69.3,69.4,13,2.6,54.8,100.0,80.2,69.3,21,Medium,66.9,76.6,2025-11-07 01:00:00
STU00094,Database,77.2,81.4,14,2.4,71.2,89.0,69.3,77.2,20,Easy,71.9,72.4,2025-11-11 07:00:00
STU00094,Web Development,84.5,83.7,15,2.7,62.7,94.0,77.2,84.5,14,Medium,72.8,76.5,2025-11-15 08:00:00
STU00094,Python,74.2,79.8,16,3.0,70.4,97.5,84.5,74.2,24,Medium,61.8,79.6,2025-11-19 06:00:00
STU00094,Data Structures,79.3,74.7,17,3.2,69.6,98.2,74.2,79.3,21,Medium,66.0,79.2,2025-11-23 04:00:00
STU00094,Algorithms,64.1,63.0,18,1.9,55.8,93.1,79.3,64.1,25,Hard,67.2,75.7,2025-11-27 02:00:00
STU00094,Database,82.1,83.0,19,1.5,63.3,92.6,64.1,82.1,22,Easy,60.9,79.6,2025-12-01 03:00:00
STU00094,Web Development,86.7,88.7,20,3.8,69.4,93.7,82.1,86.7,13,Easy,63.2,82.5,2025-12-05 08:00:00
STU00095,Python,94.0,91.7,1,3.7,44.6,100.0,78.5,94.0,20,Medium,92.2,88.4,2025-09-14 05:00:00
STU00095,Data Structures,96.4,93.6,2,3.1,43.3,100.0,94.0,96.4,20,Easy,96.6,87.8,2025-09-18 04:00:00
STU00095,Algorithms,83.6,86.1,3,2.5,44.9,93.8,96.4,83.6,25,Hard,100.0,85.1,2025-09-22 07:00:00
STU00095,Database,99.7,99.6,4,2.9,41.6,99.0,83.6,99.7,24,Easy,91.8,83.9,2025-09-26 08:00:00
STU00095,Web Development,87.9,86.3,5,3.9,48.3,92.6,99.7,87.9,13,Medium,94.4,86.4,2025-09-30 01:00:00
STU00095,Python,89.4,88.2,6,4.0,48.2,87.7,87.9,89.4,17,Easy,92.9,78.7,2025-10-04 07:00:00
STU00095,Data Structures,99.8,98.6,7,2.6,43.2,96.4,89.4,99.8,24,Easy,90.6,79.7,2025-10-08 05:00:00
STU00095,Algorithms,98.3,100.0,8,3.0,36.8,94.1,99.8,98.3,24,Easy,95.7,74.6,2025-10-12 08:00:00
STU00095,Database,78.0,75.8,9,3.0,50.8,96.6,98.3,78.0,16,Hard,96.0,84.4,2025-10-16 07:00:00
STU00095,Web Development,87.5,92.1,10,3.4,43.6,92.2,78.0,87.5,16,Easy,94.4,79.4,2025-10-20 01:00:00
STU00095,Python,96.5,94.8,11,3.5,52.1,88.4,87.5,96.5,23,Medium,96.6,84.5,2025-10-24 03:00:00
STU00095,Data Structures,92.0,88.9,12,3.3,39.5,100.0,96.5,92.0,22,Medium,96.4,88.5,2025-10-28 07:00:00
STU00095,Algorithms,99.4,100.0,13,2.0,38.7,100.0,92.0,99.4,15,Medium,89.1,79.5,2025-11-01 06:00:00
STU00095,Database,92.7,93.2,14,4.5,51.4,95.0,99.4,92.7,16,Medium,93.7,87.9,2025-11-05 01:00:00
STU00095,Web Development,95.9,93.0,15,4.4,45.3,98.7,92.7,95.9,8,Medium,86.9,83.6,2025-11-09 03:00:00
STU00095,Python,89.8,94.2,16,3.2,36.6,94.1,95.9,89.8,19,Easy,96.4,81.6,2025-11-13 05:00:00
STU00095,Data Structures,90.5,100.0,17,3.7,39.6,92.4,89.8,90.5,24,Easy,88.1,81.2,2025-11-17 06:00:00
STU00095,Algorithms,95.5,93.3,18,4.3,46.3,97.6,90.5,95.5,15,Medium,92.8,79.9,2025-11-21 07:00:00
STU00095,Database,97.1,100.0,19,3.6,39.4,99.4,95.5,97.1,23,Easy,93.2,86.8,2025-11-25 02:00:00
STU00095,Web Development,90.7,93.5,20,2.5,33.8,91.9,97.1,90.7,10,Medium,86.7,90.3,2025-11-29 02:00:00
STU00096,Python,58.3,57.9,1,3.1,73.4,98.8,51.2,58.3,8,Hard,70.9,66.5,2025-09-05 04:00:00
STU00096,Data Structures,75.9,74.3,2,3.5,72.0,94.5,58.3,75.9,16,Medium,67.0,63.0,2025-09-09 08:00:00
STU00096,Algorithms,75.9,72.6,3,2.6,64.5,97.8,75.9,75.9,22,Easy,59.6,69.2,2025-09-13 04:00:00
STU00096,Database,71.7,77.2,4,2.9,62.4,87.9,75.9,71.7,14,Medium,61.2,67.8,2025-09-17 02:00:00
STU00096,Web Development,75.5,76.4,5,2.8,58.9,91.0,71.7,75.5,20,Easy,66.3,74.0,2025-09-21 04:00:00
STU00096,Python,68.4,67.7,6,1.6,66.7,95.6,75.5,68.4,23,Medium,60.8,68.9,2025-09-25 07:00:00
STU00096,Data Structures,73.6,75.7,7,3.0,62.8,92.3,68.4,73.6,10,Medium,55.7,65.4,2025-09-29 02:00:00
STU00096,Algorithms,72.9,76.4,8,2.5,60.0,89.4,73.6,72.9,24,Easy,63.4,60.2,2025-10-03 01:00:00
STU00096,Database,78.4,79.9,9,3.4,67.2,94.8,72.9,78.4,11,Medium,67.7,69.0,2025-10-07 04:00:00
STU00096,Web Development,70.2,71.2,10,3.0,66.7,98.2,78.4,70.2,24,Medium,58.6,60.8,2025-10-11 05:00:00
STU00096,Python,79.4,78.0,11,1.6,58.6,95.3,70.2,79.4,21,Medium,67.2,62.2,2025-10-15 04:00:00
STU00096,Data Structures,62.6,60.0,12,3.5,56.5,97.3,79.4,62.6,13,Hard,65.8,62.5,2025-10-19 04:00:00
STU00096,Algorithms,68.7,72.0,13,3.4,53.1,98.2,62.6,68.7,19,Easy,63.9,68.8,2025-10-23 08:00:00
STU00096,Database,75.6,79.2,14,3.3,63.7,96.2,68.7,75.6,19,Medium,67.6,66.9,2025-10-27 02:00:00
STU00096,Web Development,70.8,67.6,15,1.6,67.4,94.1,75.6,70.8,12,Hard,72.8,63.2,2025-10-31 06:00:00
STU00096,Python,59.3,60.0,16,2.3,65.1,87.6,70.8,59.3,25,Hard,57.3,63.6,2025-11-04 08:00:00
STU00096,Data Structures,64.8,64.5,17,3.7,66.0,100.0,59.3,64.8,16,Hard,59.6,71.2,2025-11-08 05:00:00
STU00096,Algorithms,73.5,74.1,18,3.4,65.0,100.0,64.8,73.5,21,Medium,69.7,65.4,2025-11-12 02:00:00
STU00096,Database,78.2,80.4,19,3.4,57.8,94.9,73.5,78.2,11,Medium,56.7,75.1,2025-11-16 06:00:00
STU00096,Web Development,75.9,78.7,20,1.9,59.1,95.7,78.2,75.9,20,Medium,69.3,65.9,2025-11-20 04:00:00
STU00097,Python,43.1,41.9,1,3.3,101.1,93.8,31.8,43.1,20,Hard,51.8,48.0,2025-09-14 04:00:00
STU00097,Data Structures,45.3,49.2,2,2.5,107.7,91.4,43.1,45.3,19,Easy,41.8,45.7,2025-09-18 08:00:00
STU00097,Algorithms,45.3,45.9,3,1.7,109.2,95.0,45.3,45.3,13,Easy,48.6,46.3,2025-09-22 02:00:00
STU00097,Database,38.0,43.7,4,3.7,116.8,99.1,45.3,38.0,17,Medium,50.5,42.2,2025-09-26 07:00:00
STU00097,Web Development,30.3,33.3,5,2.0,102.0,95.4,38.0,30.3,8,Medium,47.2,45.2,2025-09-30 03:00:00
STU00097,Python,44.3,46.0,6,2.0,118.1,92.1,30.3,44.3,21,Medium,52.9,45.9,2025-10-04 01:00:00
STU00097,Data Structures,41.0,37.3,7,1.8,112.3,92.4,44.3,41.0,22,Medium,42.1,48.6,2025-10-08 07:00:00
STU00097,Algorithms,32.5,32.5,8,4.0,107.3,86.1,41.0,32.5,16,Hard,51.9,56.0,2025-10-12 01:00:00
STU00097,Database,65.2,61.9,9,3.9,105.7,100.0,32.5,65.2,9,Easy,58.1,52.5,2025-10-16 08:00:00
STU00097,Web Development,36.0,38.2,10,3.0,113.7,95.5,65.2,36.0,22,Hard,44.7,44.9,2025-10-20 05:00:00
STU00097,Python,55.6,54.9,11,1.9,107.4,100.0,36.0,55.6,10,Easy,39.8,49.3,2025-10-24 06:00:00
STU00097,Data Structures,44.0,46.1,12,1.6,102.8,94.1,55.6,44.0,12,Medium,46.3,48.3,2025-10-28 06:00:00
STU00097,Algorithms,45.1,47.7,13,2.4,106.5,89.3,44.0,45.1,23,Medium,45.8,43.7,2025-11-01 05:00:00
STU00097,Database,55.6,55.0,14,3.6,109.7,87.9,45.1,55.6,18,Medium,49.9,47.3,2025-11-05 06:00:00
STU00097,Web Development,57.4,58.2,15,3.5,104.7,98.3,55.6,57.4,16,Easy,50.2,44.4,2025-11-09 03:00:00
STU00097,Python,60.2,60.1,16,2.7,104.8,97.9,57.4,60.2,16,Easy,50.2,45.8,2025-11-13 02:00:00
STU00097,Data Structures,48.0,49.0,17,2.4,112.7,99.1,60.2,48.0,22,Easy,42.9,46.6,2025-11-17 06:00:00
STU00097,Algorithms,43.4,45.7,18,3.0,105.3,99.2,48.0,43.4,21,Easy,43.1,49.5,2025-11-21 01:00:00
STU00097,Database,56.4,56.4,19,3.3,88.9,92.7,43.4,56.4,10,Medium,45.4,52.2,2025-11-25 06:00:00
STU00097,Web Development,51.9,48.5,20,2.5,97.0,87.9,56.4,51.9,8,Easy,42.3,47.7,2025-11-29 08:00:00
STU00098,Python,96.0,89.5,1,3.8,39.6,97.2,79.2,96.0,14,Medium,87.4,87.9,2025-09-05 03:00:00
STU00098,Data Structures,91.0,91.1,2,4.4,40.9,91.6,96.0,91.0,8,Easy,82.3,79.9,2025-09-09 03:00:00
STU00098,Algorithms,100.0,100.0,3,2.1,41.0,95.6,91.0,100.0,18,Easy,89.5,89.5,2025-09-13 03:00:00
STU00098,Database,93.7,90.0,4,2.5,41.7,92.8,100.0,93.7,12,Easy,88.3,85.3,2025-09-17 01:00:00
STU00098,Web Development,86.5,86.7,5,3.7,48.0,96.1,93.7,86.5,8,Hard,91.2,91.2,2025-09-21 01:00:00
STU00098,Python,84.5,80.9,6,2.5,38.9,93.8,86.5,84.5,13,Hard,83.2,91.5,2025-09-25 02:00:00
STU00098,Data Structures,93.0,95.3,7,4.1,38.0,96.7,84.5,93.0,12,Medium,86.9,90.4,2025-09-29 07:00:00
STU00098,Algorithms,98.0,100.0,8,2.0,40.4,99.8,93.0,98.0,21,Easy,87.2,90.2,2025-10-03 01:00:00
STU00098,Database,93.2,90.7,9,3.1,37.1,90.1,98.0,93.2,15,Medium,85.5,93.0,2025-10-07 06:00:00
STU00098,Web Development,100.0,100.0,10,3.9,39.3,97.2,93.2,100.0,20,Easy,90.4,87.4,2025-10-11 06:00:00
STU00098,Python,80.6,80.1,11,4.4,38.8,97.2,100.0,80.6,24,Medium,94.6,91.2,2025-10-15 07:00:00
STU00098,Data Structures,97.2,100.0,12,2.6,46.7,90.0,80.6,97.2,13,Easy,85.3,92.1,2025-10-19 05:00:00
STU00098,Algorithms,85.8,90.2,13,2.8,32.2,92.7,97.2,85.8,21,Hard,90.3,91.9,2025-10-23 06:00:00
STU00098,Database,100.0,95.7,14,3.9,30.9,100.0,85.8,100.0,12,Medium,85.3,91.3,2025-10-27 02:00:00
STU00098,Web Development,90.7,96.2,15,4.4,40.0,90.0,100.0,90.7,15,Easy,85.1,90.3,2025-10-31 05:00:00
STU00098,Python,89.1,91.4,16,3.4,38.1,96.0,90.7,89.1,25,Medium,89.5,92.0,2025-11-04 04:00:00
STU00098,Data Structures,94.7,100.0,17,2.2,48.6,99.5,89.1,94.7,24,Medium,89.8,89.9,2025-11-08 04:00:00
STU00098,Algorithms,100.0,99.1,18,2.5,42.4,96.0,94.7,100.0,13,Medium,87.4,81.1,2025-11-12 02:00:00
STU00098,Database,93.0,100.0,19,4.3,51.6,96.0,100.0,93.0,20,Easy,85.8,82.7,2025-11-16 02:00:00
STU00098,Web Development,100.0,99.6,20,3.5,37.6,100.0,93.0,100.0,20,Easy,88.7,93.1,2025-11-20 03:00:00
STU00099,Python,53.7,55.6,1,2.0,103.9,92.2,42.3,53.7,10,Medium,56.0,48.5,2025-09-09 07:00:00
STU00099,Data Structures,61.1,57.9,2,3.1,93.2,96.8,53.7,61.1,21,Medium,52.0,43.9,2025-09-13 04:00:00
STU00099,Algorithms,84.1,82.6,3,1.8,95.4,100.0,61.1,84.1,8,Easy,59.3,53.1,2025-09-17 04:00:00
STU00099,Database,47.7,50.3,4,1.7,102.2,98.2,84.1,47.7,16,Medium,56.0,57.3,2025-09-21 07:00:00
STU00099,Web Development,62.0,57.6,5,2.8,102.5,95.7,47.7,62.0,25,Medium,55.0,45.5,2025-09-25 01:00:00
STU00099,Python,49.9,49.8,6,1.7,100.5,100.0,62.0,49.9,11,Hard,45.2,54.9,2025-09-29 02:00:00
STU00099,Data Structures,62.5,56.6,7,1.9,104.3,93.8,49.9,62.5,25,Medium,56.1,44.9,2025-10-03 07:00:00
STU00099,Algorithms,60.2,60.4,8,3.9,106.5,91.2,62.5,60.2,15,Hard,53.5,50.5,2025-10-07 04:00:00
STU00099,Database,67.0,68.0,9,2.2,100.8,96.2,60.2,67.0,18,Easy,55.4,52.5,2025-10-11 08:00:00
STU00099,Web Development,49.4,48.8,10,3.0,101.9,99.8,67.0,49.4,9,Medium,60.2,51.9,2025-10-15 02:00:00
STU00099,Python,54.5,55.9,11,3.7,99.7,93.2,49.4,54.5,17,Hard,60.6,45.3,2025-10-19 03:00:00
STU00099,Data Structures,68.2,69.5,12,3.8,91.6,93.0,54.5,68.2,17,Easy,55.8,49.7,2025-10-23 08:00:00
STU00099,Algorithms,68.3,65.7,13,3.2,101.2,89.6,68.2,68.3,21,Hard,49.3,49.3,2025-10-27 08:00:00
STU00099,Database,69.2,68.1,14,2.9,100.0,94.8,68.3,69.2,23,Easy,50.7,58.6,2025-10-31 07:00:00
STU00099,Web Development,66.6,64.4,15,1.9,91.8,100.0,69.2,66.6,10,Easy,53.6,46.9,2025-11-04 06:00:00
STU00099,Python,60.6,62.4,16,3.2,95.7,97.6,66.6,60.6,16,Easy,55.5,45.2,2025-11-08 06:00:00
STU00099,Data Structures,64.3,70.6,17,1.5,94.9,92.6,60.6,64.3,10,Easy,58.2,46.7,2025-11-12 05:00:00
STU00099,Algorithms,76.5,74.2,18,2.2,83.8,90.8,64.3,76.5,15,Medium,55.0,48.4,2025-11-16 02:00:00
STU00099,Database,59.7,62.9,19,2.4,94.7,91.5,76.5,59.7,19,Medium,50.9,52.1,2025-11-20 03:00:00
STU00099,Web Development,48.9,49.9,20,1.9,91.1,98.8,59.7,48.9,19,Hard,53.3,49.1,2025-11-24 07:00:00
STU00100,Python,50.2,50.6,1,1.8,118.7,95.3,30.9,50.2,21,Easy,52.6,44.7,2025-09-18 05:00:00
STU00100,Data Structures,41.7,40.7,2,1.9,99.1,95.4,50.2,41.7,24,Hard,56.8,39.8,2025-09-22 03:00:00
STU00100,Algorithms,63.7,62.2,3,1.9,107.7,95.3,41.7,63.7,18,Easy,60.4,38.2,2025-09-26 06:00:00
STU00100,Database,35.4,35.3,4,1.7,101.2,90.0,63.7,35.4,22,Hard,55.6,40.6,2025-09-30 06:00:00
STU00100,Web Development,51.6,50.1,5,3.2,109.3,86.4,35.4,51.6,18,Hard,60.8,51.6,2025-10-04 08:00:00
STU00100,Python,39.2,42.3,6,3.8,116.2,95.4,51.6,39.2,17,Hard,61.8,46.0,2025-10-08 06:00:00
STU00100,Data Structures,48.7,47.4,7,2.8,115.2,96.7,39.2,48.7,8,Hard,57.7,41.1,2025-10-12 05:00:00
STU00100,Algorithms,63.6,68.9,8,2.1,106.7,96.7,48.7,63.6,12,Easy,58.3,37.2,2025-10-16 02:00:00
STU00100,Database,32.9,32.3,9,2.6,100.9,89.4,63.6,32.9,25,Hard,58.8,42.2,2025-10-20 04:00:00
STU00100,Web Development,63.2,56.2,10,2.9,101.4,94.1,32.9,63.2,15,Easy,52.0,43.0,2025-10-24 02:00:00
STU00100,Python,53.4,57.1,11,3.8,88.9,98.2,63.2,53.4,15,Medium,59.0,38.2,2025-10-28 01:00:00
STU00100,Data Structures,55.8,53.3,12,2.7,95.8,98.8,53.4,55.8,8,Easy,54.1,40.9,2025-11-01 01:00:00
STU00100,Algorithms,57.3,55.5,13,3.2,98.2,96.8,55.8,57.3,25,Medium,53.7,43.5,2025-11-05 01:00:00
STU00100,Database,55.3,52.0,14,2.2,99.0,95.4,57.3,55.3,20,Easy,55.4,45.8,2025-11-09 02:00:00
STU00100,Web Development,48.1,49.0,15,3.7,105.7,96.4,55.3,48.1,8,Hard,54.6,41.6,2025-11-13 07:00:00
STU00100,Python,51.2,53.2,16,2.2,90.0,96.9,48.1,51.2,13,Medium,53.6,49.2,2025-11-17 01:00:00
STU00100,Data Structures,55.6,54.0,17,2.1,100.9,99.7,51.2,55.6,9,Medium,56.5,46.2,2025-11-21 03:00:00
STU00100,Algorithms,69.5,63.5,18,2.5,104.6,98.1,55.6,69.5,18,Easy,49.7,43.8,2025-11-25 01:00:00
STU00100,Database,52.0,53.1,19,1.9,101.5,98.8,69.5,52.0,15,Easy,59.9,41.8,2025-11-29 03:00:00
STU00100,Web Development,56.6,58.3,20,3.8,102.9,92.1,52.0,56.6,25,Medium,59.1,40.8,2025-12-03 07:00:00
STU00101,Python,91.6,89.7,1,3.0,43.2,93.2,73.0,91.6,11,Easy,84.6,84.4,2025-09-20 03:00:00
STU00101,Data Structures,90.9,85.2,2,4.1,38.9,100.0,91.6,90.9,19,Hard,86.6,71.4,2025-09-24 02:00:00
STU00101,Algorithms,85.2,85.2,3,4.0,52.9,94.6,90.9,85.2,12,Medium,88.2,82.6,2025-09-28 01:00:00
STU00101,Database,90.2,87.3,4,2.6,50.6,94.0,85.2,90.2,9,Easy,92.3,82.2,2025-10-02 03:00:00
STU00101,Web Development,81.8,80.6,5,2.5,47.0,100.0,90.2,81.8,16,Medium,86.1,80.7,2025-10-06 06:00:00
STU00101,Python,94.2,94.1,6,4.5,53.2,92.9,81.8,94.2,8,Easy,85.0,88.9,2025-10-10 04:00:00
STU00101,Data Structures,99.0,100.0,7,3.2,58.6,92.5,94.2,99.0,10,Easy,85.7,85.9,2025-10-14 08:00:00
STU00101,Algorithms,86.8,85.0,8,2.3,48.2,100.0,99.0,86.8,14,Medium,83.8,76.5,2025-10-18 02:00:00
STU00101,Database,80.9,81.4,9,3.1,49.3,95.6,86.8,80.9,13,Hard,83.4,77.2,2025-10-22 07:00:00
STU00101,Web Development,82.7,84.4,10,4.1,48.1,91.4,80.9,82.7,9,Easy,85.2,83.0,2025-10-26 01:00:00
STU00101,Python,85.9,88.6,11,3.6,48.8,91.1,82.7,85.9,20,Easy,83.4,78.8,2025-10-30 07:00:00
STU00101,Data Structures,100.0,100.0,12,2.3,49.3,96.8,85.9,100.0,12,Easy,82.4,86.0,2025-11-03 05:00:00
STU00101,Algorithms,96.2,92.7,13,2.2,55.6,90.5,100.0,96.2,14,Medium,87.5,82.2,2025-11-07 04:00:00
STU00101,Database,87.9,90.0,14,3.3,53.7,93.8,96.2,87.9,15,Medium,86.1,80.6,2025-11-11 03:00:00
STU00101,Web Development,86.3,89.3,15,3.0,48.3,93.6,87.9,86.3,23,Easy,86.7,77.1,2025-11-15 05:00:00
STU00101,Python,100.0,96.3,16,3.0,38.3,91.5,86.3,100.0,18,Easy,93.6,76.6,2025-11-19 03:00:00
STU00101,Data Structures,100.0,98.3,17,4.0,52.4,92.7,100.0,100.0,21,Easy,84.5,83.7,2025-11-23 08:00:00
STU00101,Algorithms,89.8,91.9,18,4.0,29.3,96.0,100.0,89.8,18,Hard,89.2,81.1,2025-11-27 04:00:00
STU00101,Database,87.2,89.5,19,3.9,35.7,87.8,89.8,87.2,16,Medium,81.8,81.2,2025-12-01 07:00:00
STU00101,Web Development,91.8,94.1,20,2.9,53.9,97.3,87.2,91.8,12,Easy,82.5,91.4,2025-12-05 03:00:00
STU00102,Python,43.1,47.8,1,3.0,89.5,93.6,31.3,43.1,16,Easy,58.2,59.3,2025-09-18 02:00:00
STU00102,Data Structures,47.1,52.5,2,2.0,94.0,91.8,43.1,47.1,23,Easy,46.0,63.2,2025-09-22 01:00:00
STU00102,Algorithms,55.3,55.1,3,3.6,94.8,96.5,47.1,55.3,24,Easy,55.7,66.1,2025-09-26 08:00:00
STU00102,Database,56.2,57.2,4,2.2,82.0,92.4,55.3,56.2,12,Easy,57.6,57.8,2025-09-30 03:00:00
STU00102,Web Development,51.9,54.2,5,1.7,98.1,92.8,56.2,51.9,22,Medium,59.8,60.6,2025-10-04 04:00:00
STU00102,Python,42.1,47.4,6,2.6,94.0,95.0,51.9,42.1,12,Medium,62.7,55.4,2025-10-08 01:00:00
STU00102,Data Structures,56.8,59.8,7,2.8,86.8,94.9,42.1,56.8,20,Medium,60.0,54.1,2025-10-12 04:00:00
STU00102,Algorithms,60.9,59.4,8,2.9,101.9,96.0,56.8,60.9,13,Easy,62.9,58.1,2025-10-16 07:00:00
STU00102,Database,60.4,59.4,9,1.5,86.6,100.0,60.9,60.4,17,Medium,63.5,55.2,2025-10-20 03:00:00
STU00102,Web Development,64.9,66.1,10,3.3,101.9,97.6,60.4,64.9,12,Easy,56.9,64.3,2025-10-24 02:00:00
STU00102,Python,39.7,35.7,11,3.9,92.0,93.9,64.9,39.7,18,Hard,56.7,62.3,2025-10-28 06:00:00
STU00102,Data Structures,49.4,53.8,12,1.7,94.0,93.1,39.7,49.4,24,Medium,56.6,55.2,2025-11-01 01:00:00
STU00102,Algorithms,66.9,66.5,13,2.1,87.0,98.2,49.4,66.9,24,Easy,53.9,65.6,2025-11-05 06:00:00
STU00102,Database,70.0,67.8,14,2.0,88.3,98.3,66.9,70.0,24,Easy,58.3,60.8,2025-11-09 01:00:00
STU00102,Web Development,65.2,66.4,15,2.6,79.7,95.6,70.0,65.2,25,Easy,57.0,62.2,2025-11-13 01:00:00
STU00102,Python,54.7,55.4,16,3.7,82.8,94.1,65.2,54.7,14,Easy,55.3,60.6,2025-11-17 02:00:00
STU00102,Data Structures,59.8,54.4,17,2.8,87.7,95.8,54.7,59.8,23,Easy,59.0,56.9,2025-11-21 06:00:00
STU00102,Algorithms,65.7,63.8,18,2.5,87.3,95.2,59.8,65.7,18,Medium,59.6,57.7,2025-11-25 04:00:00
STU00102,Database,61.6,62.5,19,2.4,86.2,100.0,65.7,61.6,25,Easy,54.6,63.2,2025-11-29 04:00:00
STU00102,Web Development,44.6,47.4,20,1.9,92.4,98.4,61.6,44.6,12,Hard,64.4,65.3,2025-12-03 08:00:00
STU00103,Python,70.4,65.7,1,1.9,77.0,90.8,52.7,70.4,25,Medium,61.4,71.5,2025-09-11 06:00:00
STU00103,Data Structures,68.2,69.3,2,2.3,80.8,92.3,70.4,68.2,17,Easy,50.9,78.9,2025-09-15 01:00:00
STU00103,Algorithms,75.4,69.2,3,2.8,70.2,93.2,68.2,75.4,8,Medium,56.0,69.0,2025-09-19 04:00:00
STU00103,Database,64.1,61.1,4,2.7,66.5,96.8,75.4,64.1,11,Medium,65.3,78.8,2025-09-23 05:00:00
STU00103,Web Development,70.4,74.7,5,3.8,79.7,100.0,64.1,70.4,9,Easy,69.1,74.6,2025-09-27 03:00:00
STU00103,Python,66.3,68.7,6,2.0,72.3,90.9,70.4,66.3,9,Easy,56.9,78.9,2025-10-01 08:00:00
STU00103,Data Structures,45.9,50.6,7,3.3,73.5,95.9,66.3,45.9,23,Hard,63.3,76.6,2025-10-05 07:00:00
STU00103,Algorithms,70.2,73.2,8,1.6,68.6,91.2,45.9,70.2,24,Easy,62.0,72.1,2025-10-09 05:00:00
STU00103,Database,65.6,64.3,9,3.6,74.4,97.1,70.2,65.6,20,Easy,58.8,70.7,2025-10-13 08:00:00
STU00103,Web Development,83.2,78.0,10,2.9,74.4,92.0,65.6,83.2,8,Medium,56.7,75.1,2025-10-17 05:00:00
STU00103,Python,66.9,66.4,11,2.7,73.5,93.5,83.2,66.9,18,Medium,66.4,75.6,2025-10-21 01:00:00
STU00103,Data Structures,76.3,78.0,12,1.6,80.1,95.8,66.9,76.3,25,Easy,57.9,73.0,2025-10-25 05:00:00
STU00103,Algorithms,62.1,65.6,13,3.8,74.9,98.4,76.3,62.1,24,Medium,57.6,74.2,2025-10-29 08:00:00
STU00103,Database,61.5,59.1,14,2.7,77.8,96.7,62.1,61.5,15,Hard,66.5,73.0,2025-11-02 07:00:00
STU00103,Web Development,70.3,64.8,15,3.5,78.4,95.4,61.5,70.3,23,Hard,57.8,67.3,2025-11-06 07:00:00
STU00103,Python,61.7,62.0,16,2.8,73.9,100.0,70.3,61.7,13,Medium,65.0,73.8,2025-11-10 03:00:00
STU00103,Data Structures,81.7,80.4,17,3.2,80.0,98.9,61.7,81.7,9,Easy,65.4,77.2,2025-11-14 07:00:00
STU00103,Algorithms,64.4,66.4,18,2.3,74.9,97.1,81.7,64.4,11,Medium,55.6,77.6,2025-11-18 01:00:00
STU00103,Database,61.0,58.9,19,3.7,79.9,87.7,64.4,61.0,20,Hard,54.8,70.2,2025-11-22 04:00:00
STU00103,Web Development,81.4,79.7,20,3.0,66.7,94.1,61.0,81.4,15,Medium,64.3,75.9,2025-11-26 02:00:00
STU00104,Python,50.1,46.0,1,3.1,92.3,100.0,42.8,50.1,15,Hard,56.6,55.0,2025-09-07 02:00:00
STU00104,Data Structures,74.4,68.5,2,1.6,91.1,93.4,50.1,74.4,12,Easy,57.4,54.4,2025-09-11 02:00:00
STU00104,Algorithms,67.9,70.4,3,2.6,88.5,92.1,74.4,67.9,22,Easy,64.0,51.5,2025-09-15 04:00:00
STU00104,Database,61.8,61.8,4,2.4,85.8,94.2,67.9,61.8,15,Easy,64.8,58.4,2025-09-19 08:00:00
STU00104,Web Development,53.5,55.2,5,1.8,73.1,90.8,61.8,53.5,17,Hard,62.0,61.4,2025-09-23 04:00:00
STU00104,Python,53.6,56.9,6,3.4,98.5,99.4,53.5,53.6,21,Medium,51.4,59.2,2025-09-27 08:00:00
STU00104,Data Structures,68.4,65.8,7,3.5,91.8,100.0,53.6,68.4,21,Medium,51.0,55.7,2025-10-01 06:00:00
STU00104,Algorithms,69.9,66.8,8,3.1,83.0,96.0,68.4,69.9,13,Easy,61.1,62.0,2025-10-05 08:00:00
STU00104,Database,64.3,64.0,9,2.0,87.1,93.7,69.9,64.3,20,Medium,62.9,57.9,2025-10-09 03:00:00
STU00104,Web Development,60.9,65.1,10,3.9,93.5,95.0,64.3,60.9,15,Medium,61.2,53.3,2025-10-13 02:00:00
STU00104,Python,55.7,55.2,11,2.6,100.3,93.8,60.9,55.7,20,Easy,57.9,63.0,2025-10-17 04:00:00
STU00104,Data Structures,53.9,54.6,12,1.6,97.2,97.8,55.7,53.9,17,Hard,62.4,61.2,2025-10-21 07:00:00
STU00104,Algorithms,75.5,74.4,13,3.6,75.8,89.8,53.9,75.5,19,Easy,61.8,55.4,2025-10-25 02:00:00
STU00104,Database,49.7,54.3,14,2.3,86.4,95.6,75.5,49.7,19,Medium,59.4,57.8,2025-10-29 03:00:00
STU00104,Web Development,69.1,71.9,15,2.6,91.1,91.0,49.7,69.1,22,Easy,65.0,57.9,2025-11-02 01:00:00
STU00104,Python,60.0,59.8,16,3.7,86.8,95.6,69.1,60.0,24,Medium,55.0,61.7,2025-11-06 08:00:00
STU00104,Data Structures,74.2,74.8,17,3.1,76.2,100.0,60.0,74.2,13,Easy,59.7,60.7,2025-11-10 04:00:00
STU00104,Algorithms,74.1,73.9,18,1.6,88.2,90.4,74.2,74.1,14,Medium,61.5,58.4,2025-11-14 05:00:00
STU00104,Database,59.2,61.8,19,2.1,87.7,90.9,74.1,59.2,15,Medium,52.4,59.5,2025-11-18 05:00:00
STU00104,Web Development,66.7,61.2,20,3.2,89.6,88.6,59.2,66.7,17,Hard,54.8,61.9,2025-11-22 06:00:00
STU00105,Python,58.6,56.4,1,2.9,100.8,93.3,41.4,58.6,19,Easy,58.7,43.5,2025-09-16 05:00:00
STU00105,Data Structures,45.0,47.2,2,3.2,119.1,92.4,58.6,45.0,21,Medium,49.0,39.9,2025-09-20 08:00:00
STU00105,Algorithms,54.8,58.0,3,2.1,119.6,96.1,45.0,54.8,22,Easy,49.6,46.5,2025-09-24 01:00:00
STU00105,Database,51.2,49.5,4,3.7,101.6,98.9,54.8,51.2,25,Hard,55.9,53.0,2025-09-28 05:00:00
STU00105,Web Development,45.5,55.6,5,3.2,111.4,94.2,51.2,45.5,8,Easy,55.0,38.6,2025-10-02 06:00:00
STU00105,Python,51.3,55.3,6,2.8,107.8,96.4,45.5,51.3,8,Medium,56.9,46.5,2025-10-06 03:00:00
STU00105,Data Structures,45.4,49.3,7,3.2,97.5,97.9,51.3,45.4,23,Hard,60.8,41.4,2025-10-10 06:00:00
STU00105,Algorithms,58.3,54.8,8,3.2,110.4,100.0,45.4,58.3,10,Easy,51.2,47.3,2025-10-14 06:00:00
STU00105,Database,70.4,67.0,9,1.5,112.1,95.0,58.3,70.4,13,Easy,56.1,45.2,2025-10-18 04:00:00
STU00105,Web Development,65.6,63.0,10,2.2,105.4,89.5,70.4,65.6,15,Easy,57.4,39.7,2025-10-22 06:00:00
STU00105,Python,63.3,64.7,11,1.9,104.6,90.6,65.6,63.3,16,Easy,56.8,45.5,2025-10-26 06:00:00
STU00105,Data Structures,66.4,62.6,12,3.6,106.7,96.7,63.3,66.4,19,Easy,55.4,46.5,2025-10-30 06:00:00
STU00105,Algorithms,47.1,48.6,13,2.4,107.8,96.4,66.4,47.1,21,Medium,61.5,44.6,2025-11-03 02:00:00
STU00105,Database,67.8,65.7,14,3.8,106.3,98.1,47.1,67.8,15,Medium,52.1,39.9,2025-11-07 07:00:00
STU00105,Web Development,58.5,61.1,15,2.0,104.2,96.4,67.8,58.5,12,Easy,57.8,40.7,2025-11-11 08:00:00
STU00105,Python,57.7,63.7,16,1.9,97.7,98.7,58.5,57.7,13,Easy,54.4,44.7,2025-11-15 05:00:00
STU00105,Data Structures,58.0,61.2,17,1.9,96.5,90.1,57.7,58.0,21,Medium,52.9,44.9,2025-11-19 07:00:00
STU00105,Algorithms,67.8,63.7,18,2.3,116.0,98.0,58.0,67.8,9,Easy,54.0,46.6,2025-11-23 06:00:00
STU00105,Database,55.6,57.3,19,1.8,102.5,89.2,67.8,55.6,22,Medium,55.4,52.8,2025-11-27 03:00:00
STU00105,Web Development,43.3,48.8,20,2.8,94.8,91.5,55.6,43.3,17,Hard,46.6,45.5,2025-12-01 02:00:00
STU00106,Python,54.1,57.3,1,2.7,80.1,94.1,41.9,54.1,18,Easy,56.1,49.0,2025-09-12 05:00:00
STU00106,Data Structures,61.1,58.1,2,2.0,79.8,99.1,54.1,61.1,19,Medium,57.4,55.2,2025-09-16 01:00:00
STU00106,Algorithms,54.3,57.7,3,2.7,79.9,93.3,61.1,54.3,8,Medium,51.2,51.4,2025-09-20 02:00:00
STU00106,Database,36.7,38.5,4,3.5,79.7,96.2,54.3,36.7,22,Hard,56.9,50.4,2025-09-24 02:00:00
STU00106,Web Development,40.8,44.1,5,3.3,70.3,95.5,36.7,40.8,12,Medium,59.3,52.6,2025-09-28 04:00:00
STU00106,Python,57.6,60.8,6,3.2,74.0,96.8,40.8,57.6,8,Easy,53.1,52.1,2025-10-02 08:00:00
STU00106,Data Structures,57.1,51.5,7,3.4,82.0,93.6,57.6,57.1,14,Medium,59.3,49.2,2025-10-06 01:00:00
STU00106,Algorithms,75.6,75.4,8,2.4,81.2,92.2,57.1,75.6,23,Easy,55.3,47.8,2025-10-10 04:00:00
STU00106,Database,50.3,49.5,9,3.0,74.0,94.9,75.6,50.3,20,Medium,61.9,49.8,2025-10-14 01:00:00
STU00106,Web Development,54.7,56.7,10,2.5,76.4,89.4,50.3,54.7,17,Easy,52.8,44.6,2025-10-18 03:00:00
STU00106,Python,59.3,59.3,11,3.7,84.2,89.8,54.7,59.3,22,Easy,56.9,49.2,2025-10-22 06:00:00
STU00106,Data Structures,59.1,58.1,12,2.3,81.8,96.5,59.3,59.1,25,Easy,55.0,46.1,2025-10-26 04:00:00
STU00106,Algorithms,65.4,70.0,13,1.7,78.8,91.0,59.1,65.4,11,Easy,55.4,42.5,2025-10-30 04:00:00
STU00106,Database,43.2,44.3,14,3.2,75.0,90.0,65.4,43.2,15,Medium,55.9,42.7,2025-11-03 08:00:00
STU00106,Web Development,56.0,52.8,15,2.7,80.0,95.2,43.2,56.0,12,Medium,61.7,51.1,2025-11-07 02:00:00
STU00106,Python,62.9,64.6,16,2.6,76.6,98.8,56.0,62.9,8,Medium,58.0,42.4,2025-11-11 06:00:00
STU00106,Data Structures,64.7,64.6,17,3.4,85.4,91.4,62.9,64.7,10,Easy,51.2,43.2,2025-11-15 05:00:00
STU00106,Algorithms,71.7,70.1,18,3.0,73.5,98.3,64.7,71.7,11,Easy,52.8,45.5,2025-11-19 08:00:00
STU00106,Database,53.3,58.7,19,3.2,75.3,90.8,71.7,53.3,12,Easy,58.0,45.7,2025-11-23 06:00:00
STU00106,Web Development,50.1,46.8,20,3.8,75.5,96.0,53.3,50.1,8,Medium,53.1,51.5,2025-11-27 08:00:00
STU00107,Python,83.7,89.8,1,2.4,43.3,98.0,73.0,83.7,8,Hard,82.5,92.9,2025-09-14 02:00:00
STU00107,Data Structures,90.5,89.1,2,3.6,54.8,96.5,83.7,90.5,24,Medium,85.1,92.5,2025-09-18 07:00:00
STU00107,Algorithms,92.6,91.9,3,2.6,48.3,99.6,90.5,92.6,20,Easy,77.1,82.4,2025-09-22 01:00:00
STU00107,Database,97.0,99.1,4,2.1,44.5,93.8,92.6,97.0,15,Easy,82.0,88.8,2025-09-26 02:00:00
STU00107,Web Development,100.0,100.0,5,3.9,47.1,85.6,97.0,100.0,11,Medium,83.0,85.1,2025-09-30 01:00:00
STU00107,Python,100.0,100.0,6,2.7,40.6,100.0,100.0,100.0,12,Easy,82.8,86.4,2025-10-04 08:00:00
STU00107,Data Structures,94.6,93.1,7,2.5,53.1,96.0,100.0,94.6,20,Easy,79.8,80.8,2025-10-08 08:00:00
STU00107,Algorithms,84.5,88.0,8,3.8,44.2,88.7,94.6,84.5,23,Easy,88.5,83.9,2025-10-12 08:00:00
STU00107,Database,100.0,98.1,9,2.3,54.5,97.3,84.5,100.0,21,Medium,87.3,75.7,2025-10-16 06:00:00
STU00107,Web Development,89.8,92.8,10,4.5,51.5,94.7,100.0,89.8,10,Medium,78.6,87.4,2025-10-20 06:00:00
STU00107,Python,99.9,100.0,11,2.2,36.5,88.6,89.8,99.9,19,Medium,86.5,83.4,2025-10-24 03:00:00
STU00107,Data Structures,98.3,95.9,12,3.5,51.7,100.0,99.9,98.3,24,Medium,89.0,89.4,2025-10-28 04:00:00
STU00107,Algorithms,84.9,87.0,13,3.5,36.0,100.0,98.3,84.9,13,Medium,83.7,85.3,2025-11-01 04:00:00
STU00107,Database,100.0,100.0,14,2.9,53.2,89.1,84.9,100.0,11,Medium,78.8,91.8,2025-11-05 04:00:00
STU00107,Web Development,98.3,99.3,15,3.5,45.5,94.5,100.0,98.3,9,Medium,84.3,85.9,2025-11-09 01:00:00
STU00107,Python,97.0,100.0,16,2.9,49.5,90.3,98.3,97.0,18,Easy,81.4,79.0,2025-11-13 04:00:00
STU00107,Data Structures,86.4,88.1,17,2.4,60.6,82.8,97.0,86.4,14,Medium,82.5,85.8,2025-11-17 06:00:00
STU00107,Algorithms,100.0,100.0,18,2.2,39.1,91.1,86.4,100.0,18,Medium,76.6,84.3,2025-11-21 05:00:00
STU00107,Database,96.1,100.0,19,2.3,45.7,92.6,100.0,96.1,14,Medium,83.4,87.8,2025-11-25 07:00:00
STU00107,Web Development,100.0,100.0,20,2.5,48.3,92.0,96.1,100.0,15,Easy,87.6,89.4,2025-11-29 01:00:00
STU00108,Python,69.7,67.9,1,3.3,69.9,92.5,48.5,69.7,13,Medium,61.7,68.7,2025-09-14 04:00:00
STU00108,Data Structures,67.4,68.8,2,2.8,82.4,96.1,69.7,67.4,23,Easy,64.5,77.0,2025-09-18 01:00:00
STU00108,Algorithms,69.5,69.2,3,2.2,92.4,95.6,67.4,69.5,17,Medium,64.6,74.8,2025-09-22 03:00:00
STU00108,Database,62.3,60.0,4,3.7,80.4,92.6,69.5,62.3,9,Medium,55.5,77.6,2025-09-26 03:00:00
STU00108,Web Development,66.0,65.5,5,3.7,87.0,99.2,62.3,66.0,17,Medium,62.6,76.3,2025-09-30 05:00:00
STU00108,Python,80.9,80.0,6,2.1,80.5,91.7,66.0,80.9,17,Easy,59.5,74.4,2025-10-04 02:00:00
STU00108,Data Structures,66.6,66.1,7,2.3,78.3,95.0,80.9,66.6,17,Easy,66.7,75.8,2025-10-08 04:00:00
STU00108,Algorithms,78.1,77.3,8,1.6,74.3,100.0,66.6,78.1,17,Medium,69.4,62.7,2025-10-12 01:00:00
STU00108,Database,57.4,56.6,9,3.8,77.2,94.1,78.1,57.4,14,Medium,61.5,76.2,2025-10-16 05:00:00
STU00108,Web Development,74.2,74.3,10,3.9,77.4,98.9,57.4,74.2,20,Easy,57.6,75.4,2025-10-20 07:00:00
STU00108,Python,67.4,68.3,11,2.8,80.3,96.7,74.2,67.4,10,Medium,59.5,69.5,2025-10-24 04:00:00
STU00108,Data Structures,57.8,59.3,12,3.5,84.2,99.2,67.4,57.8,12,Medium,61.9,76.7,2025-10-28 03:00:00
STU00108,Algorithms,73.7,72.6,13,2.2,69.4,94.4,57.8,73.7,15,Medium,62.8,77.5,2025-11-01 02:00:00
STU00108,Database,50.1,45.7,14,2.1,82.1,96.0,73.7,50.1,19,Hard,63.9,70.7,2025-11-05 04:00:00
STU00108,Web Development,74.5,77.0,15,2.9,73.6,98.6,50.1,74.5,14,Medium,58.9,79.4,2025-11-09 06:00:00
STU00108,Python,68.0,70.4,16,2.8,71.1,92.3,74.5,68.0,16,Easy,69.5,66.8,2025-11-13 01:00:00
STU00108,Data Structures,73.4,76.9,17,2.6,73.7,98.1,68.0,73.4,11,Easy,65.4,69.2,2025-11-17 06:00:00
STU00108,Algorithms,81.3,84.8,18,1.5,76.7,87.9,73.4,81.3,18,Easy,62.2,78.0,2025-11-21 08:00:00
STU00108,Database,67.3,62.6,19,3.1,72.7,90.8,81.3,67.3,21,Easy,58.2,75.3,2025-11-25 05:00:00
STU00108,Web Development,78.9,76.0,20,3.6,87.5,96.1,67.3,78.9,21,Medium,61.5,72.1,2025-11-29 05:00:00
STU00109,Python,78.3,78.3,1,2.3,55.0,93.7,63.5,78.3,8,Medium,57.8,77.7,2025-09-15 05:00:00
STU00109,Data Structures,86.5,88.4,2,3.2,67.1,94.3,78.3,86.5,21,Easy,56.1,79.7,2025-09-19 05:00:00
STU00109,Algorithms,84.8,88.9,3,2.5,58.4,88.2,86.5,84.8,15,Easy,55.9,81.7,2025-09-23 03:00:00
STU00109,Database,89.8,87.9,4,2.9,71.2,98.3,84.8,89.8,25,Medium,52.0,76.9,2025-09-27 08:00:00
STU00109,Web Development,84.1,86.3,5,4.0,58.7,92.3,89.8,84.1,18,Easy,69.6,70.6,2025-10-01 07:00:00
STU00109,Python,81.5,83.3,6,4.0,66.1,96.8,84.1,81.5,15,Medium,56.0,81.0,2025-10-05 04:00:00
STU00109,Data Structures,84.3,84.7,7,2.5,58.3,98.3,81.5,84.3,8,Medium,59.0,79.7,2025-10-09 02:00:00
STU00109,Algorithms,75.9,76.8,8,2.3,69.1,93.9,84.3,75.9,14,Hard,62.6,81.4,2025-10-13 06:00:00
STU00109,Database,91.7,94.9,9,2.8,59.7,93.7,75.9,91.7,14,Easy,56.2,84.1,2025-10-17 01:00:00
STU00109,Web Development,76.6,74.1,10,2.2,56.3,92.8,91.7,76.6,24,Hard,60.0,77.6,2025-10-21 04:00:00
STU00109,Python,84.9,86.4,11,2.1,53.9,96.5,76.6,84.9,23,Easy,57.8,75.0,2025-10-25 01:00:00
STU00109,Data Structures,92.2,89.9,12,2.2,56.1,98.5,84.9,92.2,21,Medium,61.2,85.0,2025-10-29 03:00:00
STU00109,Algorithms,96.6,95.7,13,1.6,48.4,89.2,92.2,96.6,23,Easy,60.5,78.5,2025-11-02 08:00:00
STU00109,Database,78.1,81.1,14,3.1,68.9,92.2,96.6,78.1,18,Hard,61.7,84.2,2025-11-06 04:00:00
STU00109,Web Development,87.6,82.0,15,1.6,59.2,92.0,78.1,87.6,20,Medium,54.3,82.5,2025-11-10 05:00:00
STU00109,Python,100.0,99.6,16,2.6,54.5,97.7,87.6,100.0,22,Easy,57.3,84.1,2025-11-14 02:00:00
STU00109,Data Structures,100.0,96.8,17,1.6,49.7,91.3,100.0,100.0,9,Easy,56.4,80.0,2025-11-18 01:00:00
STU00109,Algorithms,92.6,89.8,18,2.1,57.7,98.0,100.0,92.6,15,Medium,49.3,79.8,2025-11-22 06:00:00
STU00109,Database,100.0,93.3,19,3.8,60.6,93.4,92.6,100.0,21,Medium,58.4,81.8,2025-11-26 01:00:00
STU00109,Web Development,66.2,65.0,20,2.9,61.7,95.7,100.0,66.2,15,Hard,61.4,76.5,2025-11-30 06:00:00
STU00110,Python,45.8,47.1,1,1.7,100.0,90.5,30.0,45.8,21,Medium,54.3,54.6,2025-09-15 07:00:00
STU00110,Data Structures,43.3,40.0,2,3.0,93.5,98.4,45.8,43.3,20,Medium,47.9,56.2,2025-09-19 01:00:00
STU00110,Algorithms,39.5,37.5,3,3.0,95.1,98.5,43.3,39.5,10,Medium,49.6,59.2,2025-09-23 04:00:00
STU00110,Database,42.5,38.3,4,2.7,110.5,90.7,39.5,42.5,18,Medium,49.2,61.3,2025-09-27 04:00:00
STU00110,Web Development,44.8,45.4,5,1.6,111.3,98.3,42.5,44.8,25,Medium,49.3,57.5,2025-10-01 08:00:00
STU00110,Python,56.4,52.5,6,1.7,89.9,96.9,44.8,56.4,18,Easy,52.2,60.7,2025-10-05 05:00:00
STU00110,Data Structures,42.0,39.9,7,1.8,109.3,92.2,56.4,42.0,13,Medium,52.5,55.4,2025-10-09 08:00:00
STU00110,Algorithms,47.6,47.8,8,3.4,95.2,87.5,42.0,47.6,21,Medium,47.1,64.3,2025-10-13 08:00:00
STU00110,Database,40.4,39.3,9,2.4,96.1,94.9,47.6,40.4,12,Medium,47.7,59.9,2025-10-17 05:00:00
STU00110,Web Development,37.2,40.9,10,1.7,100.1,100.0,40.4,37.2,24,Hard,50.7,53.1,2025-10-21 03:00:00
STU00110,Python,42.7,44.4,11,3.1,90.9,90.0,37.2,42.7,24,Medium,47.3,64.7,2025-10-25 02:00:00
STU00110,Data Structures,34.3,35.3,12,2.4,85.0,94.0,42.7,34.3,11,Hard,47.4,59.4,2025-10-29 03:00:00
STU00110,Algorithms,47.3,50.5,13,2.3,99.8,89.8,34.3,47.3,25,Easy,55.3,52.5,2025-11-02 01:00:00
STU00110,Database,38.8,37.9,14,2.5,96.4,100.0,47.3,38.8,13,Hard,49.2,59.0,2025-11-06 06:00:00
STU00110,Web Development,55.2,50.1,15,1.6,85.7,90.3,38.8,55.2,13,Medium,53.2,58.2,2025-11-10 08:00:00
STU00110,Python,43.3,43.5,16,2.5,99.3,96.6,55.2,43.3,19,Hard,45.0,62.8,2025-11-14 02:00:00
STU00110,Data Structures,52.7,51.8,17,1.5,96.8,95.6,43.3,52.7,11,Easy,54.4,53.4,2025-11-18 07:00:00
STU00110,Algorithms,47.1,49.3,18,2.6,96.7,88.7,52.7,47.1,15,Easy,50.0,53.4,2025-11-22 05:00:00
STU00110,Database,52.5,53.2,19,1.7,90.1,98.1,47.1,52.5,16,Easy,49.3,58.0,2025-11-26 05:00:00
STU00110,Web Development,57.4,60.1,20,1.6,108.5,93.4,52.5,57.4,20,Medium,53.9,56.4,2025-11-30 02:00:00
STU00111,Python,90.3,94.2,1,3.2,58.1,93.2,80.4,90.3,20,Medium,93.6,88.3,2025-09-09 07:00:00
STU00111,Data Structures,86.2,84.0,2,3.4,54.9,94.3,90.3,86.2,8,Hard,96.1,93.1,2025-09-13 03:00:00
STU00111,Algorithms,96.6,100.0,3,2.9,54.3,96.6,86.2,96.6,22,Medium,93.5,93.6,2025-09-17 03:00:00
STU00111,Database,94.4,100.0,4,2.7,47.9,98.9,96.6,94.4,12,Easy,90.8,95.4,2025-09-21 08:00:00
STU00111,Web Development,83.3,81.3,5,2.5,51.7,93.8,94.4,83.3,24,Hard,96.3,88.0,2025-09-25 01:00:00
STU00111,Python,91.8,94.5,6,2.0,48.4,97.3,83.3,91.8,8,Medium,95.2,100.0,2025-09-29 03:00:00
STU00111,Data Structures,97.9,95.9,7,3.2,41.1,97.2,91.8,97.9,18,Easy,96.0,94.1,2025-10-03 05:00:00
STU00111,Algorithms,91.7,92.4,8,2.8,43.8,98.8,97.9,91.7,14,Hard,99.3,94.6,2025-10-07 06:00:00
STU00111,Database,98.0,100.0,9,3.4,37.8,93.2,91.7,98.0,22,Medium,90.4,88.9,2025-10-11 07:00:00
STU00111,Web Development,86.3,90.0,10,2.2,38.3,100.0,98.0,86.3,21,Medium,85.9,86.1,2025-10-15 03:00:00
STU00111,Python,100.0,100.0,11,3.8,53.7,98.7,86.3,100.0,16,Medium,85.6,93.3,2025-10-19 08:00:00
STU00111,Data Structures,84.4,84.6,12,3.3,52.2,97.0,100.0,84.4,16,Hard,93.9,88.9,2025-10-23 06:00:00
STU00111,Algorithms,98.8,100.0,13,2.8,41.5,91.4,84.4,98.8,16,Medium,85.9,94.0,2025-10-27 01:00:00
STU00111,Database,90.9,89.5,14,3.5,61.9,88.2,98.8,90.9,21,Hard,85.3,93.7,2025-10-31 06:00:00
STU00111,Web Development,89.7,93.2,15,4.0,50.6,99.8,90.9,89.7,24,Medium,86.3,95.9,2025-11-04 07:00:00
STU00111,Python,98.4,100.0,16,4.2,44.1,99.4,89.7,98.4,25,Medium,86.7,85.8,2025-11-08 03:00:00
STU00111,Data Structures,94.8,94.8,17,3.9,47.1,94.6,98.4,94.8,19,Medium,92.0,96.9,2025-11-12 06:00:00
STU00111,Algorithms,92.1,97.2,18,3.2,42.4,97.5,94.8,92.1,8,Medium,87.8,90.2,2025-11-16 06:00:00
STU00111,Database,99.2,100.0,19,3.4,53.3,91.0,92.1,99.2,12,Medium,94.2,94.5,2025-11-20 04:00:00
STU00111,Web Development,97.3,100.0,20,3.8,46.0,93.6,99.2,97.3,24,Easy,89.5,88.3,2025-11-24 08:00:00
STU00112,Python,37.5,39.6,1,2.3,103.0,99.1,30.0,37.5,18,Medium,49.2,57.2,2025-09-08 07:00:00
STU00112,Data Structures,48.2,46.1,2,2.6,104.5,94.8,37.5,48.2,9,Easy,43.3,54.4,2025-09-12 03:00:00
STU00112,Algorithms,51.2,56.8,3,1.7,103.0,89.8,48.2,51.2,12,Easy,47.3,58.4,2025-09-16 03:00:00
STU00112,Database,37.0,39.0,4,3.4,97.5,92.3,51.2,37.0,21,Medium,40.9,53.8,2025-09-20 05:00:00
STU00112,Web Development,48.7,50.2,5,3.7,107.5,94.4,37.0,48.7,14,Medium,46.9,58.7,2025-09-24 01:00:00
STU00112,Python,51.1,53.4,6,2.1,104.4,90.3,48.7,51.1,20,Easy,50.4,55.1,2025-09-28 06:00:00
STU00112,Data Structures,52.6,54.5,7,3.0,104.3,94.3,51.1,52.6,21,Easy,42.7,55.8,2025-10-02 07:00:00
STU00112,Algorithms,58.4,55.2,8,3.4,95.7,98.8,52.6,58.4,17,Medium,44.8,54.5,2025-10-06 03:00:00
STU00112,Database,41.1,38.5,9,3.1,97.2,88.4,58.4,41.1,19,Medium,45.6,53.1,2025-10-10 02:00:00
STU00112,Web Development,44.0,44.9,10,3.6,95.9,90.3,41.1,44.0,25,Hard,45.8,56.3,2025-10-14 08:00:00
STU00112,Python,46.2,46.6,11,1.9,102.9,97.8,44.0,46.2,19,Medium,41.2,59.0,2025-10-18 05:00:00
STU00112,Data Structures,50.2,48.8,12,3.6,107.4,88.4,46.2,50.2,10,Easy,41.6,48.2,2025-10-22 02:00:00
STU00112,Algorithms,48.9,48.6,13,1.9,100.4,92.1,50.2,48.9,11,Medium,47.3,50.3,2025-10-26 03:00:00
STU00112,Database,45.9,44.9,14,2.9,91.8,94.2,48.9,45.9,15,Easy,40.1,54.9,2025-10-30 08:00:00
STU00112,Web Development,51.6,47.4,15,3.0,102.3,95.2,45.9,51.6,18,Easy,44.0,60.7,2025-11-03 04:00:00
STU00112,Python,51.3,51.6,16,2.7,96.0,95.2,51.6,51.3,21,Medium,46.6,53.2,2025-11-07 03:00:00
STU00112,Data Structures,57.3,53.2,17,3.7,85.0,95.8,51.3,57.3,15,Medium,45.2,57.4,2025-11-11 04:00:00
STU00112,Algorithms,63.0,62.3,18,1.6,104.4,97.5,57.3,63.0,16,Easy,38.1,57.4,2025-11-15 05:00:00
STU00112,Database,33.5,38.2,19,3.1,98.7,90.7,63.0,33.5,13,Medium,43.5,58.6,2025-11-19 06:00:00
STU00112,Web Development,46.1,42.5,20,3.3,98.9,95.1,33.5,46.1,25,Medium,43.1,60.6,2025-11-23 08:00:00
STU00113,Python,97.1,94.4,1,3.6,34.9,96.3,76.5,97.1,24,Medium,88.5,89.8,2025-09-16 02:00:00
STU00113,Data Structures,95.6,90.7,2,3.6,42.6,94.2,97.1,95.6,8,Medium,86.6,97.2,2025-09-20 05:00:00
STU00113,Algorithms,91.8,92.4,3,2.2,36.5,90.4,95.6,91.8,23,Medium,86.7,85.8,2025-09-24 04:00:00
STU00113,Database,87.7,85.6,4,2.9,46.7,96.6,91.8,87.7,23,Hard,91.6,91.5,2025-09-28 07:00:00
STU00113,Web Development,100.0,100.0,5,2.3,42.0,96.7,87.7,100.0,8,Easy,87.4,92.0,2025-10-02 02:00:00
STU00113,Python,96.9,94.3,6,3.6,31.2,92.9,100.0,96.9,21,Medium,87.3,90.5,2025-10-06 06:00:00
STU00113,Data Structures,97.1,98.1,7,3.9,30.0,100.0,96.9,97.1,15,Easy,84.5,87.0,2025-10-10 07:00:00
STU00113,Algorithms,89.3,87.7,8,3.1,41.9,95.0,97.1,89.3,19,Medium,86.5,87.8,2025-10-14 01:00:00
STU00113,Database,100.0,100.0,9,2.7,39.9,96.4,89.3,100.0,19,Medium,90.9,86.9,2025-10-18 01:00:00
STU00113,Web Development,91.1,95.1,10,2.8,31.5,95.2,100.0,91.1,15,Easy,80.9,96.1,2025-10-22 04:00:00
STU00113,Python,96.9,100.0,11,3.9,46.4,88.5,91.1,96.9,16,Easy,87.2,92.8,2025-10-26 01:00:00
STU00113,Data Structures,93.1,95.0,12,2.9,26.7,89.4,96.9,93.1,25,Medium,89.6,89.2,2025-10-30 01:00:00
STU00113,Algorithms,93.9,87.8,13,3.7,35.0,100.0,93.1,93.9,16,Medium,86.2,86.0,2025-11-03 03:00:00
STU00113,Database,89.6,90.1,14,3.5,36.9,96.1,93.9,89.6,12,Hard,94.9,91.0,2025-11-07 03:00:00
STU00113,Web Development,100.0,100.0,15,4.0,37.1,95.9,89.6,100.0,23,Easy,89.3,88.0,2025-11-11 03:00:00
STU00113,Python,97.7,100.0,16,3.9,27.4,100.0,100.0,97.7,16,Medium,85.3,95.6,2025-11-15 04:00:00
STU00113,Data Structures,100.0,100.0,17,2.2,25.0,94.1,97.7,100.0,25,Easy,84.6,87.0,2025-11-19 06:00:00
STU00113,Algorithms,93.4,92.3,18,2.0,33.8,96.2,100.0,93.4,25,Easy,90.7,87.8,2025-11-23 02:00:00
STU00113,Database,95.9,100.0,19,3.3,36.7,90.1,93.4,95.9,16,Medium,94.2,85.7,2025-11-27 05:00:00
STU00113,Web Development,100.0,100.0,20,3.7,35.7,98.0,95.9,100.0,16,Easy,96.5,91.6,2025-12-01 02:00:00
STU00114,Python,84.9,87.7,1,4.4,39.5,99.5,67.0,84.9,12,Easy,82.7,82.0,2025-09-06 08:00:00
STU00114,Data Structures,89.1,92.7,2,2.5,41.6,96.3,84.9,89.1,17,Medium,75.5,83.7,2025-09-10 07:00:00
STU00114,Algorithms,89.5,87.7,3,3.4,50.5,97.3,89.1,89.5,13,Medium,80.4,88.0,2025-09-14 06:00:00
STU00114,Database,81.1,80.0,4,3.5,40.0,95.5,89.5,81.1,15,Medium,82.3,85.3,2025-09-18 05:00:00
STU00114,Web Development,96.6,97.6,5,3.9,35.4,92.7,81.1,96.6,12,Medium,79.9,90.9,2025-09-22 02:00:00
STU00114,Python,84.9,86.3,6,2.2,42.8,91.1,96.6,84.9,11,Medium,87.8,97.6,2025-09-26 03:00:00
STU00114,Data Structures,95.0,94.8,7,2.3,35.6,97.6,84.9,95.0,15,Medium,80.3,82.8,2025-09-30 03:00:00
STU00114,Algorithms,93.9,89.2,8,2.4,43.7,98.4,95.0,93.9,8,Medium,78.4,84.3,2025-10-04 06:00:00
STU00114,Database,94.9,90.4,9,3.5,43.3,100.0,93.9,94.9,25,Medium,83.5,90.5,2025-10-08 05:00:00
STU00114,Web Development,99.2,99.4,10,2.9,37.2,100.0,94.9,99.2,10,Easy,79.3,86.3,2025-10-12 05:00:00
STU00114,Python,88.7,91.3,11,2.1,38.8,96.4,99.2,88.7,9,Easy,88.6,82.1,2025-10-16 03:00:00
STU00114,Data Structures,88.9,87.5,12,3.3,31.1,90.3,88.7,88.9,8,Hard,86.2,84.3,2025-10-20 08:00:00
STU00114,Algorithms,100.0,99.6,13,2.1,41.5,95.8,88.9,100.0,22,Easy,90.0,81.2,2025-10-24 05:00:00
STU00114,Database,93.5,94.7,14,2.8,41.5,94.3,100.0,93.5,15,Easy,83.3,80.2,2025-10-28 06:00:00
STU00114,Web Development,97.6,98.1,15,3.4,36.8,90.9,93.5,97.6,22,Easy,85.8,82.6,2025-11-01 01:00:00
STU00114,Python,97.5,90.9,16,3.6,34.9,89.8,97.6,97.5,22,Easy,80.3,80.5,2025-11-05 04:00:00
STU00114,Data Structures,94.2,93.8,17,2.6,38.8,99.7,97.5,94.2,21,Medium,82.9,79.4,2025-11-09 08:00:00
STU00114,Algorithms,85.9,85.9,18,4.5,29.0,100.0,94.2,85.9,17,Easy,74.7,83.6,2025-11-13 01:00:00
STU00114,Database,96.9,97.4,19,2.5,36.5,96.2,85.9,96.9,19,Medium,77.0,91.0,2025-11-17 05:00:00
STU00114,Web Development,88.9,92.2,20,4.2,31.9,99.1,96.9,88.9,17,Easy,84.3,81.9,2025-11-21 02:00:00
STU00115,Python,86.2,83.6,1,2.7,46.4,100.0,67.6,86.2,8,Medium,86.2,83.4,2025-09-09 05:00:00
STU00115,Data Structures,74.1,77.9,2,2.0,44.9,97.6,86.2,74.1,13,Hard,94.6,84.0,2025-09-13 07:00:00
STU00115,Algorithms,95.2,97.4,3,3.2,45.0,89.4,74.1,95.2,22,Easy,89.2,85.9,2025-09-17 06:00:00
STU00115,Database,88.1,84.4,4,4.1,55.7,97.2,95.2,88.1,22,Medium,78.9,84.3,2025-09-21 08:00:00
STU00115,Web Development,93.5,92.4,5,2.6,50.8,96.6,88.1,93.5,21,Easy,88.6,93.8,2025-09-25 01:00:00
STU00115,Python,87.9,89.4,6,2.5,53.3,100.0,93.5,87.9,15,Medium,88.0,89.4,2025-09-29 04:00:00
STU00115,Data Structures,84.8,90.2,7,4.2,60.3,86.5,87.9,84.8,20,Easy,76.0,84.3,2025-10-03 04:00:00
STU00115,Algorithms,79.2,82.0,8,2.5,41.8,98.1,84.8,79.2,18,Medium,86.8,83.3,2025-10-07 02:00:00
STU00115,Database,82.0,81.4,9,2.1,42.0,100.0,79.2,82.0,16,Easy,78.5,87.2,2025-10-11 06:00:00
STU00115,Web Development,91.9,92.6,10,2.3,43.3,91.8,82.0,91.9,24,Easy,86.5,85.6,2025-10-15 06:00:00
STU00115,Python,100.0,100.0,11,2.8,58.4,94.3,91.9,100.0,17,Easy,89.6,87.9,2025-10-19 01:00:00
STU00115,Data Structures,91.3,92.4,12,3.6,45.1,96.3,100.0,91.3,13,Medium,92.1,90.3,2025-10-23 03:00:00
STU00115,Algorithms,99.4,97.8,13,4.3,65.3,100.0,91.3,99.4,18,Easy,76.3,84.8,2025-10-27 04:00:00
STU00115,Database,74.3,77.5,14,3.2,43.7,94.3,99.4,74.3,24,Hard,78.4,88.8,2025-10-31 02:00:00
STU00115,Web Development,91.0,88.4,15,3.0,49.5,94.1,74.3,91.0,20,Easy,85.2,90.5,2025-11-04 01:00:00
STU00115,Python,94.9,95.8,16,3.2,52.4,95.2,91.0,94.9,9,Easy,87.9,92.8,2025-11-08 06:00:00
STU00115,Data Structures,92.1,91.5,17,3.8,51.6,94.7,94.9,92.1,23,Medium,83.4,91.6,2025-11-12 05:00:00
STU00115,Algorithms,93.2,93.2,18,4.2,62.3,98.3,92.1,93.2,16,Easy,84.1,89.8,2025-11-16 08:00:00
STU00115,Database,93.3,96.1,19,3.0,46.6,91.1,93.2,93.3,16,Easy,86.5,89.8,2025-11-20 07:00:00
STU00115,Web Development,91.9,94.4,20,3.4,53.5,94.0,93.3,91.9,8,Easy,82.4,86.9,2025-11-24 08:00:00
STU00116,Python,75.7,79.4,1,3.3,52.9,98.3,73.0,75.7,8,Medium,91.6,86.6,2025-09-09 02:00:00
STU00116,Data Structures,90.5,91.5,2,3.7,48.8,95.4,75.7,90.5,10,Medium,89.5,85.4,2025-09-13 03:00:00
STU00116,Algorithms,85.4,83.9,3,2.4,34.8,91.9,90.5,85.4,16,Medium,83.7,82.4,2025-09-17 08:00:00
STU00116,Database,81.7,82.5,4,3.3,57.4,91.7,85.4,81.7,18,Medium,91.2,84.5,2025-09-21 04:00:00
STU00116,Web Development,93.7,91.7,5,4.4,50.5,92.5,81.7,93.7,22,Medium,88.0,93.5,2025-09-25 05:00:00
STU00116,Python,71.0,76.2,6,3.5,46.9,96.8,93.7,71.0,10,Hard,85.6,85.4,2025-09-29 02:00:00
STU00116,Data Structures,95.9,98.2,7,4.3,43.9,92.1,71.0,95.9,21,Easy,89.5,81.7,2025-10-03 03:00:00
STU00116,Algorithms,78.4,76.0,8,3.6,42.1,97.8,95.9,78.4,22,Hard,88.2,85.7,2025-10-07 07:00:00
STU00116,Database,92.3,95.1,9,4.1,46.2,99.8,78.4,92.3,9,Easy,93.4,81.2,2025-10-11 01:00:00
STU00116,Web Development,90.9,92.8,10,3.6,49.4,98.2,92.3,90.9,21,Medium,96.1,84.6,2025-10-15 01:00:00
STU00116,Python,89.3,87.4,11,3.2,41.9,95.3,90.9,89.3,13,Medium,85.5,89.4,2025-10-19 03:00:00
STU00116,Data Structures,89.8,89.2,12,3.0,42.7,94.2,89.3,89.8,10,Easy,90.0,82.9,2025-10-23 01:00:00
STU00116,Algorithms,82.1,80.3,13,4.4,48.1,97.9,89.8,82.1,13,Hard,83.6,91.3,2025-10-27 05:00:00
STU00116,Database,84.6,80.8,14,2.0,44.5,95.1,82.1,84.6,16,Medium,94.5,89.9,2025-10-31 04:00:00
STU00116,Web Development,87.4,88.2,15,3.1,42.4,97.2,84.6,87.4,25,Easy,85.7,80.2,2025-11-04 06:00:00
STU00116,Python,89.1,90.9,16,3.2,58.0,90.4,87.4,89.1,15,Medium,91.1,85.4,2025-11-08 03:00:00
STU00116,Data Structures,97.5,95.3,17,3.8,42.3,98.5,89.1,97.5,9,Easy,90.2,83.8,2025-11-12 01:00:00
STU00116,Algorithms,83.9,86.3,18,4.1,31.8,99.4,97.5,83.9,17,Medium,89.2,90.1,2025-11-16 08:00:00
STU00116,Database,97.5,95.4,19,4.3,40.3,91.8,83.9,97.5,15,Easy,94.5,89.9,2025-11-20 03:00:00
STU00116,Web Development,91.1,94.3,20,2.9,50.6,87.7,97.5,91.1,15,Medium,88.1,83.6,2025-11-24 04:00:00
STU00117,Python,63.3,57.9,1,2.8,84.0,93.1,32.4,63.3,23,Easy,44.6,50.7,2025-09-20 04:00:00
STU00117,Data Structures,54.6,54.0,2,1.9,78.3,99.4,63.3,54.6,16,Easy,49.4,47.7,2025-09-24 06:00:00
STU00117,Algorithms,53.1,51.2,3,2.4,78.8,96.4,54.6,53.1,9,Easy,49.5,52.3,2025-09-28 06:00:00
STU00117,Database,57.9,60.7,4,2.4,73.4,94.0,53.1,57.9,16,Easy,40.1,42.4,2025-10-02 05:00:00
STU00117,Web Development,51.7,55.8,5,3.9,77.5,96.0,57.9,51.7,13,Easy,41.6,49.8,2025-10-06 02:00:00
STU00117,Python,58.7,59.5,6,2.7,71.9,94.4,51.7,58.7,15,Easy,47.1,41.2,2025-10-10 06:00:00
STU00117,Data Structures,38.7,43.5,7,2.3,93.0,92.8,58.7,38.7,10,Hard,38.2,41.6,2025-10-14 02:00:00
STU00117,Algorithms,48.5,51.3,8,3.9,83.8,92.5,38.7,48.5,15,Easy,46.5,51.3,2025-10-18 03:00:00
STU00117,Database,58.7,58.1,9,1.8,69.2,99.1,48.5,58.7,10,Hard,40.4,39.9,2025-10-22 06:00:00
STU00117,Web Development,44.2,42.6,10,3.7,84.7,95.0,58.7,44.2,10,Hard,43.0,50.1,2025-10-26 01:00:00
STU00117,Python,60.3,56.7,11,3.2,72.6,97.1,44.2,60.3,10,Easy,42.1,52.7,2025-10-30 07:00:00
STU00117,Data Structures,69.2,67.9,12,1.6,90.1,97.4,60.3,69.2,21,Easy,43.4,39.3,2025-11-03 04:00:00
STU00117,Algorithms,43.1,43.4,13,1.7,76.7,94.4,69.2,43.1,20,Medium,42.0,43.7,2025-11-07 04:00:00
STU00117,Database,63.0,63.7,14,2.8,74.5,98.9,43.1,63.0,19,Medium,52.7,43.2,2025-11-11 01:00:00
STU00117,Web Development,39.7,42.2,15,4.0,77.7,90.0,63.0,39.7,13,Hard,42.4,48.7,2025-11-15 01:00:00
STU00117,Python,64.5,66.2,16,1.5,71.1,91.1,39.7,64.5,17,Easy,38.9,48.9,2025-11-19 08:00:00
STU00117,Data Structures,65.9,65.5,17,3.3,77.2,94.1,64.5,65.9,25,Easy,45.4,53.8,2025-11-23 08:00:00
STU00117,Algorithms,35.3,37.7,18,2.9,80.7,96.9,65.9,35.3,17,Hard,42.1,45.3,2025-11-27 08:00:00
STU00117,Database,49.0,48.5,19,3.9,72.6,98.3,35.3,49.0,21,Hard,42.8,47.5,2025-12-01 06:00:00
STU00117,Web Development,60.9,59.6,20,2.6,70.2,99.4,49.0,60.9,19,Medium,45.4,44.6,2025-12-05 05:00:00
STU00118,Python,85.5,90.1,1,3.2,45.4,100.0,78.2,85.5,11,Medium,85.4,98.0,2025-09-16 08:00:00
STU00118,Data Structures,98.8,100.0,2,2.7,41.1,95.3,85.5,98.8,11,Easy,93.5,98.4,2025-09-20 03:00:00
STU00118,Algorithms,82.2,79.6,3,3.6,49.2,94.9,98.8,82.2,9,Hard,83.2,93.4,2025-09-24 01:00:00
STU00118,Database,85.4,86.0,4,4.1,38.8,97.6,82.2,85.4,24,Medium,87.7,93.6,2025-09-28 07:00:00
STU00118,Web Development,100.0,99.2,5,2.7,34.2,93.9,85.4,100.0,9,Easy,95.0,94.6,2025-10-02 05:00:00
STU00118,Python,98.9,92.3,6,4.5,28.1,95.6,100.0,98.9,16,Easy,99.5,100.0,2025-10-06 07:00:00
STU00118,Data Structures,98.3,100.0,7,3.5,42.0,91.5,98.9,98.3,24,Easy,86.8,91.3,2025-10-10 03:00:00
STU00118,Algorithms,95.5,92.8,8,2.0,44.7,95.8,98.3,95.5,15,Easy,92.5,91.8,2025-10-14 06:00:00
STU00118,Database,93.5,100.0,9,2.3,37.7,99.5,95.5,93.5,24,Easy,88.7,93.3,2025-10-18 05:00:00
STU00118,Web Development,91.3,95.0,10,3.3,47.6,93.0,93.5,91.3,21,Easy,88.9,94.4,2025-10-22 02:00:00
STU00118,Python,98.2,95.6,11,2.7,42.1,100.0,91.3,98.2,9,Medium,86.4,91.8,2025-10-26 04:00:00
STU00118,Data Structures,96.9,96.2,12,4.1,47.5,87.7,98.2,96.9,17,Medium,89.1,95.9,2025-10-30 03:00:00
STU00118,Algorithms,97.0,98.6,13,3.3,43.3,92.8,96.9,97.0,10,Easy,90.0,98.2,2025-11-03 08:00:00
STU00118,Database,98.2,97.0,14,4.1,48.4,98.1,97.0,98.2,12,Easy,87.0,96.4,2025-11-07 02:00:00
STU00118,Web Development,86.6,88.0,15,3.4,43.7,95.1,98.2,86.6,16,Hard,83.1,95.7,2025-11-11 02:00:00
STU00118,Python,81.9,87.6,16,4.0,44.4,89.8,86.6,81.9,18,Hard,92.1,90.5,2025-11-15 03:00:00
STU00118,Data Structures,95.9,93.8,17,3.9,37.0,100.0,81.9,95.9,15,Hard,89.6,97.0,2025-11-19 04:00:00
STU00118,Algorithms,100.0,100.0,18,4.1,38.0,92.4,95.9,100.0,18,Medium,95.3,90.8,2025-11-23 04:00:00
STU00118,Database,96.9,95.5,19,2.0,40.1,96.0,100.0,96.9,19,Easy,85.4,96.4,2025-11-27 05:00:00
STU00118,Web Development,98.1,100.0,20,2.7,42.6,91.0,96.9,98.1,14,Medium,92.2,94.9,2025-12-01 05:00:00
STU00119,Python,59.9,65.4,1,2.2,105.9,91.4,32.5,59.9,24,Easy,44.3,47.7,2025-09-06 04:00:00
STU00119,Data Structures,52.8,47.9,2,4.0,110.7,97.5,59.9,52.8,20,Easy,51.0,45.6,2025-09-10 07:00:00
STU00119,Algorithms,47.1,50.4,3,2.1,119.4,97.3,52.8,47.1,9,Easy,44.2,53.4,2025-09-14 07:00:00
STU00119,Database,62.7,62.5,4,2.8,106.4,97.0,47.1,62.7,21,Easy,50.0,43.6,2025-09-18 04:00:00
STU00119,Web Development,56.1,55.1,5,2.6,116.8,93.8,62.7,56.1,17,Easy,52.3,43.3,2025-09-22 05:00:00
STU00119,Python,49.6,48.3,6,2.1,111.1,94.2,56.1,49.6,9,Medium,53.4,43.9,2025-09-26 08:00:00
STU00119,Data Structures,38.8,38.2,7,3.7,108.1,92.1,49.6,38.8,17,Easy,43.5,41.9,2025-09-30 01:00:00
STU00119,Algorithms,47.2,47.7,8,1.8,109.1,91.0,38.8,47.2,9,Medium,52.7,45.8,2025-10-04 01:00:00
STU00119,Database,62.6,61.4,9,3.9,103.5,100.0,47.2,62.6,21,Easy,46.8,46.9,2025-10-08 04:00:00
STU00119,Web Development,45.2,49.4,10,4.0,115.0,93.3,62.6,45.2,13,Medium,51.0,57.5,2025-10-12 08:00:00
STU00119,Python,59.3,57.2,11,2.1,124.8,95.1,45.2,59.3,9,Medium,47.2,51.7,2025-10-16 03:00:00
STU00119,Data Structures,51.1,47.2,12,3.3,117.7,93.5,59.3,51.1,22,Easy,50.7,58.8,2025-10-20 04:00:00
STU00119,Algorithms,39.4,44.0,13,1.9,98.8,94.7,51.1,39.4,12,Hard,51.9,44.8,2025-10-24 06:00:00
STU00119,Database,60.7,56.8,14,3.6,113.3,98.8,39.4,60.7,20,Medium,43.9,44.0,2025-10-28 05:00:00
STU00119,Web Development,60.1,60.7,15,2.0,114.6,99.8,60.7,60.1,20,Medium,48.5,46.4,2025-11-01 01:00:00
STU00119,Python,76.1,72.5,16,3.6,105.5,95.5,60.1,76.1,11,Easy,46.7,48.3,2025-11-05 07:00:00
STU00119,Data Structures,37.3,41.8,17,2.4,107.8,98.4,76.1,37.3,14,Medium,51.6,41.5,2025-11-09 08:00:00
STU00119,Algorithms,53.1,56.7,18,2.3,95.1,95.7,37.3,53.1,15,Easy,47.1,44.3,2025-11-13 03:00:00
STU00119,Database,71.1,68.9,19,2.5,114.4,93.5,53.1,71.1,12,Medium,48.1,47.6,2025-11-17 01:00:00
STU00119,Web Development,75.7,68.0,20,1.5,102.1,88.9,71.1,75.7,11,Easy,46.2,40.2,2025-11-21 02:00:00
STU00120,Python,62.4,61.0,1,2.8,92.2,92.8,37.1,62.4,17,Easy,47.2,55.3,2025-09-07 01:00:00
STU00120,Data Structures,55.9,58.9,2,2.9,91.5,96.2,62.4,55.9,14,Medium,52.0,60.0,2025-09-11 05:00:00
STU00120,Algorithms,60.3,65.7,3,3.9,94.5,100.0,55.9,60.3,19,Medium,55.5,57.4,2025-09-15 02:00:00
STU00120,Database,68.5,64.5,4,2.9,94.9,94.4,60.3,68.5,14,Medium,49.2,53.7,2025-09-19 07:00:00
STU00120,Web Development,50.3,47.5,5,3.1,91.6,87.6,68.5,50.3,12,Medium,50.3,61.5,2025-09-23 02:00:00
STU00120,Python,55.7,52.1,6,2.3,87.8,91.2,50.3,55.7,21,Medium,51.7,55.1,2025-09-27 01:00:00
STU00120,Data Structures,51.7,56.1,7,3.3,92.8,89.2,55.7,51.7,18,Medium,54.7,65.2,2025-10-01 03:00:00
STU00120,Algorithms,49.9,48.0,8,1.8,86.8,98.7,51.7,49.9,22,Hard,44.5,55.9,2025-10-05 06:00:00
STU00120,Database,57.6,55.8,9,3.0,93.7,91.9,49.9,57.6,24,Medium,47.4,68.7,2025-10-09 07:00:00
STU00120,Web Development,54.2,53.6,10,3.9,95.9,97.3,57.6,54.2,15,Medium,50.0,62.8,2025-10-13 01:00:00
STU00120,Python,55.1,51.9,11,1.7,87.6,100.0,54.2,55.1,9,Medium,50.3,49.9,2025-10-17 03:00:00
STU00120,Data Structures,58.8,59.2,12,3.8,84.0,92.2,55.1,58.8,8,Medium,48.5,55.5,2025-10-21 07:00:00
STU00120,Algorithms,56.2,54.9,13,3.3,84.3,98.9,58.8,56.2,14,Hard,51.3,61.4,2025-10-25 05:00:00
STU00120,Database,68.6,66.3,14,3.1,78.4,89.8,56.2,68.6,22,Easy,50.0,52.3,2025-10-29 04:00:00
STU00120,Web Development,50.7,50.4,15,3.4,105.9,99.2,68.6,50.7,12,Medium,49.1,63.0,2025-11-02 02:00:00
STU00120,Python,64.5,61.6,16,3.8,100.8,95.5,50.7,64.5,21,Easy,51.4,61.6,2025-11-06 08:00:00
STU00120,Data Structures,60.6,54.4,17,2.2,94.9,92.8,64.5,60.6,8,Hard,50.6,53.8,2025-11-10 06:00:00
STU00120,Algorithms,62.6,66.2,18,1.9,100.1,93.7,60.6,62.6,25,Easy,52.1,62.1,2025-11-14 03:00:00
STU00120,Database,51.1,50.3,19,2.8,99.9,97.8,62.6,51.1,15,Medium,46.8,47.6,2025-11-18 05:00:00
STU00120,Web Development,57.8,57.8,20,1.7,90.7,95.3,51.1,57.8,17,Medium,52.1,62.0,2025-11-22 02:00:00
STU00121,Python,74.9,76.6,1,1.6,76.0,97.2,60.9,74.9,25,Medium,71.0,70.6,2025-09-16 03:00:00
STU00121,Data Structures,72.0,72.4,2,2.5,75.2,94.9,74.9,72.0,15,Medium,69.2,78.9,2025-09-20 04:00:00
STU00121,Algorithms,65.3,69.3,3,3.7,68.9,93.0,72.0,65.3,22,Easy,68.9,79.2,2025-09-24 02:00:00
STU00121,Database,82.8,77.0,4,1.6,61.7,90.0,65.3,82.8,20,Hard,71.0,81.0,2025-09-28 07:00:00
STU00121,Web Development,76.4,75.6,5,1.5,71.0,95.2,82.8,76.4,19,Medium,69.7,79.9,2025-10-02 01:00:00
STU00121,Python,78.5,75.2,6,1.6,66.4,94.0,76.4,78.5,18,Easy,68.5,76.3,2025-10-06 02:00:00
STU00121,Data Structures,69.2,70.7,7,3.2,63.2,94.5,78.5,69.2,17,Medium,73.3,79.0,2025-10-10 06:00:00
STU00121,Algorithms,72.5,73.2,8,2.9,69.6,93.2,69.2,72.5,14,Medium,75.7,82.2,2025-10-14 06:00:00
STU00121,Database,83.8,85.3,9,3.5,68.3,94.6,72.5,83.8,24,Easy,71.6,74.6,2025-10-18 08:00:00
STU00121,Web Development,90.9,84.2,10,3.4,81.2,92.8,83.8,90.9,17,Medium,66.2,76.9,2025-10-22 06:00:00
STU00121,Python,72.0,72.5,11,1.8,73.7,97.4,90.9,72.0,13,Medium,71.7,73.7,2025-10-26 07:00:00
STU00121,Data Structures,71.7,75.3,12,1.9,72.3,95.4,72.0,71.7,22,Medium,69.4,82.1,2025-10-30 04:00:00
STU00121,Algorithms,77.4,72.4,13,3.7,59.2,94.7,71.7,77.4,23,Easy,73.9,80.2,2025-11-03 02:00:00
STU00121,Database,87.1,81.1,14,1.9,72.7,94.9,77.4,87.1,18,Medium,76.9,75.2,2025-11-07 06:00:00
STU00121,Web Development,84.3,79.6,15,2.9,64.1,96.5,87.1,84.3,10,Medium,72.3,78.5,2025-11-11 08:00:00
STU00121,Python,74.3,69.7,16,3.4,52.4,97.1,84.3,74.3,22,Hard,72.7,74.3,2025-11-15 02:00:00
STU00121,Data Structures,70.0,72.6,17,3.6,76.9,94.0,74.3,70.0,9,Easy,70.8,75.0,2025-11-19 06:00:00
STU00121,Algorithms,83.6,78.9,18,2.0,64.9,89.8,70.0,83.6,20,Medium,78.5,80.2,2025-11-23 04:00:00
STU00121,Database,87.1,88.7,19,2.8,62.3,92.7,83.6,87.1,15,Easy,82.2,77.4,2025-11-27 08:00:00
STU00121,Web Development,89.6,94.6,20,3.3,57.6,92.1,87.1,89.6,23,Easy,63.2,73.2,2025-12-01 03:00:00
STU00122,Python,74.8,80.4,1,3.7,75.9,94.6,53.9,74.8,11,Easy,67.2,74.9,2025-09-16 04:00:00
STU00122,Data Structures,71.3,72.2,2,3.8,75.0,92.6,74.8,71.3,23,Hard,74.1,82.1,2025-09-20 05:00:00
STU00122,Algorithms,61.9,65.8,3,2.1,84.2,91.9,71.3,61.9,9,Medium,68.7,78.4,2025-09-24 03:00:00
STU00122,Database,63.1,68.4,4,2.2,83.9,100.0,61.9,63.1,19,Medium,75.6,76.8,2025-09-28 07:00:00
STU00122,Web Development,82.6,79.9,5,3.1,68.5,94.1,63.1,82.6,24,Easy,71.0,81.8,2025-10-02 01:00:00
STU00122,Python,78.2,85.8,6,2.4,85.9,91.5,82.6,78.2,15,Medium,77.8,74.6,2025-10-06 07:00:00
STU00122,Data Structures,89.1,87.6,7,2.3,89.6,84.0,78.2,89.1,9,Medium,63.8,77.5,2025-10-10 04:00:00
STU00122,Algorithms,66.9,71.7,8,3.6,75.9,95.8,89.1,66.9,14,Easy,73.3,77.7,2025-10-14 01:00:00
STU00122,Database,76.2,75.1,9,2.0,79.8,90.4,66.9,76.2,17,Medium,82.3,77.6,2025-10-18 07:00:00
STU00122,Web Development,83.2,80.4,10,3.2,84.7,95.7,76.2,83.2,10,Medium,74.7,66.6,2025-10-22 07:00:00
STU00122,Python,94.0,89.4,11,3.3,83.6,91.9,83.2,94.0,22,Easy,76.7,81.3,2025-10-26 01:00:00
STU00122,Data Structures,95.5,92.1,12,1.7,72.4,97.5,94.0,95.5,9,Easy,68.3,73.6,2025-10-30 06:00:00
STU00122,Algorithms,79.5,79.6,13,4.0,86.1,95.9,95.5,79.5,23,Easy,73.7,79.5,2025-11-03 05:00:00
STU00122,Database,86.0,84.2,14,2.7,71.3,99.3,79.5,86.0,11,Easy,70.8,75.9,2025-11-07 02:00:00
STU00122,Web Development,60.9,65.4,15,1.5,80.0,95.5,86.0,60.9,20,Hard,75.5,78.2,2025-11-11 03:00:00
STU00122,Python,84.9,80.2,16,1.6,76.2,97.1,60.9,84.9,25,Hard,72.7,74.0,2025-11-15 01:00:00
STU00122,Data Structures,80.0,73.6,17,3.0,95.3,98.3,84.9,80.0,14,Hard,72.5,72.8,2025-11-19 08:00:00
STU00122,Algorithms,68.8,71.6,18,3.8,80.5,100.0,80.0,68.8,23,Medium,63.8,83.1,2025-11-23 01:00:00
STU00122,Database,93.8,93.0,19,3.2,80.9,91.4,68.8,93.8,20,Easy,71.6,65.6,2025-11-27 03:00:00
STU00122,Web Development,72.4,72.6,20,3.9,80.4,96.3,93.8,72.4,22,Hard,71.1,79.4,2025-12-01 01:00:00
STU00123,Python,69.6,68.9,1,2.6,71.5,95.4,59.2,69.6,11,Medium,69.0,76.7,2025-09-06 04:00:00
STU00123,Data Structures,77.7,81.3,2,3.1,79.9,89.4,69.6,77.7,13,Medium,70.3,70.5,2025-09-10 03:00:00
STU00123,Algorithms,71.9,68.5,3,1.9,75.9,94.4,77.7,71.9,9,Easy,75.4,71.1,2025-09-14 03:00:00
STU00123,Database,66.2,65.4,4,2.6,78.9,96.1,71.9,66.2,25,Medium,70.8,78.2,2025-09-18 08:00:00
STU00123,Web Development,65.6,66.0,5,2.0,78.5,99.9,66.2,65.6,8,Medium,84.7,69.5,2025-09-22 03:00:00
STU00123,Python,75.5,74.7,6,2.5,67.6,97.3,65.6,75.5,18,Medium,79.1,78.6,2025-09-26 08:00:00
STU00123,Data Structures,78.9,76.6,7,1.5,63.1,98.4,75.5,78.9,16,Medium,68.0,74.6,2025-09-30 05:00:00
STU00123,Algorithms,62.9,59.9,8,2.6,68.3,95.6,78.9,62.9,23,Hard,69.0,70.9,2025-10-04 01:00:00
STU00123,Database,68.0,70.3,9,2.3,62.6,96.4,62.9,68.0,9,Medium,75.5,72.3,2025-10-08 08:00:00
STU00123,Web Development,58.0,55.2,10,1.7,68.0,92.2,68.0,58.0,12,Hard,78.6,68.6,2025-10-12 02:00:00
STU00123,Python,77.6,74.4,11,1.5,74.7,99.4,58.0,77.6,24,Medium,74.7,72.0,2025-10-16 07:00:00
STU00123,Data Structures,74.9,75.4,12,1.7,77.6,90.2,77.6,74.9,20,Medium,72.2,76.6,2025-10-20 06:00:00
STU00123,Algorithms,61.2,62.2,13,1.8,78.1,100.0,74.9,61.2,16,Medium,77.8,76.9,2025-10-24 04:00:00
STU00123,Database,69.9,64.2,14,3.5,78.9,97.8,61.2,69.9,25,Hard,71.6,67.7,2025-10-28 08:00:00
STU00123,Web Development,68.9,68.1,15,3.4,68.8,90.8,69.9,68.9,11,Easy,73.0,73.2,2025-11-01 08:00:00
STU00123,Python,85.8,83.9,16,1.6,72.2,99.2,68.9,85.8,25,Medium,68.1,69.2,2025-11-05 07:00:00
STU00123,Data Structures,84.5,86.1,17,3.2,71.9,96.3,85.8,84.5,9,Medium,78.4,70.0,2025-11-09 01:00:00
STU00123,Algorithms,71.8,75.0,18,3.3,75.3,95.4,84.5,71.8,19,Easy,77.3,73.4,2025-11-13 05:00:00
STU00123,Database,67.9,72.1,19,3.3,71.5,94.3,71.8,67.9,8,Medium,76.2,72.2,2025-11-17 08:00:00
STU00123,Web Development,72.0,73.4,20,2.7,67.5,89.5,67.9,72.0,18,Easy,68.6,66.1,2025-11-21 07:00:00
STU00124,Python,86.4,85.6,1,3.4,85.7,98.2,60.1,86.4,19,Easy,67.2,82.4,2025-09-13 04:00:00
STU00124,Data Structures,86.1,86.6,2,3.7,86.7,88.1,86.4,86.1,20,Easy,59.7,70.9,2025-09-17 08:00:00
STU00124,Algorithms,75.8,78.4,3,3.8,87.1,92.0,86.1,75.8,23,Easy,60.9,70.5,2025-09-21 08:00:00
STU00124,Database,85.2,88.7,4,3.0,78.2,98.0,75.8,85.2,16,Easy,59.3,83.2,2025-09-25 01:00:00
STU00124,Web Development,87.2,84.6,5,2.2,88.8,96.0,85.2,87.2,16,Easy,60.0,78.6,2025-09-29 07:00:00
STU00124,Python,86.5,89.1,6,3.9,83.5,93.1,87.2,86.5,11,Easy,68.7,83.2,2025-10-03 06:00:00
STU00124,Data Structures,79.9,80.4,7,3.2,89.4,91.7,86.5,79.9,18,Medium,54.0,73.5,2025-10-07 02:00:00
STU00124,Algorithms,81.5,79.6,8,2.0,85.3,91.0,79.9,81.5,14,Easy,56.5,72.7,2025-10-11 01:00:00
STU00124,Database,81.1,77.5,9,2.5,88.4,99.6,81.5,81.1,23,Hard,59.0,75.9,2025-10-15 06:00:00
STU00124,Web Development,72.7,77.7,10,2.8,88.3,91.9,81.1,72.7,25,Hard,64.3,72.9,2025-10-19 03:00:00
STU00124,Python,78.2,81.4,11,3.2,75.9,91.9,72.7,78.2,22,Hard,60.0,78.1,2025-10-23 03:00:00
STU00124,Data Structures,84.1,85.0,12,2.9,81.2,99.5,78.2,84.1,13,Medium,63.8,79.8,2025-10-27 08:00:00
STU00124,Algorithms,87.5,86.8,13,3.5,73.3,89.1,84.1,87.5,21,Easy,51.1,80.9,2025-10-31 07:00:00
STU00124,Database,80.6,83.3,14,4.0,67.8,93.5,87.5,80.6,18,Medium,59.1,81.2,2025-11-04 05:00:00
STU00124,Web Development,81.0,81.5,15,1.5,92.8,90.5,80.6,81.0,12,Hard,59.2,72.5,2025-11-08 04:00:00
STU00124,Python,94.5,94.4,16,3.0,83.0,99.0,81.0,94.5,10,Medium,65.4,77.3,2025-11-12 05:00:00
STU00124,Data Structures,81.3,82.2,17,3.6,86.1,90.9,94.5,81.3,17,Easy,57.1,78.1,2025-11-16 06:00:00
STU00124,Algorithms,89.3,88.1,18,2.9,71.9,98.6,81.3,89.3,15,Medium,61.1,76.7,2025-11-20 08:00:00
STU00124,Database,86.2,88.6,19,3.7,83.9,94.6,89.3,86.2,9,Easy,61.5,79.3,2025-11-24 05:00:00
STU00124,Web Development,87.3,93.8,20,1.9,89.0,91.2,86.2,87.3,23,Easy,63.9,79.4,2025-11-28 03:00:00
STU00125,Python,89.3,90.6,1,4.3,47.7,96.8,72.9,89.3,17,Easy,88.4,92.8,2025-09-20 06:00:00
STU00125,Data Structures,84.3,82.2,2,4.1,64.3,99.4,89.3,84.3,13,Medium,89.4,82.6,2025-09-24 03:00:00
STU00125,Algorithms,100.0,98.4,3,3.8,46.3,98.6,84.3,100.0,18,Easy,95.7,81.5,2025-09-28 07:00:00
STU00125,Database,83.1,83.5,4,3.3,66.2,86.9,100.0,83.1,25,Medium,97.3,86.0,2025-10-02 01:00:00
STU00125,Web Development,100.0,99.3,5,3.7,54.9,90.4,83.1,100.0,22,Easy,98.4,89.8,2025-10-06 03:00:00
STU00125,Python,100.0,100.0,6,4.4,35.1,93.4,100.0,100.0,12,Easy,95.1,77.3,2025-10-10 08:00:00
STU00125,Data Structures,89.7,91.3,7,3.9,52.9,97.1,100.0,89.7,22,Medium,92.1,75.0,2025-10-14 04:00:00
STU00125,Algorithms,98.3,100.0,8,2.6,49.0,100.0,89.7,98.3,8,Easy,88.0,89.6,2025-10-18 04:00:00
STU00125,Database,78.7,82.8,9,3.9,59.6,94.2,98.3,78.7,19,Medium,89.3,86.7,2025-10-22 07:00:00
STU00125,Web Development,100.0,100.0,10,4.1,40.1,95.0,78.7,100.0,9,Easy,96.3,87.5,2025-10-26 06:00:00
STU00125,Python,96.1,95.9,11,2.3,40.2,96.6,100.0,96.1,12,Medium,94.7,89.5,2025-10-30 08:00:00
STU00125,Data Structures,71.3,76.4,12,2.1,50.7,92.7,96.1,71.3,18,Hard,88.3,93.7,2025-11-03 04:00:00
STU00125,Algorithms,92.1,97.5,13,3.6,48.4,96.8,71.3,92.1,23,Hard,97.8,85.4,2025-11-07 02:00:00
STU00125,Database,86.2,90.8,14,3.0,46.8,92.7,92.1,86.2,20,Easy,99.3,76.4,2025-11-11 06:00:00
STU00125,Web Development,99.5,100.0,15,3.7,58.9,91.0,86.2,99.5,21,Easy,90.0,86.3,2025-11-15 03:00:00
STU00125,Python,100.0,100.0,16,2.7,44.4,92.8,99.5,100.0,22,Medium,96.7,84.2,2025-11-19 01:00:00
STU00125,Data Structures,96.9,93.1,17,2.7,44.9,100.0,100.0,96.9,16,Medium,97.0,85.2,2025-11-23 01:00:00
STU00125,Algorithms,89.4,90.3,18,2.1,57.2,99.6,96.9,89.4,15,Medium,94.8,84.0,2025-11-27 01:00:00
STU00125,Database,93.8,95.0,19,4.2,44.3,98.5,89.4,93.8,15,Medium,89.8,90.3,2025-12-01 01:00:00
STU00125,Web Development,98.8,100.0,20,3.4,49.9,95.2,93.8,98.8,14,Easy,93.8,89.4,2025-12-05 04:00:00
STU00126,Python,64.9,68.0,1,2.4,55.2,95.2,53.2,64.9,19,Easy,65.7,76.0,2025-09-18 06:00:00
STU00126,Data Structures,70.7,73.4,2,2.9,58.4,91.8,64.9,70.7,17,Easy,56.7,75.4,2025-09-22 05:00:00
STU00126,Algorithms,61.2,66.2,3,3.2,70.6,100.0,70.7,61.2,19,Hard,70.6,83.4,2025-09-26 08:00:00
STU00126,Database,66.7,69.5,4,3.4,70.0,97.6,61.2,66.7,11,Hard,68.7,72.2,2025-09-30 03:00:00
STU00126,Web Development,74.2,72.4,5,2.2,68.3,100.0,66.7,74.2,9,Easy,66.3,70.4,2025-10-04 08:00:00
STU00126,Python,74.0,76.3,6,1.6,60.8,90.0,74.2,74.0,17,Medium,67.3,75.4,2025-10-08 06:00:00
STU00126,Data Structures,69.5,70.8,7,1.9,74.5,94.6,74.0,69.5,17,Medium,71.0,76.5,2025-10-12 04:00:00
STU00126,Algorithms,78.4,72.9,8,3.5,59.4,94.2,69.5,78.4,10,Hard,68.6,68.4,2025-10-16 06:00:00
STU00126,Database,82.4,79.3,9,3.0,62.4,95.4,78.4,82.4,23,Medium,62.4,74.2,2025-10-20 03:00:00
STU00126,Web Development,73.2,74.7,10,2.5,71.9,99.4,82.4,73.2,10,Medium,71.5,74.2,2025-10-24 04:00:00
STU00126,Python,72.9,75.1,11,3.5,58.8,90.6,73.2,72.9,14,Medium,66.3,82.8,2025-10-28 07:00:00
STU00126,Data Structures,73.4,72.0,12,2.0,60.6,100.0,72.9,73.4,11,Medium,65.1,73.9,2025-11-01 03:00:00
STU00126,Algorithms,82.3,85.7,13,4.0,64.5,95.8,73.4,82.3,17,Medium,62.6,75.3,2025-11-05 01:00:00
STU00126,Database,79.7,83.5,14,3.2,58.2,98.6,82.3,79.7,14,Medium,68.7,79.6,2025-11-09 01:00:00
STU00126,Web Development,73.9,71.3,15,3.9,60.2,88.9,79.7,73.9,11,Medium,62.7,77.0,2025-11-13 07:00:00
STU00126,Python,57.5,56.9,16,3.9,57.4,89.0,73.9,57.5,10,Hard,66.3,75.3,2025-11-17 04:00:00
STU00126,Data Structures,81.0,80.2,17,2.8,58.9,91.7,57.5,81.0,18,Medium,65.2,75.2,2025-11-21 04:00:00
STU00126,Algorithms,98.2,97.3,18,2.1,63.1,94.1,81.0,98.2,19,Medium,55.7,80.4,2025-11-25 02:00:00
STU00126,Database,88.8,91.5,19,3.6,53.8,95.1,98.2,88.8,12,Easy,59.8,82.3,2025-11-29 08:00:00
STU00126,Web Development,75.5,72.0,20,1.8,64.8,95.4,88.8,75.5,23,Easy,69.4,75.0,2025-12-03 02:00:00
STU00127,Python,98.4,99.4,1,3.0,47.3,95.2,78.0,98.4,16,Medium,76.4,97.7,2025-09-11 07:00:00
STU00127,Data Structures,98.8,100.0,2,3.9,49.3,99.4,98.4,98.8,8,Easy,74.2,94.9,2025-09-15 06:00:00
STU00127,Algorithms,100.0,100.0,3,4.3,47.8,96.2,98.8,100.0,21,Medium,81.6,97.1,2025-09-19 05:00:00
STU00127,Database,97.3,100.0,4,3.3,43.1,95.2,100.0,97.3,25,Easy,79.1,89.9,2025-09-23 03:00:00
STU00127,Web Development,90.1,95.8,5,3.2,54.9,100.0,97.3,90.1,18,Easy,87.4,90.7,2025-09-27 03:00:00
STU00127,Python,100.0,99.7,6,2.8,50.0,93.0,90.1,100.0,11,Medium,88.7,88.5,2025-10-01 01:00:00
STU00127,Data Structures,91.3,91.5,7,3.9,39.7,97.2,100.0,91.3,14,Hard,76.4,93.3,2025-10-05 07:00:00
STU00127,Algorithms,100.0,94.7,8,3.3,55.3,96.3,91.3,100.0,21,Hard,80.7,98.5,2025-10-09 05:00:00
STU00127,Database,100.0,100.0,9,3.2,45.3,93.2,100.0,100.0,15,Medium,79.1,94.7,2025-10-13 01:00:00
STU00127,Web Development,93.7,88.2,10,3.4,45.6,95.1,100.0,93.7,16,Medium,78.7,97.3,2025-10-17 02:00:00
STU00127,Python,100.0,100.0,11,3.1,36.6,93.3,93.7,100.0,14,Easy,78.4,86.6,2025-10-21 02:00:00
STU00127,Data Structures,100.0,100.0,12,2.1,48.2,98.7,100.0,100.0,10,Medium,78.4,94.4,2025-10-25 01:00:00
STU00127,Algorithms,96.2,98.5,13,4.4,49.4,93.7,100.0,96.2,20,Medium,77.8,94.6,2025-10-29 05:00:00
STU00127,Database,98.3,100.0,14,3.2,48.4,96.7,96.2,98.3,8,Hard,83.4,100.0,2025-11-02 05:00:00
STU00127,Web Development,99.7,100.0,15,2.9,40.7,97.2,98.3,99.7,8,Medium,80.9,95.1,2025-11-06 02:00:00
STU00127,Python,98.7,100.0,16,3.2,46.3,97.3,99.7,98.7,24,Easy,77.0,98.4,2025-11-10 05:00:00
STU00127,Data Structures,96.1,100.0,17,3.9,44.0,87.8,98.7,96.1,20,Medium,81.7,91.9,2025-11-14 06:00:00
STU00127,Algorithms,99.1,100.0,18,3.7,27.5,98.4,96.1,99.1,14,Medium,80.4,100.0,2025-11-18 02:00:00
STU00127,Database,100.0,100.0,19,2.2,35.2,98.2,99.1,100.0,16,Medium,85.0,89.4,2025-11-22 01:00:00
STU00127,Web Development,97.2,100.0,20,2.5,43.0,90.5,100.0,97.2,22,Easy,86.8,95.9,2025-11-26 03:00:00
STU00128,Python,75.3,72.8,1,3.2,96.5,89.8,44.3,75.3,19,Easy,47.9,52.8,2025-09-17 06:00:00
STU00128,Data Structures,65.2,65.0,2,3.8,101.0,89.6,75.3,65.2,10,Easy,44.1,51.0,2025-09-21 05:00:00
STU00128,Algorithms,56.5,61.0,3,2.3,93.0,98.2,65.2,56.5,11,Easy,49.3,48.8,2025-09-25 04:00:00
STU00128,Database,69.5,71.4,4,2.7,103.4,100.0,56.5,69.5,9,Medium,50.8,56.0,2025-09-29 08:00:00
STU00128,Web Development,65.4,62.0,5,2.2,86.5,91.4,69.5,65.4,10,Medium,46.5,51.6,2025-10-03 05:00:00
STU00128,Python,59.2,60.1,6,2.2,86.3,87.6,65.4,59.2,13,Hard,40.8,48.6,2025-10-07 04:00:00
STU00128,Data Structures,78.8,70.7,7,3.5,82.1,93.5,59.2,78.8,23,Easy,49.1,58.9,2025-10-11 08:00:00
STU00128,Algorithms,51.7,55.0,8,2.9,88.4,93.9,78.8,51.7,12,Medium,43.7,56.4,2025-10-15 05:00:00
STU00128,Database,64.7,63.7,9,2.4,77.4,91.9,51.7,64.7,10,Medium,50.8,47.7,2025-10-19 08:00:00
STU00128,Web Development,45.5,46.0,10,1.7,89.2,94.7,64.7,45.5,11,Hard,49.8,57.3,2025-10-23 02:00:00
STU00128,Python,75.4,70.7,11,1.7,95.9,98.2,45.5,75.4,24,Easy,47.1,61.3,2025-10-27 08:00:00
STU00128,Data Structures,61.4,63.9,12,3.8,91.9,100.0,75.4,61.4,24,Easy,53.6,50.6,2025-10-31 06:00:00
STU00128,Algorithms,42.7,42.6,13,2.7,87.4,100.0,61.4,42.7,23,Hard,45.4,54.9,2025-11-04 02:00:00
STU00128,Database,81.0,74.9,14,1.9,89.3,88.6,42.7,81.0,25,Medium,49.1,50.1,2025-11-08 03:00:00
STU00128,Web Development,53.6,55.3,15,3.0,85.7,91.4,81.0,53.6,8,Medium,49.2,57.9,2025-11-12 04:00:00
STU00128,Python,49.5,54.0,16,2.6,84.1,97.2,53.6,49.5,24,Medium,48.0,56.0,2025-11-16 01:00:00
STU00128,Data Structures,64.5,64.6,17,3.6,89.2,87.3,49.5,64.5,8,Medium,39.8,56.9,2025-11-20 08:00:00
STU00128,Algorithms,49.3,53.0,18,2.5,87.2,88.4,64.5,49.3,15,Medium,49.1,58.6,2025-11-24 01:00:00
STU00128,Database,73.0,73.2,19,2.2,91.5,100.0,49.3,73.0,21,Medium,43.3,54.7,2025-11-28 08:00:00
STU00128,Web Development,62.8,60.0,20,1.6,81.0,95.5,73.0,62.8,16,Hard,48.2,50.8,2025-12-02 08:00:00
STU00129,Python,83.3,78.5,1,3.9,48.1,96.6,78.6,83.3,13,Hard,81.7,91.6,2025-09-16 04:00:00
STU00129,Data Structures,89.5,93.9,2,4.3,33.6,100.0,83.3,89.5,19,Easy,94.3,83.3,2025-09-20 01:00:00
STU00129,Algorithms,100.0,100.0,3,3.9,45.9,88.7,89.5,100.0,9,Medium,91.3,81.3,2025-09-24 02:00:00
STU00129,Database,87.2,89.1,4,3.0,38.5,95.3,100.0,87.2,18,Medium,90.9,81.6,2025-09-28 01:00:00
STU00129,Web Development,94.8,100.0,5,3.0,46.4,93.1,87.2,94.8,14,Easy,93.2,88.5,2025-10-02 04:00:00
STU00129,Python,100.0,100.0,6,3.7,49.1,100.0,94.8,100.0,24,Easy,91.9,86.3,2025-10-06 04:00:00
STU00129,Data Structures,91.2,87.8,7,2.3,41.7,97.9,100.0,91.2,23,Medium,94.5,78.3,2025-10-10 01:00:00
STU00129,Algorithms,98.5,94.5,8,2.6,43.5,93.4,91.2,98.5,22,Easy,94.2,84.3,2025-10-14 04:00:00
STU00129,Database,91.1,88.1,9,4.2,33.6,94.5,98.5,91.1,19,Hard,86.1,88.2,2025-10-18 02:00:00
STU00129,Web Development,97.3,100.0,10,2.0,33.6,95.9,91.1,97.3,24,Easy,93.4,78.7,2025-10-22 06:00:00
STU00129,Python,100.0,100.0,11,3.4,38.8,95.5,97.3,100.0,20,Medium,89.4,91.5,2025-10-26 06:00:00
STU00129,Data Structures,97.6,98.9,12,3.2,35.8,88.3,100.0,97.6,22,Easy,89.9,82.5,2025-10-30 05:00:00
STU00129,Algorithms,100.0,100.0,13,2.5,55.9,93.0,97.6,100.0,21,Easy,87.8,83.6,2025-11-03 04:00:00
STU00129,Database,97.2,97.8,14,3.6,34.3,93.8,100.0,97.2,22,Easy,87.5,80.6,2025-11-07 04:00:00
STU00129,Web Development,91.6,90.0,15,2.2,30.4,94.6,97.2,91.6,21,Medium,98.6,82.5,2025-11-11 02:00:00
STU00129,Python,97.3,97.0,16,3.1,45.3,90.4,91.6,97.3,24,Medium,86.7,87.5,2025-11-15 01:00:00
STU00129,Data Structures,99.6,99.8,17,3.2,46.7,89.5,97.3,99.6,25,Medium,89.6,85.1,2025-11-19 06:00:00
STU00129,Algorithms,89.6,91.8,18,2.8,35.7,100.0,99.6,89.6,20,Medium,92.5,85.8,2025-11-23 06:00:00
STU00129,Database,98.2,100.0,19,2.5,36.0,91.3,89.6,98.2,16,Medium,84.9,78.2,2025-11-27 05:00:00
STU00129,Web Development,100.0,98.0,20,2.7,31.2,100.0,98.2,100.0,19,Easy,93.0,88.4,2025-12-01 08:00:00
STU00130,Python,97.4,92.9,1,2.5,53.3,94.1,69.2,97.4,24,Easy,85.0,82.9,2025-09-10 02:00:00
STU00130,Data Structures,86.5,90.3,2,2.1,57.0,95.3,97.4,86.5,21,Medium,81.5,87.8,2025-09-14 01:00:00
STU00130,Algorithms,89.0,90.3,3,2.8,55.1,93.0,86.5,89.0,25,Medium,94.2,77.7,2025-09-18 04:00:00
STU00130,Database,75.9,78.7,4,2.7,42.6,95.4,89.0,75.9,9,Medium,91.2,76.0,2025-09-22 01:00:00
STU00130,Web Development,85.0,86.2,5,4.3,46.4,89.3,75.9,85.0,25,Medium,92.5,83.4,2025-09-26 08:00:00
STU00130,Python,83.4,79.6,6,4.1,48.1,99.7,85.0,83.4,14,Medium,86.0,71.6,2025-09-30 08:00:00
STU00130,Data Structures,86.4,91.7,7,4.4,44.6,99.2,83.4,86.4,8,Medium,87.8,78.0,2025-10-04 06:00:00
STU00130,Algorithms,87.2,83.7,8,4.2,48.4,90.7,86.4,87.2,24,Hard,94.3,79.0,2025-10-08 04:00:00
STU00130,Database,75.0,77.6,9,3.5,44.1,97.0,87.2,75.0,14,Hard,85.9,81.3,2025-10-12 06:00:00
STU00130,Web Development,83.7,84.0,10,3.5,46.0,92.1,75.0,83.7,13,Easy,89.7,84.2,2025-10-16 04:00:00
STU00130,Python,91.9,93.0,11,2.3,51.4,89.5,83.7,91.9,20,Easy,92.8,82.0,2025-10-20 08:00:00
STU00130,Data Structures,100.0,100.0,12,2.8,43.1,92.3,91.9,100.0,8,Easy,94.3,78.4,2025-10-24 01:00:00
STU00130,Algorithms,94.8,93.6,13,3.8,39.8,92.1,100.0,94.8,10,Easy,87.6,82.5,2025-10-28 02:00:00
STU00130,Database,79.7,84.5,14,4.0,43.9,96.9,94.8,79.7,19,Medium,86.0,80.1,2025-11-01 02:00:00
STU00130,Web Development,98.0,96.5,15,2.8,42.4,100.0,79.7,98.0,14,Medium,90.4,83.4,2025-11-05 07:00:00
STU00130,Python,100.0,100.0,16,3.3,46.0,95.1,98.0,100.0,8,Medium,91.7,84.5,2025-11-09 08:00:00
STU00130,Data Structures,100.0,100.0,17,2.1,48.3,98.1,100.0,100.0,19,Easy,91.0,80.0,2025-11-13 02:00:00
STU00130,Algorithms,85.4,81.0,18,4.0,39.2,91.8,100.0,85.4,11,Hard,91.4,85.1,2025-11-17 06:00:00
STU00130,Database,95.0,94.1,19,4.0,48.1,92.4,85.4,95.0,21,Easy,88.3,81.0,2025-11-21 07:00:00
STU00130,Web Development,84.7,84.3,20,3.6,43.2,93.6,95.0,84.7,14,Medium,88.2,74.9,2025-11-25 06:00:00
STU00131,Python,98.2,100.0,1,2.7,41.6,86.7,83.2,98.2,14,Easy,75.3,89.8,2025-09-16 08:00:00
STU00131,Data Structures,92.4,91.0,2,3.1,42.9,94.0,98.2,92.4,11,Medium,89.4,92.7,2025-09-20 03:00:00
STU00131,Algorithms,87.0,91.8,3,3.6,65.1,88.5,92.4,87.0,19,Hard,85.2,87.5,2025-09-24 08:00:00
STU00131,Database,96.2,94.0,4,4.1,50.8,95.6,87.0,96.2,11,Medium,80.2,87.2,2025-09-28 04:00:00
STU00131,Web Development,81.9,83.2,5,2.1,44.3,99.7,96.2,81.9,24,Hard,81.9,83.8,2025-10-02 03:00:00
STU00131,Python,100.0,100.0,6,4.0,44.1,98.6,81.9,100.0,24,Easy,77.2,76.2,2025-10-06 02:00:00
STU00131,Data Structures,89.6,93.7,7,3.4,40.9,97.8,100.0,89.6,17,Medium,78.9,91.8,2025-10-10 02:00:00
STU00131,Algorithms,95.6,100.0,8,2.0,54.6,99.9,89.6,95.6,11,Easy,89.1,86.0,2025-10-14 01:00:00
STU00131,Database,94.6,100.0,9,4.2,44.0,89.1,95.6,94.6,23,Easy,83.8,87.3,2025-10-18 04:00:00
STU00131,Web Development,100.0,100.0,10,2.9,47.3,94.4,94.6,100.0,18,Easy,85.4,81.2,2025-10-22 01:00:00
STU00131,Python,99.2,100.0,11,3.0,44.1,93.4,100.0,99.2,25,Medium,84.4,87.1,2025-10-26 01:00:00
STU00131,Data Structures,96.1,96.2,12,2.4,46.7,94.5,99.2,96.1,19,Medium,73.7,91.2,2025-10-30 08:00:00
STU00131,Algorithms,93.9,97.6,13,3.6,45.8,99.0,96.1,93.9,20,Hard,74.8,84.0,2025-11-03 06:00:00
STU00131,Database,97.0,100.0,14,3.2,39.0,94.1,93.9,97.0,11,Easy,78.0,89.6,2025-11-07 07:00:00
STU00131,Web Development,89.0,89.9,15,4.0,45.3,93.1,97.0,89.0,22,Hard,82.9,88.6,2025-11-11 07:00:00
STU00131,Python,99.2,100.0,16,3.9,42.4,99.5,89.0,99.2,16,Easy,82.7,85.2,2025-11-15 07:00:00
STU00131,Data Structures,93.9,92.1,17,4.1,46.9,87.6,99.2,93.9,17,Medium,82.6,89.4,2025-11-19 06:00:00
STU00131,Algorithms,100.0,100.0,18,4.3,43.3,97.9,93.9,100.0,14,Medium,79.3,92.1,2025-11-23 07:00:00
STU00131,Database,95.5,90.3,19,4.1,45.0,98.7,100.0,95.5,10,Medium,79.4,89.6,2025-11-27 01:00:00
STU00131,Web Development,90.6,95.3,20,4.2,41.5,100.0,95.5,90.6,14,Easy,80.3,84.3,2025-12-01 06:00:00
STU00132,Python,39.4,42.6,1,2.1,109.8,99.6,30.0,39.4,10,Hard,44.4,59.2,2025-09-07 08:00:00
STU00132,Data Structures,40.1,43.4,2,3.2,93.0,88.9,39.4,40.1,23,Medium,40.4,55.5,2025-09-11 05:00:00
STU00132,Algorithms,42.5,43.9,3,2.8,101.6,97.8,40.1,42.5,24,Easy,46.3,59.2,2025-09-15 01:00:00
STU00132,Database,35.1,35.8,4,2.3,105.8,94.4,42.5,35.1,22,Hard,39.1,57.6,2025-09-19 07:00:00
STU00132,Web Development,36.3,33.7,5,3.9,102.3,87.0,35.1,36.3,12,Medium,38.7,61.6,2025-09-23 05:00:00
STU00132,Python,54.5,50.6,6,4.0,101.2,93.0,36.3,54.5,17,Medium,43.9,60.7,2025-09-27 06:00:00
STU00132,Data Structures,46.8,51.5,7,3.2,100.9,89.9,54.5,46.8,18,Easy,47.5,59.1,2025-10-01 06:00:00
STU00132,Algorithms,37.4,38.0,8,2.7,104.4,95.1,46.8,37.4,20,Easy,40.7,58.9,2025-10-05 07:00:00
STU00132,Database,35.3,37.3,9,2.2,96.6,87.8,37.4,35.3,22,Medium,49.8,61.1,2025-10-09 01:00:00
STU00132,Web Development,47.0,44.5,10,2.0,106.3,92.3,35.3,47.0,14,Medium,50.1,62.4,2025-10-13 03:00:00
STU00132,Python,45.2,48.0,11,2.2,102.1,94.0,47.0,45.2,16,Easy,45.7,63.8,2025-10-17 02:00:00
STU00132,Data Structures,47.3,44.9,12,1.9,101.2,89.8,45.2,47.3,17,Easy,41.9,61.8,2025-10-21 05:00:00
STU00132,Algorithms,23.2,25.5,13,2.7,103.0,89.4,47.3,23.2,19,Hard,45.7,65.6,2025-10-25 05:00:00
STU00132,Database,56.7,54.0,14,3.0,98.8,95.2,23.2,56.7,9,Medium,44.4,51.2,2025-10-29 05:00:00
STU00132,Web Development,39.3,41.0,15,3.3,95.7,88.0,56.7,39.3,21,Easy,40.1,53.6,2025-11-02 02:00:00
STU00132,Python,45.4,41.2,16,4.0,99.5,93.0,39.3,45.4,19,Medium,42.5,57.2,2025-11-06 05:00:00
STU00132,Data Structures,50.0,51.8,17,2.7,95.4,100.0,45.4,50.0,14,Easy,45.1,60.5,2025-11-10 03:00:00
STU00132,Algorithms,48.1,47.2,18,3.7,104.0,95.4,50.0,48.1,11,Easy,51.0,57.5,2025-11-14 04:00:00
STU00132,Database,53.4,50.2,19,3.6,97.2,99.4,48.1,53.4,15,Medium,41.2,60.6,2025-11-18 06:00:00
STU00132,Web Development,41.6,42.2,20,3.3,109.3,100.0,53.4,41.6,12,Medium,52.2,65.4,2025-11-22 03:00:00
STU00133,Python,100.0,99.7,1,2.7,40.6,89.3,81.0,100.0,21,Medium,80.9,90.3,2025-09-18 01:00:00
STU00133,Data Structures,83.1,83.3,2,2.7,36.3,97.3,100.0,83.1,13,Hard,87.9,98.4,2025-09-22 05:00:00
STU00133,Algorithms,97.8,100.0,3,4.2,36.0,94.3,83.1,97.8,24,Easy,80.0,83.4,2025-09-26 07:00:00
STU00133,Database,98.1,96.6,4,4.2,38.7,90.5,97.8,98.1,10,Easy,80.0,93.9,2025-09-30 05:00:00
STU00133,Web Development,98.8,95.9,5,3.6,35.6,94.7,98.1,98.8,21,Medium,85.5,87.6,2025-10-04 06:00:00
STU00133,Python,95.6,100.0,6,3.4,37.5,96.6,98.8,95.6,15,Medium,79.5,92.9,2025-10-08 02:00:00
STU00133,Data Structures,100.0,100.0,7,2.8,30.4,95.1,95.6,100.0,22,Easy,82.0,94.9,2025-10-12 08:00:00
STU00133,Algorithms,96.9,100.0,8,2.5,38.5,93.3,100.0,96.9,16,Easy,87.8,92.8,2025-10-16 06:00:00
STU00133,Database,88.3,90.9,9,3.6,38.0,92.6,96.9,88.3,23,Easy,87.8,90.8,2025-10-20 01:00:00
STU00133,Web Development,95.3,93.7,10,2.1,39.3,95.9,88.3,95.3,11,Medium,83.8,97.1,2025-10-24 01:00:00
STU00133,Python,100.0,100.0,11,3.2,39.1,96.3,95.3,100.0,8,Easy,93.1,97.0,2025-10-28 07:00:00
STU00133,Data Structures,93.6,100.0,12,2.6,27.9,96.3,100.0,93.6,17,Easy,92.2,83.3,2025-11-01 02:00:00
STU00133,Algorithms,100.0,100.0,13,2.1,25.0,97.7,93.6,100.0,20,Easy,83.4,93.5,2025-11-05 08:00:00
STU00133,Database,96.5,97.8,14,4.0,38.2,90.6,100.0,96.5,21,Easy,84.2,98.5,2025-11-09 01:00:00
STU00133,Web Development,98.7,100.0,15,2.4,34.7,98.8,96.5,98.7,23,Easy,92.4,97.5,2025-11-13 06:00:00
STU00133,Python,98.8,100.0,16,4.2,32.5,95.4,98.7,98.8,18,Easy,84.2,98.0,2025-11-17 08:00:00
STU00133,Data Structures,92.2,96.7,17,4.1,52.5,95.3,98.8,92.2,21,Medium,82.2,92.6,2025-11-21 07:00:00
STU00133,Algorithms,95.6,98.3,18,3.5,39.0,98.5,92.2,95.6,20,Medium,90.8,92.5,2025-11-25 05:00:00
STU00133,Database,95.2,100.0,19,3.0,32.8,99.6,95.6,95.2,13,Medium,84.5,94.4,2025-11-29 07:00:00
STU00133,Web Development,96.6,100.0,20,2.9,25.1,100.0,95.2,96.6,16,Medium,85.8,88.0,2025-12-03 07:00:00
STU00134,Python,48.5,50.0,1,1.6,70.1,98.3,47.3,48.5,13,Hard,63.5,69.3,2025-09-19 05:00:00
STU00134,Data Structures,60.1,61.8,2,2.1,70.2,92.5,48.5,60.1,8,Medium,64.4,76.7,2025-09-23 06:00:00
STU00134,Algorithms,87.5,85.9,3,2.8,68.5,98.5,60.1,87.5,14,Easy,63.4,65.7,2025-09-27 07:00:00
STU00134,Database,68.5,69.9,4,3.0,70.8,100.0,87.5,68.5,9,Medium,62.8,66.5,2025-10-01 01:00:00
STU00134,Web Development,72.4,70.6,5,2.2,67.9,100.0,68.5,72.4,20,Medium,65.3,76.7,2025-10-05 05:00:00
STU00134,Python,67.6,66.2,6,1.9,70.8,97.2,72.4,67.6,25,Medium,58.8,71.1,2025-10-09 04:00:00
STU00134,Data Structures,69.6,68.1,7,2.6,66.0,81.9,67.6,69.6,20,Easy,68.2,64.5,2025-10-13 04:00:00
STU00134,Algorithms,83.9,81.3,8,3.6,66.3,93.1,69.6,83.9,11,Easy,62.7,71.4,2025-10-17 01:00:00
STU00134,Database,79.6,74.2,9,1.6,75.5,96.3,83.9,79.6,23,Medium,59.6,71.3,2025-10-21 02:00:00
STU00134,Web Development,70.5,68.8,10,2.8,66.8,92.6,79.6,70.5,23,Medium,64.6,72.0,2025-10-25 04:00:00
STU00134,Python,56.1,54.9,11,3.7,65.2,96.9,70.5,56.1,16,Hard,62.6,65.2,2025-10-29 04:00:00
STU00134,Data Structures,56.7,59.3,12,3.4,70.9,93.0,56.1,56.7,9,Hard,65.6,73.6,2025-11-02 07:00:00
STU00134,Algorithms,63.3,61.9,13,2.7,63.4,88.3,56.7,63.3,25,Hard,63.0,67.7,2025-11-06 03:00:00
STU00134,Database,66.8,73.5,14,3.7,69.7,94.1,63.3,66.8,23,Medium,60.2,70.4,2025-11-10 05:00:00
STU00134,Web Development,55.3,57.3,15,3.8,58.7,95.1,66.8,55.3,22,Hard,72.8,70.0,2025-11-14 01:00:00
STU00134,Python,70.0,68.5,16,2.5,70.9,93.4,55.3,70.0,8,Medium,65.2,66.6,2025-11-18 08:00:00
STU00134,Data Structures,80.0,76.4,17,3.1,62.3,97.3,70.0,80.0,24,Easy,71.0,68.1,2025-11-22 04:00:00
STU00134,Algorithms,83.7,82.0,18,3.8,67.4,97.9,80.0,83.7,8,Easy,69.4,63.5,2025-11-26 03:00:00
STU00134,Database,75.6,76.9,19,3.7,60.3,92.5,83.7,75.6,15,Medium,65.7,62.7,2025-11-30 05:00:00
STU00134,Web Development,74.8,72.6,20,2.3,60.8,89.7,75.6,74.8,16,Easy,72.2,69.2,2025-12-04 06:00:00
STU00135,Python,49.5,47.5,1,2.0,82.0,94.4,40.2,49.5,12,Medium,55.2,58.5,2025-09-15 07:00:00
STU00135,Data Structures,65.1,66.5,2,1.9,80.9,100.0,49.5,65.1,20,Easy,53.1,70.3,2025-09-19 04:00:00
STU00135,Algorithms,47.0,50.0,3,2.2,80.8,93.6,65.1,47.0,13,Easy,58.3,59.4,2025-09-23 03:00:00
STU00135,Database,54.6,55.3,4,2.0,67.7,91.8,47.0,54.6,8,Easy,61.5,62.2,2025-09-27 02:00:00
STU00135,Web Development,50.3,55.1,5,3.2,74.4,98.2,54.6,50.3,9,Medium,56.9,69.6,2025-10-01 01:00:00
STU00135,Python,59.8,57.2,6,2.2,77.6,99.2,50.3,59.8,24,Medium,55.2,67.1,2025-10-05 08:00:00
STU00135,Data Structures,51.6,53.5,7,3.4,77.7,100.0,59.8,51.6,18,Medium,60.1,69.4,2025-10-09 06:00:00
STU00135,Algorithms,37.6,37.1,8,2.0,75.9,94.8,51.6,37.6,16,Hard,62.6,57.6,2025-10-13 02:00:00
STU00135,Database,45.9,42.6,9,3.2,81.2,88.1,37.6,45.9,10,Medium,57.6,65.0,2025-10-17 01:00:00
STU00135,Web Development,71.1,68.9,10,3.3,80.6,91.9,45.9,71.1,17,Easy,59.1,66.6,2025-10-21 07:00:00
STU00135,Python,61.7,61.3,11,2.2,70.5,93.2,71.1,61.7,11,Easy,65.2,56.8,2025-10-25 01:00:00
STU00135,Data Structures,59.8,56.7,12,2.2,79.7,98.6,61.7,59.8,22,Medium,63.2,60.2,2025-10-29 06:00:00
STU00135,Algorithms,52.0,56.9,13,2.0,83.2,91.3,59.8,52.0,10,Easy,62.4,58.2,2025-11-02 03:00:00
STU00135,Database,47.2,49.7,14,3.4,71.5,96.4,52.0,47.2,23,Medium,58.7,67.1,2025-11-06 03:00:00
STU00135,Web Development,71.9,70.5,15,2.6,82.5,89.8,47.2,71.9,15,Easy,55.0,62.4,2025-11-10 01:00:00
STU00135,Python,54.7,52.1,16,2.4,86.6,94.5,71.9,54.7,17,Easy,53.5,59.2,2025-11-14 08:00:00
STU00135,Data Structures,55.3,56.5,17,2.6,78.5,99.9,54.7,55.3,21,Hard,56.9,58.0,2025-11-18 03:00:00
STU00135,Algorithms,62.6,62.0,18,1.9,70.7,96.3,55.3,62.6,8,Easy,58.0,63.4,2025-11-22 03:00:00
STU00135,Database,41.4,41.1,19,2.5,75.9,96.4,62.6,41.4,17,Hard,63.4,53.0,2025-11-26 04:00:00
STU00135,Web Development,72.4,74.8,20,1.6,75.7,98.7,41.4,72.4,25,Easy,59.6,65.2,2025-11-30 06:00:00
STU00136,Python,75.1,76.0,1,2.5,91.1,97.5,49.8,75.1,19,Hard,71.2,77.3,2025-09-16 02:00:00
STU00136,Data Structures,68.9,71.3,2,1.7,91.6,99.7,75.1,68.9,23,Easy,64.7,78.2,2025-09-20 02:00:00
STU00136,Algorithms,66.6,67.7,3,2.9,88.0,90.5,68.9,66.6,15,Medium,75.1,76.4,2025-09-24 07:00:00
STU00136,Database,87.7,88.5,4,2.8,74.6,99.9,66.6,87.7,10,Easy,74.8,81.5,2025-09-28 04:00:00
STU00136,Web Development,62.8,61.3,5,1.6,78.6,95.7,87.7,62.8,14,Medium,68.5,74.7,2025-10-02 04:00:00
STU00136,Python,69.9,69.9,6,3.8,73.3,87.8,62.8,69.9,25,Hard,67.0,79.1,2025-10-06 03:00:00
STU00136,Data Structures,68.3,66.9,7,2.0,74.4,100.0,69.9,68.3,22,Hard,64.4,79.9,2025-10-10 07:00:00
STU00136,Algorithms,78.1,71.9,8,3.7,82.6,88.8,68.3,78.1,25,Medium,71.6,85.5,2025-10-14 02:00:00
STU00136,Database,81.8,85.0,9,2.7,86.1,100.0,78.1,81.8,17,Easy,70.9,81.7,2025-10-18 08:00:00
STU00136,Web Development,62.1,63.8,10,2.7,82.0,91.3,81.8,62.1,22,Medium,66.2,77.5,2025-10-22 02:00:00
STU00136,Python,76.1,74.1,11,2.2,73.7,93.6,62.1,76.1,24,Medium,69.4,81.3,2025-10-26 05:00:00
STU00136,Data Structures,81.3,81.7,12,3.3,78.2,100.0,76.1,81.3,18,Easy,72.5,76.9,2025-10-30 03:00:00
STU00136,Algorithms,81.7,83.2,13,3.5,78.0,94.7,81.3,81.7,25,Easy,77.7,78.0,2025-11-03 05:00:00
STU00136,Database,81.4,78.6,14,3.5,89.5,98.3,81.7,81.4,25,Medium,71.9,82.7,2025-11-07 03:00:00
STU00136,Web Development,64.5,69.0,15,1.8,71.8,98.1,81.4,64.5,13,Easy,73.4,79.1,2025-11-11 04:00:00
STU00136,Python,88.8,89.8,16,2.5,76.0,92.4,64.5,88.8,21,Easy,67.6,80.9,2025-11-15 06:00:00
STU00136,Data Structures,75.3,77.6,17,2.3,70.2,99.7,88.8,75.3,18,Medium,69.1,76.8,2025-11-19 07:00:00
STU00136,Algorithms,75.5,78.3,18,3.5,68.9,94.9,75.3,75.5,8,Medium,74.5,81.9,2025-11-23 02:00:00
STU00136,Database,79.6,76.6,19,3.1,78.0,98.1,75.5,79.6,16,Medium,71.9,84.7,2025-11-27 04:00:00
STU00136,Web Development,69.9,68.7,20,2.6,80.2,97.8,79.6,69.9,16,Easy,71.7,82.0,2025-12-01 03:00:00
STU00137,Python,94.1,91.8,1,2.6,38.6,100.0,74.9,94.1,18,Medium,92.4,84.3,2025-09-16 05:00:00
STU00137,Data Structures,79.4,83.5,2,3.3,54.7,91.3,94.1,79.4,21,Hard,90.1,81.1,2025-09-20 08:00:00
STU00137,Algorithms,93.8,93.1,3,2.5,42.6,94.9,79.4,93.8,9,Medium,96.5,80.6,2025-09-24 02:00:00
STU00137,Database,90.8,90.4,4,3.5,37.4,94.3,93.8,90.8,17,Medium,84.8,80.4,2025-09-28 06:00:00
STU00137,Web Development,93.3,96.1,5,3.8,38.1,99.5,90.8,93.3,11,Medium,97.7,81.9,2025-10-02 04:00:00
STU00137,Python,99.2,100.0,6,4.4,48.7,95.2,93.3,99.2,19,Easy,91.5,84.6,2025-10-06 02:00:00
STU00137,Data Structures,95.0,100.0,7,2.3,35.6,93.6,99.2,95.0,18,Easy,91.6,81.2,2025-10-10 08:00:00
STU00137,Algorithms,100.0,98.9,8,2.1,41.4,100.0,95.0,100.0,22,Easy,89.3,90.8,2025-10-14 03:00:00
STU00137,Database,89.4,88.9,9,2.6,31.4,100.0,100.0,89.4,19,Medium,90.3,84.5,2025-10-18 03:00:00
STU00137,Web Development,100.0,98.6,10,4.4,49.1,91.3,89.4,100.0,20,Easy,87.6,80.5,2025-10-22 01:00:00
STU00137,Python,100.0,100.0,11,4.4,50.5,90.6,100.0,100.0,21,Easy,89.6,83.4,2025-10-26 01:00:00
STU00137,Data Structures,92.1,100.0,12,2.2,28.6,93.9,100.0,92.1,22,Easy,94.4,79.8,2025-10-30 03:00:00
STU00137,Algorithms,82.8,86.6,13,2.6,39.9,92.3,92.1,82.8,19,Hard,90.3,87.0,2025-11-03 06:00:00
STU00137,Database,84.0,82.3,14,2.1,35.1,96.2,82.8,84.0,12,Hard,94.7,78.9,2025-11-07 04:00:00
STU00137,Web Development,100.0,99.6,15,3.9,43.1,89.5,84.0,100.0,18,Easy,90.4,78.5,2025-11-11 03:00:00
STU00137,Python,96.6,100.0,16,2.2,39.2,90.1,100.0,96.6,9,Medium,91.1,82.0,2025-11-15 04:00:00
STU00137,Data Structures,98.0,96.3,17,4.5,41.9,97.8,96.6,98.0,18,Easy,83.9,84.5,2025-11-19 05:00:00
STU00137,Algorithms,100.0,100.0,18,3.4,38.1,99.0,98.0,100.0,16,Easy,91.7,92.9,2025-11-23 01:00:00
STU00137,Database,91.2,91.6,19,4.4,40.9,96.4,100.0,91.2,13,Medium,87.4,89.0,2025-11-27 03:00:00
STU00137,Web Development,94.4,100.0,20,4.3,33.5,91.3,91.2,94.4,23,Medium,95.5,86.9,2025-12-01 06:00:00
STU00138,Python,59.6,64.0,1,3.7,60.4,91.3,53.5,59.6,25,Medium,58.1,78.5,2025-09-12 02:00:00
STU00138,Data Structures,65.2,66.8,2,2.7,59.8,94.2,59.6,65.2,16,Medium,55.5,71.4,2025-09-16 06:00:00
STU00138,Algorithms,75.6,66.6,3,2.4,74.5,100.0,65.2,75.6,14,Medium,59.2,71.0,2025-09-20 01:00:00
STU00138,Database,83.0,83.4,4,1.5,68.1,97.5,75.6,83.0,8,Medium,47.6,74.2,2025-09-24 06:00:00
STU00138,Web Development,67.6,70.8,5,3.0,70.9,91.3,83.0,67.6,12,Medium,63.2,71.5,2025-09-28 07:00:00
STU00138,Python,75.3,73.8,6,2.8,74.4,90.1,67.6,75.3,8,Medium,64.1,72.0,2025-10-02 04:00:00
STU00138,Data Structures,58.8,62.0,7,3.6,76.4,95.1,75.3,58.8,22,Medium,63.5,75.0,2025-10-06 03:00:00
STU00138,Algorithms,72.6,72.0,8,3.8,70.9,89.4,58.8,72.6,24,Medium,48.5,74.3,2025-10-10 08:00:00
STU00138,Database,70.3,73.2,9,3.2,56.0,94.7,72.6,70.3,11,Medium,58.6,74.8,2025-10-14 07:00:00
STU00138,Web Development,73.9,73.8,10,2.3,63.5,92.8,70.3,73.9,11,Easy,63.1,72.1,2025-10-18 03:00:00
STU00138,Python,77.7,78.6,11,2.0,56.9,99.6,73.9,77.7,22,Easy,57.6,66.4,2025-10-22 03:00:00
STU00138,Data Structures,71.2,68.7,12,3.4,75.1,90.6,77.7,71.2,21,Easy,54.1,70.6,2025-10-26 02:00:00
STU00138,Algorithms,70.6,70.4,13,2.8,70.8,93.9,71.2,70.6,22,Medium,52.7,70.1,2025-10-30 06:00:00
STU00138,Database,73.3,74.0,14,3.0,58.8,91.4,70.6,73.3,13,Medium,51.7,78.1,2025-11-03 02:00:00
STU00138,Web Development,72.1,70.5,15,3.1,72.0,97.7,73.3,72.1,23,Medium,57.1,73.7,2025-11-07 07:00:00
STU00138,Python,67.7,65.5,16,1.6,62.9,92.8,72.1,67.7,25,Hard,53.0,72.9,2025-11-11 06:00:00
STU00138,Data Structures,63.7,64.2,17,3.5,62.9,97.1,67.7,63.7,18,Medium,58.4,78.1,2025-11-15 01:00:00
STU00138,Algorithms,76.3,83.7,18,2.1,62.3,94.9,63.7,76.3,25,Easy,58.7,77.0,2025-11-19 04:00:00
STU00138,Database,81.0,79.8,19,1.9,71.7,98.8,76.3,81.0,10,Easy,51.6,74.2,2025-11-23 07:00:00
STU00138,Web Development,83.5,87.2,20,2.2,61.7,87.4,81.0,83.5,19,Easy,58.7,67.6,2025-11-27 01:00:00
STU00139,Python,92.5,85.7,1,1.7,74.6,90.7,66.3,92.5,9,Medium,66.0,71.7,2025-09-14 08:00:00
STU00139,Data Structures,68.9,69.4,2,2.0,67.0,90.7,92.5,68.9,22,Easy,57.0,63.7,2025-09-18 03:00:00
STU00139,Algorithms,69.2,67.9,3,2.8,85.0,90.5,68.9,69.2,8,Hard,66.4,68.8,2025-09-22 06:00:00
STU00139,Database,80.7,75.6,4,2.9,80.5,93.4,69.2,80.7,11,Easy,70.6,75.8,2025-09-26 01:00:00
STU00139,Web Development,75.6,79.6,5,2.2,77.7,98.0,80.7,75.6,12,Easy,72.2,80.1,2025-09-30 02:00:00
STU00139,Python,72.0,72.2,6,3.0,64.9,88.9,75.6,72.0,11,Hard,65.2,75.7,2025-10-04 04:00:00
STU00139,Data Structures,80.3,77.0,7,3.5,77.1,94.0,72.0,80.3,10,Easy,62.5,77.6,2025-10-08 04:00:00
STU00139,Algorithms,84.3,83.9,8,3.9,66.1,99.0,80.3,84.3,13,Easy,62.1,75.7,2025-10-12 06:00:00
STU00139,Database,65.0,65.0,9,1.9,79.0,97.0,84.3,65.0,16,Hard,66.1,68.0,2025-10-16 03:00:00
STU00139,Web Development,81.3,77.9,10,3.7,75.8,92.0,65.0,81.3,17,Easy,65.2,77.3,2025-10-20 01:00:00
STU00139,Python,87.3,89.8,11,2.1,70.7,89.1,81.3,87.3,9,Hard,58.5,77.0,2025-10-24 04:00:00
STU00139,Data Structures,68.1,68.2,12,2.9,75.3,93.1,87.3,68.1,14,Hard,63.8,74.8,2025-10-28 02:00:00
STU00139,Algorithms,80.8,78.6,13,1.8,74.8,96.3,68.1,80.8,24,Medium,69.9,74.8,2025-11-01 07:00:00
STU00139,Database,71.3,72.6,14,2.3,76.6,96.9,80.8,71.3,14,Easy,61.2,74.9,2025-11-05 01:00:00
STU00139,Web Development,85.6,87.6,15,1.7,82.5,91.5,71.3,85.6,18,Easy,60.6,72.0,2025-11-09 02:00:00
STU00139,Python,87.0,88.2,16,3.3,78.1,100.0,85.6,87.0,13,Medium,68.2,79.9,2025-11-13 02:00:00
STU00139,Data Structures,76.8,73.0,17,3.8,74.9,96.9,87.0,76.8,11,Medium,63.2,79.9,2025-11-17 04:00:00
STU00139,Algorithms,80.7,83.5,18,2.9,73.2,96.9,76.8,80.7,13,Medium,62.7,74.6,2025-11-21 02:00:00
STU00139,Database,84.8,84.2,19,3.7,77.1,99.5,80.7,84.8,24,Medium,60.9,68.5,2025-11-25 07:00:00
STU00139,Web Development,82.1,82.8,20,2.4,72.6,96.5,84.8,82.1,25,Medium,66.2,75.5,2025-11-29 02:00:00
STU00140,Python,77.9,83.1,1,2.2,57.4,96.3,75.5,77.9,12,Easy,89.9,88.6,2025-09-15 03:00:00
STU00140,Data Structures,82.3,80.2,2,3.8,55.5,95.2,77.9,82.3,16,Hard,81.6,90.8,2025-09-19 08:00:00
STU00140,Algorithms,96.6,96.6,3,4.5,46.6,100.0,82.3,96.6,16,Medium,91.8,89.1,2025-09-23 08:00:00
STU00140,Database,91.0,90.9,4,3.9,44.6,90.6,96.6,91.0,25,Medium,82.8,85.2,2025-09-27 07:00:00
STU00140,Web Development,95.3,87.7,5,3.8,56.9,92.1,91.0,95.3,12,Medium,93.0,86.9,2025-10-01 06:00:00
STU00140,Python,88.6,89.2,6,4.1,47.9,87.1,95.3,88.6,19,Easy,89.6,84.3,2025-10-05 08:00:00
STU00140,Data Structures,77.2,82.4,7,2.3,50.8,99.2,88.6,77.2,17,Hard,92.3,82.1,2025-10-09 04:00:00
STU00140,Algorithms,95.6,99.8,8,4.4,50.1,92.2,77.2,95.6,25,Medium,88.0,87.2,2025-10-13 02:00:00
STU00140,Database,95.1,96.8,9,4.3,42.0,86.5,95.6,95.1,13,Medium,89.9,80.5,2025-10-17 07:00:00
STU00140,Web Development,99.3,100.0,10,2.7,48.2,92.6,95.1,99.3,22,Medium,89.5,82.0,2025-10-21 06:00:00
STU00140,Python,90.3,88.8,11,3.4,52.4,96.5,99.3,90.3,14,Medium,87.7,88.0,2025-10-25 08:00:00
STU00140,Data Structures,87.1,95.0,12,4.5,57.6,95.1,90.3,87.1,8,Medium,88.3,79.9,2025-10-29 05:00:00
STU00140,Algorithms,90.0,93.4,13,3.0,51.1,90.7,87.1,90.0,24,Medium,80.4,90.0,2025-11-02 03:00:00
STU00140,Database,97.8,100.0,14,4.3,45.5,99.3,90.0,97.8,16,Medium,82.9,82.8,2025-11-06 05:00:00
STU00140,Web Development,91.8,89.8,15,2.3,55.3,88.2,97.8,91.8,9,Medium,88.8,79.4,2025-11-10 06:00:00
STU00140,Python,100.0,96.1,16,2.3,49.1,85.9,91.8,100.0,11,Easy,93.2,85.6,2025-11-14 05:00:00
STU00140,Data Structures,99.2,100.0,17,3.1,44.2,97.2,100.0,99.2,8,Easy,92.5,83.6,2025-11-18 01:00:00
STU00140,Algorithms,96.1,96.0,18,2.4,49.4,97.1,99.2,96.1,23,Easy,93.0,79.0,2025-11-22 08:00:00
STU00140,Database,95.4,95.5,19,4.4,45.4,92.5,96.1,95.4,25,Hard,92.8,88.0,2025-11-26 08:00:00
STU00140,Web Development,97.5,98.2,20,3.8,47.6,91.3,95.4,97.5,17,Easy,86.1,79.0,2025-11-30 06:00:00
STU00141,Python,73.8,65.0,1,1.8,91.3,95.5,48.4,73.8,20,Easy,50.4,62.4,2025-09-11 07:00:00
STU00141,Data Structures,68.2,69.3,2,3.2,88.2,95.5,73.8,68.2,25,Medium,54.8,63.9,2025-09-15 04:00:00
STU00141,Algorithms,60.6,62.0,3,3.2,86.5,94.0,68.2,60.6,24,Medium,49.7,61.2,2025-09-19 05:00:00
STU00141,Database,76.4,75.4,4,3.9,91.6,97.2,60.6,76.4,23,Easy,43.2,58.7,2025-09-23 04:00:00
STU00141,Web Development,65.1,66.7,5,3.7,86.1,92.8,76.4,65.1,12,Easy,52.0,59.1,2025-09-27 05:00:00
STU00141,Python,54.9,57.4,6,1.8,88.8,96.0,65.1,54.9,9,Medium,50.0,56.7,2025-10-01 07:00:00
STU00141,Data Structures,68.0,66.1,7,2.1,73.3,100.0,54.9,68.0,22,Easy,46.9,58.9,2025-10-05 08:00:00
STU00141,Algorithms,57.6,59.0,8,2.1,87.9,94.0,68.0,57.6,22,Medium,50.0,61.1,2025-10-09 07:00:00
STU00141,Database,59.4,60.1,9,3.7,75.8,93.1,57.6,59.4,23,Medium,46.9,51.4,2025-10-13 08:00:00
STU00141,Web Development,66.8,65.7,10,1.7,75.5,95.0,59.4,66.8,10,Medium,50.7,61.9,2025-10-17 02:00:00
STU00141,Python,53.8,56.6,11,3.5,88.7,96.2,66.8,53.8,15,Medium,52.5,60.8,2025-10-21 05:00:00
STU00141,Data Structures,69.2,67.3,12,3.6,74.7,89.4,53.8,69.2,15,Easy,47.9,64.8,2025-10-25 01:00:00
STU00141,Algorithms,54.4,58.8,13,3.3,88.5,96.4,69.2,54.4,11,Medium,46.2,63.6,2025-10-29 06:00:00
STU00141,Database,71.8,72.6,14,4.0,78.2,92.8,54.4,71.8,20,Medium,48.6,58.9,2025-11-02 05:00:00
STU00141,Web Development,68.6,72.5,15,2.6,78.5,91.9,71.8,68.6,8,Medium,51.5,58.9,2025-11-06 06:00:00
STU00141,Python,76.5,76.1,16,3.3,82.0,94.6,68.6,76.5,19,Medium,50.5,64.7,2025-11-10 05:00:00
STU00141,Data Structures,73.7,70.0,17,2.4,78.0,97.4,76.5,73.7,18,Easy,47.8,69.2,2025-11-14 01:00:00
STU00141,Algorithms,59.6,60.0,18,2.5,63.6,97.1,73.7,59.6,24,Medium,41.8,58.2,2025-11-18 03:00:00
STU00141,Database,88.6,82.5,19,1.8,87.7,92.0,59.6,88.6,22,Medium,49.9,53.9,2025-11-22 01:00:00
STU00141,Web Development,59.0,61.6,20,3.4,84.9,95.9,88.6,59.0,13,Hard,48.3,61.7,2025-11-26 08:00:00
STU00142,Python,84.9,82.3,1,3.4,72.5,100.0,59.5,84.9,23,Medium,63.5,81.3,2025-09-20 07:00:00
STU00142,Data Structures,63.4,63.3,2,2.7,77.9,92.1,84.9,63.4,13,Medium,57.4,86.3,2025-09-24 05:00:00
STU00142,Algorithms,71.9,75.2,3,1.8,81.6,90.0,63.4,71.9,24,Medium,55.5,77.9,2025-09-28 08:00:00
STU00142,Database,65.8,70.0,4,3.4,75.4,93.9,71.9,65.8,15,Medium,58.7,80.0,2025-10-02 08:00:00
STU00142,Web Development,63.6,70.6,5,2.9,75.4,100.0,65.8,63.6,13,Medium,60.4,81.0,2025-10-06 02:00:00
STU00142,Python,89.5,88.3,6,2.6,80.1,94.6,63.6,89.5,15,Easy,63.3,81.7,2025-10-10 06:00:00
STU00142,Data Structures,73.3,70.3,7,1.9,73.8,96.2,89.5,73.3,23,Medium,63.4,81.2,2025-10-14 04:00:00
STU00142,Algorithms,77.3,71.8,8,2.4,69.1,99.1,73.3,77.3,17,Hard,67.8,81.5,2025-10-18 06:00:00
STU00142,Database,81.1,78.7,9,1.9,84.1,100.0,77.3,81.1,16,Easy,61.7,81.1,2025-10-22 01:00:00
STU00142,Web Development,73.0,72.9,10,3.3,73.9,92.8,81.1,73.0,9,Medium,59.2,81.8,2025-10-26 02:00:00
STU00142,Python,84.0,78.9,11,3.5,59.3,99.5,73.0,84.0,15,Hard,60.5,76.4,2025-10-30 04:00:00
STU00142,Data Structures,67.6,64.7,12,1.8,61.5,100.0,84.0,67.6,18,Medium,57.8,75.3,2025-11-03 05:00:00
STU00142,Algorithms,81.8,83.0,13,2.2,78.1,91.9,67.6,81.8,22,Easy,61.7,66.7,2025-11-07 06:00:00
STU00142,Database,63.1,64.0,14,3.1,78.1,95.7,81.8,63.1,17,Medium,63.1,79.7,2025-11-11 04:00:00
STU00142,Web Development,78.6,77.0,15,2.4,78.6,95.9,63.1,78.6,18,Easy,62.3,78.4,2025-11-15 01:00:00
STU00142,Python,92.1,92.1,16,2.7,71.5,93.5,78.6,92.1,22,Easy,61.9,76.6,2025-11-19 05:00:00
STU00142,Data Structures,62.1,57.5,17,2.7,69.5,95.4,92.1,62.1,16,Hard,57.7,78.9,2025-11-23 04:00:00
STU00142,Algorithms,85.5,86.4,18,1.5,62.9,91.6,62.1,85.5,12,Easy,56.7,83.4,2025-11-27 03:00:00
STU00142,Database,67.2,65.0,19,2.0,68.7,95.7,85.5,67.2,25,Hard,57.1,84.8,2025-12-01 05:00:00
STU00142,Web Development,73.2,74.0,20,1.6,74.6,94.3,67.2,73.2,13,Medium,62.5,77.8,2025-12-05 06:00:00
STU00143,Python,60.5,61.3,1,3.8,84.0,89.0,37.4,60.5,17,Medium,43.0,62.4,2025-09-13 01:00:00
STU00143,Data Structures,56.1,57.9,2,3.2,78.4,90.0,60.5,56.1,15,Easy,38.7,51.8,2025-09-17 05:00:00
STU00143,Algorithms,49.5,48.5,3,1.9,86.3,93.1,56.1,49.5,23,Hard,38.6,54.9,2025-09-21 07:00:00
STU00143,Database,46.7,50.6,4,3.4,75.7,99.4,49.5,46.7,22,Medium,40.3,48.5,2025-09-25 03:00:00
STU00143,Web Development,66.8,63.8,5,2.2,79.6,89.2,46.7,66.8,12,Medium,39.4,57.3,2025-09-29 04:00:00
STU00143,Python,54.5,60.4,6,1.9,77.4,93.4,66.8,54.5,12,Easy,39.4,56.9,2025-10-03 07:00:00
STU00143,Data Structures,54.7,53.9,7,3.9,78.1,100.0,54.5,54.7,18,Hard,40.3,55.1,2025-10-07 03:00:00
STU00143,Algorithms,64.7,64.0,8,1.5,83.6,95.1,54.7,64.7,12,Medium,35.9,55.5,2025-10-11 01:00:00
STU00143,Database,47.7,50.2,9,2.4,83.2,86.1,64.7,47.7,12,Medium,32.6,59.9,2025-10-15 07:00:00
STU00143,Web Development,68.8,65.0,10,2.3,77.7,100.0,47.7,68.8,15,Medium,46.7,44.9,2025-10-19 08:00:00
STU00143,Python,63.5,67.0,11,2.0,70.0,98.3,68.8,63.5,13,Easy,50.1,61.5,2025-10-23 02:00:00
STU00143,Data Structures,66.3,66.3,12,1.9,79.4,100.0,63.5,66.3,16,Easy,47.1,54.9,2025-10-27 07:00:00
STU00143,Algorithms,52.1,59.9,13,3.8,72.0,100.0,66.3,52.1,10,Hard,38.8,59.5,2025-10-31 04:00:00
STU00143,Database,61.2,57.7,14,2.9,86.1,96.8,52.1,61.2,8,Easy,38.6,52.2,2025-11-04 06:00:00
STU00143,Web Development,68.9,71.7,15,3.6,80.5,93.9,61.2,68.9,12,Easy,32.1,48.8,2025-11-08 05:00:00
STU00143,Python,56.0,56.1,16,3.9,82.5,100.0,68.9,56.0,19,Hard,35.3,52.0,2025-11-12 01:00:00
STU00143,Data Structures,60.0,60.1,17,1.6,79.3,95.8,56.0,60.0,23,Medium,43.2,57.8,2025-11-16 02:00:00
STU00143,Algorithms,72.8,73.2,18,2.1,86.0,94.8,60.0,72.8,21,Medium,41.5,54.5,2025-11-20 04:00:00
STU00143,Database,50.3,53.9,19,3.1,75.8,85.5,72.8,50.3,11,Easy,37.0,57.7,2025-11-24 01:00:00
STU00143,Web Development,66.8,70.2,20,2.8,82.0,87.3,50.3,66.8,17,Easy,45.4,55.0,2025-11-28 01:00:00
STU00144,Python,93.2,93.4,1,3.4,44.9,97.1,79.9,93.2,17,Medium,87.6,88.3,2025-09-20 03:00:00
STU00144,Data Structures,78.6,81.7,2,2.3,43.0,98.8,93.2,78.6,18,Hard,100.0,99.6,2025-09-24 05:00:00
STU00144,Algorithms,98.0,90.7,3,2.6,30.6,92.8,78.6,98.0,18,Medium,99.2,91.1,2025-09-28 05:00:00
STU00144,Database,82.4,82.2,4,3.7,47.5,92.7,98.0,82.4,14,Hard,99.4,87.5,2025-10-02 02:00:00
STU00144,Web Development,98.4,100.0,5,2.9,39.2,96.0,82.4,98.4,25,Medium,98.0,91.0,2025-10-06 07:00:00
STU00144,Python,91.2,94.7,6,4.1,35.8,97.7,98.4,91.2,16,Medium,86.7,87.3,2025-10-10 02:00:00
STU00144,Data Structures,98.7,100.0,7,2.4,25.8,99.2,91.2,98.7,24,Easy,91.2,95.2,2025-10-14 08:00:00
STU00144,Algorithms,100.0,99.1,8,2.2,42.6,99.4,98.7,100.0,11,Medium,91.1,95.5,2025-10-18 03:00:00
STU00144,Database,95.0,88.0,9,3.4,39.2,95.3,100.0,95.0,9,Hard,88.7,94.8,2025-10-22 07:00:00
STU00144,Web Development,97.5,100.0,10,4.0,40.8,98.8,95.0,97.5,12,Easy,94.3,86.6,2025-10-26 04:00:00
STU00144,Python,100.0,99.4,11,4.4,37.9,93.0,97.5,100.0,19,Medium,90.5,97.1,2025-10-30 03:00:00
STU00144,Data Structures,89.1,88.4,12,4.0,32.1,96.2,100.0,89.1,19,Hard,94.5,92.3,2025-11-03 04:00:00
STU00144,Algorithms,100.0,100.0,13,2.0,29.3,91.6,89.1,100.0,8,Easy,96.5,91.7,2025-11-07 08:00:00
STU00144,Database,95.5,96.3,14,4.4,51.3,96.7,100.0,95.5,16,Medium,100.0,98.1,2025-11-11 04:00:00
STU00144,Web Development,94.3,95.6,15,3.3,25.0,98.8,95.5,94.3,16,Medium,89.5,90.2,2025-11-15 08:00:00
STU00144,Python,87.8,88.4,16,3.2,38.2,95.3,94.3,87.8,23,Hard,93.4,98.1,2025-11-19 05:00:00
STU00144,Data Structures,89.7,86.5,17,4.0,37.8,93.4,87.8,89.7,23,Medium,100.0,93.8,2025-11-23 05:00:00
STU00144,Algorithms,100.0,100.0,18,4.1,40.4,93.3,89.7,100.0,22,Easy,86.5,97.4,2025-11-27 06:00:00
STU00144,Database,91.2,96.6,19,3.8,35.8,98.9,100.0,91.2,24,Hard,92.1,95.0,2025-12-01 03:00:00
STU00144,Web Development,100.0,100.0,20,2.4,25.0,94.7,91.2,100.0,10,Easy,94.0,100.0,2025-12-05 08:00:00
STU00145,Python,75.2,73.8,1,2.5,48.7,93.9,73.7,75.2,8,Medium,80.4,91.7,2025-09-10 05:00:00
STU00145,Data Structures,68.7,67.2,2,2.2,44.1,89.8,75.2,68.7,11,Hard,80.8,84.1,2025-09-14 07:00:00
STU00145,Algorithms,84.8,82.8,3,2.6,42.0,95.9,68.7,84.8,17,Easy,77.2,92.8,2025-09-18 08:00:00
STU00145,Database,88.0,89.7,4,3.0,34.4,98.3,84.8,88.0,21,Hard,75.3,93.8,2025-09-22 08:00:00
STU00145,Web Development,82.0,81.7,5,3.7,50.1,91.6,88.0,82.0,12,Hard,78.3,86.8,2025-09-26 06:00:00
STU00145,Python,73.9,72.0,6,3.6,32.2,94.4,82.0,73.9,25,Hard,67.9,88.5,2025-09-30 08:00:00
STU00145,Data Structures,90.3,90.1,7,2.2,36.7,91.4,73.9,90.3,9,Easy,76.5,91.4,2025-10-04 08:00:00
STU00145,Algorithms,76.0,76.9,8,2.7,49.0,97.7,90.3,76.0,12,Medium,78.5,96.0,2025-10-08 07:00:00
STU00145,Database,100.0,100.0,9,2.6,41.6,95.6,76.0,100.0,14,Easy,88.6,88.6,2025-10-12 04:00:00
STU00145,Web Development,100.0,100.0,10,4.0,30.2,94.7,100.0,100.0,20,Easy,78.4,92.3,2025-10-16 06:00:00
STU00145,Python,89.3,86.0,11,2.9,35.4,94.2,100.0,89.3,10,Easy,80.5,92.6,2025-10-20 08:00:00
STU00145,Data Structures,72.6,76.1,12,2.8,52.1,91.1,89.3,72.6,25,Hard,82.7,93.1,2025-10-24 02:00:00
STU00145,Algorithms,94.1,95.6,13,4.3,26.8,98.4,72.6,94.1,14,Medium,83.0,83.9,2025-10-28 06:00:00
STU00145,Database,94.4,93.5,14,3.2,33.4,94.5,94.1,94.4,20,Medium,86.3,85.1,2025-11-01 02:00:00
STU00145,Web Development,95.6,94.6,15,3.1,29.1,91.6,94.4,95.6,21,Medium,80.5,86.3,2025-11-05 04:00:00
STU00145,Python,96.7,97.7,16,3.1,43.0,89.1,95.6,96.7,23,Easy,85.6,87.6,2025-11-09 07:00:00
STU00145,Data Structures,75.0,80.5,17,2.2,38.3,93.5,96.7,75.0,23,Medium,83.3,83.5,2025-11-13 01:00:00
STU00145,Algorithms,94.2,89.8,18,3.7,35.3,95.4,75.0,94.2,25,Medium,85.5,87.4,2025-11-17 02:00:00
STU00145,Database,86.3,88.5,19,2.2,42.4,95.8,94.2,86.3,19,Hard,80.8,84.7,2025-11-21 05:00:00
STU00145,Web Development,97.4,96.5,20,2.1,30.4,97.7,86.3,97.4,14,Medium,79.3,86.4,2025-11-25 04:00:00
STU00146,Python,45.6,49.6,1,3.6,102.5,96.3,36.5,45.6,13,Medium,62.3,49.5,2025-09-12 05:00:00
STU00146,Data Structures,54.2,53.5,2,1.5,105.5,93.5,45.6,54.2,15,Easy,59.1,44.6,2025-09-16 08:00:00
STU00146,Algorithms,65.1,64.9,3,2.0,106.1,95.8,54.2,65.1,22,Easy,48.7,46.9,2025-09-20 03:00:00
STU00146,Database,36.7,43.3,4,1.8,102.3,91.7,65.1,36.7,15,Easy,50.9,46.6,2025-09-24 05:00:00
STU00146,Web Development,49.2,47.2,5,3.9,95.0,97.9,36.7,49.2,11,Medium,52.4,55.5,2025-09-28 03:00:00
STU00146,Python,49.9,46.0,6,2.1,99.3,100.0,49.2,49.9,12,Hard,52.7,44.8,2025-10-02 01:00:00
STU00146,Data Structures,48.8,43.0,7,1.7,104.7,90.0,49.9,48.8,15,Medium,51.2,42.4,2025-10-06 07:00:00
STU00146,Algorithms,49.8,57.8,8,3.1,94.6,97.2,48.8,49.8,17,Easy,56.4,42.1,2025-10-10 04:00:00
STU00146,Database,47.9,47.2,9,3.7,98.7,92.9,49.8,47.9,11,Medium,53.9,44.5,2025-10-14 08:00:00
STU00146,Web Development,47.5,50.2,10,2.7,109.6,90.3,47.9,47.5,13,Easy,60.3,49.6,2025-10-18 07:00:00
STU00146,Python,48.7,43.6,11,3.3,102.7,90.0,47.5,48.7,18,Hard,53.6,45.6,2025-10-22 05:00:00
STU00146,Data Structures,49.6,47.5,12,2.2,96.5,100.0,48.7,49.6,21,Medium,52.0,44.7,2025-10-26 03:00:00
STU00146,Algorithms,51.9,56.0,13,2.7,102.3,100.0,49.6,51.9,22,Medium,50.9,49.2,2025-10-30 06:00:00
STU00146,Database,51.0,53.9,14,3.7,88.3,96.7,51.9,51.0,23,Easy,58.9,49.7,2025-11-03 04:00:00
STU00146,Web Development,56.6,56.1,15,3.0,101.7,91.5,51.0,56.6,14,Easy,53.2,44.7,2025-11-07 07:00:00
STU00146,Python,49.0,48.1,16,2.5,92.3,94.4,56.6,49.0,13,Medium,51.4,45.2,2025-11-11 08:00:00
STU00146,Data Structures,51.7,48.6,17,2.0,97.7,98.0,49.0,51.7,20,Medium,50.4,51.9,2025-11-15 07:00:00
STU00146,Algorithms,53.7,55.6,18,2.3,94.5,88.5,51.7,53.7,18,Hard,57.1,48.7,2025-11-19 04:00:00
STU00146,Database,71.5,67.8,19,2.4,95.3,87.5,53.7,71.5,23,Easy,49.9,50.0,2025-11-23 06:00:00
STU00146,Web Development,53.9,55.5,20,3.5,104.5,95.6,71.5,53.9,15,Medium,53.4,42.1,2025-11-27 06:00:00
STU00147,Python,86.3,87.8,1,3.8,39.7,95.6,72.6,86.3,23,Easy,82.9,84.8,2025-09-07 02:00:00
STU00147,Data Structures,90.7,89.7,2,3.5,34.9,95.9,86.3,90.7,15,Easy,84.4,81.8,2025-09-11 03:00:00
STU00147,Algorithms,98.1,94.0,3,2.4,49.2,91.3,90.7,98.1,12,Easy,86.7,89.0,2025-09-15 01:00:00
STU00147,Database,92.2,98.3,4,3.4,47.8,91.9,98.1,92.2,8,Easy,79.7,85.1,2025-09-19 06:00:00
STU00147,Web Development,85.7,86.8,5,2.5,47.4,95.0,92.2,85.7,23,Easy,78.8,87.6,2025-09-23 01:00:00
STU00147,Python,90.6,90.7,6,3.0,46.9,94.5,85.7,90.6,17,Easy,82.8,81.5,2025-09-27 01:00:00
STU00147,Data Structures,88.7,85.3,7,3.3,48.6,90.4,90.6,88.7,8,Medium,80.3,83.4,2025-10-01 03:00:00
STU00147,Algorithms,99.7,96.8,8,2.5,33.8,99.6,88.7,99.7,12,Easy,86.0,92.7,2025-10-05 03:00:00
STU00147,Database,100.0,100.0,9,4.4,38.2,86.9,99.7,100.0,25,Easy,86.2,79.1,2025-10-09 03:00:00
STU00147,Web Development,82.8,85.9,10,2.5,39.7,92.4,100.0,82.8,16,Medium,91.7,76.3,2025-10-13 07:00:00
STU00147,Python,100.0,100.0,11,3.5,41.6,93.3,82.8,100.0,9,Easy,91.9,83.1,2025-10-17 07:00:00
STU00147,Data Structures,93.6,90.4,12,3.3,33.0,94.4,100.0,93.6,13,Easy,83.4,87.1,2025-10-21 05:00:00
STU00147,Algorithms,76.6,81.4,13,3.6,44.4,93.0,93.6,76.6,24,Hard,89.2,82.6,2025-10-25 06:00:00
STU00147,Database,95.2,97.3,14,4.1,45.5,94.6,76.6,95.2,15,Medium,87.3,80.4,2025-10-29 01:00:00
STU00147,Web Development,100.0,98.6,15,3.5,42.6,89.6,95.2,100.0,14,Easy,79.2,84.3,2025-11-02 04:00:00
STU00147,Python,92.2,93.4,16,3.7,46.9,100.0,100.0,92.2,8,Medium,86.3,85.4,2025-11-06 06:00:00
STU00147,Data Structures,98.7,95.5,17,2.9,44.1,100.0,92.2,98.7,15,Easy,85.4,80.4,2025-11-10 04:00:00
STU00147,Algorithms,96.8,96.7,18,2.2,36.3,95.2,98.7,96.8,11,Medium,75.4,81.4,2025-11-14 08:00:00
STU00147,Database,100.0,100.0,19,2.0,40.4,92.6,96.8,100.0,22,Easy,80.3,84.4,2025-11-18 01:00:00
STU00147,Web Development,100.0,98.7,20,4.5,40.8,85.2,100.0,100.0,20,Easy,89.1,78.4,2025-11-22 04:00:00
STU00148,Python,49.2,50.2,1,3.9,99.0,97.3,30.4,49.2,25,Medium,42.7,47.4,2025-09-07 03:00:00
STU00148,Data Structures,52.1,51.6,2,1.6,91.5,100.0,49.2,52.1,24,Medium,52.8,47.3,2025-09-11 04:00:00
STU00148,Algorithms,47.0,48.5,3,2.0,96.3,98.9,52.1,47.0,8,Easy,52.6,48.0,2025-09-15 04:00:00
STU00148,Database,52.3,52.8,4,3.3,83.8,100.0,47.0,52.3,20,Easy,46.0,48.7,2025-09-19 01:00:00
STU00148,Web Development,35.9,33.8,5,2.9,89.2,92.6,52.3,35.9,14,Hard,46.7,50.2,2025-09-23 01:00:00
STU00148,Python,57.6,55.5,6,1.8,76.4,98.7,35.9,57.6,25,Easy,42.9,47.9,2025-09-27 01:00:00
STU00148,Data Structures,59.0,56.2,7,2.1,92.6,98.8,57.6,59.0,8,Easy,45.3,47.8,2025-10-01 05:00:00
STU00148,Algorithms,54.6,55.7,8,3.1,102.7,96.4,59.0,54.6,8,Easy,43.1,48.8,2025-10-05 05:00:00
STU00148,Database,50.3,47.6,9,3.5,93.9,95.1,54.6,50.3,18,Medium,46.5,49.6,2025-10-09 08:00:00
STU00148,Web Development,37.2,37.2,10,2.6,79.1,95.3,50.3,37.2,25,Medium,43.2,44.4,2025-10-13 01:00:00
STU00148,Python,46.4,51.2,11,2.3,83.0,94.8,37.2,46.4,8,Medium,52.2,51.2,2025-10-17 08:00:00
STU00148,Data Structures,61.2,61.5,12,3.3,80.2,93.5,46.4,61.2,11,Easy,47.6,42.7,2025-10-21 04:00:00
STU00148,Algorithms,56.0,55.1,13,3.6,87.8,99.2,61.2,56.0,14,Easy,47.7,42.8,2025-10-25 02:00:00
STU00148,Database,45.8,44.4,14,1.6,86.3,96.4,56.0,45.8,23,Hard,39.9,41.0,2025-10-29 08:00:00
STU00148,Web Development,40.0,38.9,15,2.2,80.1,100.0,45.8,40.0,22,Medium,36.7,43.2,2025-11-02 07:00:00
STU00148,Python,61.2,57.8,16,3.5,86.6,96.4,40.0,61.2,8,Hard,43.6,49.9,2025-11-06 02:00:00
STU00148,Data Structures,44.7,46.0,17,1.7,101.2,100.0,61.2,44.7,16,Hard,46.3,43.5,2025-11-10 07:00:00
STU00148,Algorithms,48.9,48.2,18,1.7,88.0,93.4,44.7,48.9,20,Medium,44.6,45.0,2025-11-14 01:00:00
STU00148,Database,55.3,54.5,19,1.7,95.2,90.2,48.9,55.3,22,Medium,44.8,45.7,2025-11-18 03:00:00
STU00148,Web Development,54.3,45.6,20,3.9,83.6,99.5,55.3,54.3,13,Medium,39.3,48.9,2025-11-22 06:00:00
STU00149,Python,55.3,54.8,1,3.0,85.9,94.1,41.0,55.3,18,Medium,50.1,52.2,2025-09-12 01:00:00
STU00149,Data Structures,63.8,62.8,2,2.1,72.6,94.9,55.3,63.8,14,Easy,51.1,53.2,2025-09-16 05:00:00
STU00149,Algorithms,52.9,51.3,3,2.6,77.9,93.5,63.8,52.9,20,Medium,53.8,56.6,2025-09-20 04:00:00
STU00149,Database,50.3,51.7,4,2.5,82.1,92.7,52.9,50.3,15,Medium,47.1,69.9,2025-09-24 04:00:00
STU00149,Web Development,59.9,64.3,5,3.1,83.4,95.7,50.3,59.9,21,Medium,53.8,63.2,2025-09-28 01:00:00
STU00149,Python,69.5,67.3,6,3.2,80.3,100.0,59.9,69.5,18,Easy,56.3,67.5,2025-10-02 04:00:00
STU00149,Data Structures,48.4,49.0,7,3.7,82.5,99.2,69.5,48.4,17,Medium,52.1,63.9,2025-10-06 02:00:00
STU00149,Algorithms,57.1,57.8,8,3.7,82.2,94.3,48.4,57.1,11,Medium,49.6,60.8,2025-10-10 05:00:00
STU00149,Database,61.5,61.2,9,3.4,86.8,97.5,57.1,61.5,17,Easy,55.1,65.2,2025-10-14 05:00:00
STU00149,Web Development,63.8,64.5,10,3.1,89.5,100.0,61.5,63.8,16,Easy,52.8,54.5,2025-10-18 03:00:00
STU00149,Python,56.6,52.7,11,3.7,83.2,94.9,63.8,56.6,22,Hard,52.2,56.7,2025-10-22 08:00:00
STU00149,Data Structures,58.8,61.4,12,3.6,84.2,96.3,56.6,58.8,11,Easy,51.9,71.5,2025-10-26 02:00:00
STU00149,Algorithms,59.3,53.2,13,1.9,78.5,92.3,58.8,59.3,18,Medium,59.8,58.3,2025-10-30 03:00:00
STU00149,Database,68.5,68.5,14,2.8,82.5,98.1,59.3,68.5,17,Easy,55.2,58.5,2025-11-03 08:00:00
STU00149,Web Development,69.6,70.6,15,2.3,78.0,83.1,68.5,69.6,10,Medium,57.7,57.5,2025-11-07 01:00:00
STU00149,Python,62.3,63.1,16,1.6,81.0,90.0,69.6,62.3,21,Medium,52.9,64.5,2025-11-11 05:00:00
STU00149,Data Structures,68.3,63.6,17,1.7,84.3,92.2,62.3,68.3,9,Medium,52.3,60.5,2025-11-15 02:00:00
STU00149,Algorithms,62.9,60.9,18,1.8,83.6,92.9,68.3,62.9,12,Medium,52.3,57.6,2025-11-19 07:00:00
STU00149,Database,69.6,71.5,19,4.0,83.7,100.0,62.9,69.6,25,Easy,41.5,66.8,2025-11-23 04:00:00
STU00149,Web Development,64.8,61.4,20,3.7,78.8,100.0,69.6,64.8,25,Medium,51.6,63.9,2025-11-27 08:00:00
STU00150,Python,72.5,69.8,1,2.1,70.8,95.2,64.1,72.5,25,Medium,71.3,78.1,2025-09-14 06:00:00
STU00150,Data Structures,75.3,80.8,2,3.3,73.1,89.8,72.5,75.3,22,Medium,75.9,77.9,2025-09-18 07:00:00
STU00150,Algorithms,68.3,68.0,3,2.8,73.5,94.5,75.3,68.3,18,Easy,64.8,78.9,2025-09-22 04:00:00
STU00150,Database,84.7,83.8,4,1.7,71.8,97.1,68.3,84.7,16,Easy,69.4,73.9,2025-09-26 06:00:00
STU00150,Web Development,84.3,87.5,5,3.9,68.8,100.0,84.7,84.3,8,Easy,73.5,75.4,2025-09-30 07:00:00
STU00150,Python,77.1,76.9,6,3.0,74.9,98.3,84.3,77.1,22,Medium,73.4,76.6,2025-10-04 08:00:00
STU00150,Data Structures,90.6,89.7,7,2.8,77.1,96.7,77.1,90.6,12,Easy,64.5,84.1,2025-10-08 05:00:00
STU00150,Algorithms,63.9,65.0,8,2.2,72.0,94.3,90.6,63.9,19,Hard,75.5,78.3,2025-10-12 04:00:00
STU00150,Database,92.6,88.0,9,3.1,67.4,95.8,63.9,92.6,18,Easy,74.3,79.9,2025-10-16 07:00:00
STU00150,Web Development,73.5,76.1,10,3.7,60.7,95.7,92.6,73.5,25,Hard,72.8,72.2,2025-10-20 06:00:00
STU00150,Python,79.9,78.3,11,3.9,81.9,92.5,73.5,79.9,17,Medium,63.8,82.3,2025-10-24 01:00:00
STU00150,Data Structures,92.7,91.1,12,1.9,63.1,95.8,79.9,92.7,13,Easy,66.3,75.3,2025-10-28 07:00:00
STU00150,Algorithms,74.7,77.6,13,2.1,84.0,88.0,92.7,74.7,9,Easy,74.7,84.6,2025-11-01 06:00:00
STU00150,Database,97.6,96.8,14,1.7,70.6,94.3,74.7,97.6,12,Easy,69.2,82.9,2025-11-05 06:00:00
STU00150,Web Development,82.2,85.4,15,1.7,82.0,94.7,97.6,82.2,23,Medium,67.9,81.0,2025-11-09 03:00:00
STU00150,Python,81.8,77.4,16,3.4,74.6,95.2,82.2,81.8,19,Medium,72.6,82.0,2025-11-13 04:00:00
STU00150,Data Structures,100.0,100.0,17,2.7,64.2,95.1,81.8,100.0,24,Easy,71.7,82.4,2025-11-17 06:00:00
STU00150,Algorithms,73.3,71.3,18,2.8,68.3,100.0,100.0,73.3,10,Hard,62.9,79.7,2025-11-21 07:00:00
STU00150,Database,99.6,100.0,19,3.2,82.8,97.8,73.3,99.6,17,Easy,69.1,83.7,2025-11-25 05:00:00
STU00150,Web Development,92.2,93.0,20,2.0,79.0,95.5,99.6,92.2,14,Easy,73.9,81.2,2025-11-29 01:00:00
STU00151,Python,48.7,49.5,1,2.4,79.7,100.0,39.1,48.7,9,Hard,60.8,61.0,2025-09-19 02:00:00
STU00151,Data Structures,59.6,61.5,2,3.4,81.3,93.1,48.7,59.6,9,Medium,62.2,57.1,2025-09-23 06:00:00
STU00151,Algorithms,73.1,71.8,3,3.4,83.5,97.8,59.6,73.1,10,Easy,60.2,58.6,2025-09-27 02:00:00
STU00151,Database,62.5,57.9,4,1.6,87.2,95.6,73.1,62.5,8,Easy,52.1,55.7,2025-10-01 07:00:00
STU00151,Web Development,56.6,59.2,5,4.0,81.3,91.6,62.5,56.6,24,Easy,56.3,53.1,2025-10-05 07:00:00
STU00151,Python,57.4,48.4,6,3.2,69.3,97.4,56.6,57.4,22,Hard,58.6,55.2,2025-10-09 05:00:00
STU00151,Data Structures,67.4,73.4,7,2.4,79.1,93.0,57.4,67.4,19,Easy,55.9,52.6,2025-10-13 08:00:00
STU00151,Algorithms,56.9,58.0,8,2.8,82.1,89.6,67.4,56.9,10,Medium,51.5,48.2,2025-10-17 05:00:00
STU00151,Database,64.2,62.0,9,2.3,72.1,91.7,56.9,64.2,16,Medium,55.7,59.6,2025-10-21 05:00:00
STU00151,Web Development,47.3,49.0,10,3.6,85.1,95.1,64.2,47.3,19,Hard,62.5,59.9,2025-10-25 07:00:00
STU00151,Python,63.3,57.0,11,3.5,73.7,94.9,47.3,63.3,23,Medium,55.6,50.6,2025-10-29 01:00:00
STU00151,Data Structures,70.3,65.3,12,3.4,72.0,90.5,63.3,70.3,21,Easy,51.9,53.2,2025-11-02 06:00:00
STU00151,Algorithms,61.7,64.2,13,1.6,75.9,89.5,70.3,61.7,22,Hard,52.3,53.4,2025-11-06 08:00:00
STU00151,Database,62.2,60.1,14,1.8,86.2,98.4,61.7,62.2,8,Easy,58.5,47.4,2025-11-10 03:00:00
STU00151,Web Development,59.7,58.1,15,2.7,82.4,91.1,62.2,59.7,17,Medium,54.8,47.7,2025-11-14 04:00:00
STU00151,Python,50.1,53.6,16,3.7,76.9,96.5,59.7,50.1,19,Hard,56.8,49.0,2025-11-18 07:00:00
STU00151,Data Structures,68.4,64.4,17,1.8,73.7,100.0,50.1,68.4,21,Medium,62.3,54.8,2025-11-22 05:00:00
STU00151,Algorithms,56.8,54.4,18,2.5,77.7,95.4,68.4,56.8,19,Hard,56.2,58.5,2025-11-26 02:00:00
STU00151,Database,53.6,51.0,19,4.0,82.0,97.9,56.8,53.6,19,Hard,62.9,50.8,2025-11-30 06:00:00
STU00151,Web Development,63.2,63.9,20,1.9,75.4,86.6,53.6,63.2,22,Easy,63.4,45.8,2025-12-04 07:00:00
STU00152,Python,81.2,79.2,1,2.9,74.8,92.8,60.8,81.2,19,Easy,74.1,68.7,2025-09-12 07:00:00
STU00152,Data Structures,88.2,88.8,2,2.2,64.7,91.7,81.2,88.2,8,Easy,74.6,77.3,2025-09-16 02:00:00
STU00152,Algorithms,75.2,80.5,3,2.1,81.5,94.9,88.2,75.2,24,Medium,69.1,77.5,2025-09-20 07:00:00
STU00152,Database,70.9,70.5,4,2.0,68.6,96.4,75.2,70.9,19,Easy,67.7,74.9,2025-09-24 05:00:00
STU00152,Web Development,77.6,76.6,5,3.5,80.4,89.8,70.9,77.6,9,Easy,72.9,81.2,2025-09-28 08:00:00
STU00152,Python,89.1,85.4,6,1.9,61.0,97.7,77.6,89.1,20,Easy,73.4,81.6,2025-10-02 03:00:00
STU00152,Data Structures,83.6,81.0,7,1.8,62.1,94.4,89.1,83.6,8,Medium,79.0,73.1,2025-10-06 01:00:00
STU00152,Algorithms,77.8,82.0,8,3.0,54.3,94.6,83.6,77.8,12,Medium,68.8,70.3,2025-10-10 04:00:00
STU00152,Database,61.5,64.8,9,1.7,76.9,93.0,77.8,61.5,10,Hard,64.6,76.2,2025-10-14 01:00:00
STU00152,Web Development,71.6,69.7,10,2.1,63.5,87.3,61.5,71.6,17,Medium,66.8,75.3,2025-10-18 04:00:00
STU00152,Python,86.3,83.1,11,2.3,75.8,100.0,71.6,86.3,23,Easy,66.7,70.6,2025-10-22 05:00:00
STU00152,Data Structures,79.2,76.4,12,2.4,68.5,89.5,86.3,79.2,11,Hard,70.3,72.7,2025-10-26 05:00:00
STU00152,Algorithms,68.9,75.8,13,2.3,68.9,95.5,79.2,68.9,18,Medium,78.5,76.8,2025-10-30 04:00:00
STU00152,Database,72.1,71.8,14,3.5,79.0,100.0,68.9,72.1,20,Easy,70.0,77.6,2025-11-03 05:00:00
STU00152,Web Development,74.2,74.2,15,3.3,74.1,94.2,72.1,74.2,24,Medium,78.6,69.5,2025-11-07 02:00:00
STU00152,Python,80.0,79.3,16,2.2,75.8,97.2,74.2,80.0,10,Easy,68.4,76.7,2025-11-11 07:00:00
STU00152,Data Structures,86.5,87.5,17,1.8,80.4,92.8,80.0,86.5,11,Medium,74.7,69.8,2025-11-15 05:00:00
STU00152,Algorithms,81.4,87.2,18,3.9,62.2,93.0,86.5,81.4,16,Medium,68.6,73.1,2025-11-19 05:00:00
STU00152,Database,62.8,62.1,19,2.5,62.4,98.9,81.4,62.8,15,Medium,75.9,72.3,2025-11-23 07:00:00
STU00152,Web Development,75.9,83.3,20,3.8,67.7,89.9,62.8,75.9,10,Easy,69.8,69.6,2025-11-27 07:00:00
STU00153,Python,62.1,63.4,1,3.1,90.6,95.8,36.5,62.1,25,Easy,54.9,38.7,2025-09-11 07:00:00
STU00153,Data Structures,45.8,47.9,2,2.6,87.8,95.0,62.1,45.8,15,Easy,59.6,41.8,2025-09-15 02:00:00
STU00153,Algorithms,37.3,41.2,3,2.6,88.4,91.6,45.8,37.3,15,Hard,44.9,48.0,2025-09-19 04:00:00
STU00153,Database,55.7,59.2,4,4.0,79.9,97.9,37.3,55.7,8,Medium,52.2,45.0,2025-09-23 01:00:00
STU00153,Web Development,60.6,55.8,5,3.6,88.4,90.6,55.7,60.6,23,Easy,50.5,45.1,2025-09-27 07:00:00
STU00153,Python,62.7,59.7,6,3.3,98.6,95.3,60.6,62.7,18,Medium,53.4,48.8,2025-10-01 08:00:00
STU00153,Data Structures,49.1,53.4,7,2.8,76.5,94.9,62.7,49.1,9,Medium,56.0,41.7,2025-10-05 02:00:00
STU00153,Algorithms,65.2,60.1,8,2.5,76.2,100.0,49.1,65.2,24,Easy,58.7,40.8,2025-10-09 06:00:00
STU00153,Database,60.1,64.3,9,2.5,87.6,90.2,65.2,60.1,22,Medium,54.0,43.9,2025-10-13 01:00:00
STU00153,Web Development,71.2,69.0,10,1.6,84.6,99.6,60.1,71.2,18,Easy,53.7,48.9,2025-10-17 04:00:00
STU00153,Python,67.4,61.7,11,3.4,83.1,100.0,71.2,67.4,9,Medium,50.9,43.5,2025-10-21 04:00:00
STU00153,Data Structures,67.5,68.5,12,1.7,83.0,96.9,67.4,67.5,8,Easy,52.7,46.3,2025-10-25 05:00:00
STU00153,Algorithms,54.4,53.5,13,1.7,89.0,91.7,67.5,54.4,14,Medium,54.1,39.2,2025-10-29 01:00:00
STU00153,Database,59.2,59.7,14,2.0,75.4,92.8,54.4,59.2,9,Medium,53.6,41.7,2025-11-02 03:00:00
STU00153,Web Development,60.1,59.1,15,2.7,82.8,94.1,59.2,60.1,20,Easy,57.7,37.9,2025-11-06 06:00:00
STU00153,Python,60.7,63.9,16,3.6,84.8,95.3,60.1,60.7,23,Hard,49.2,43.1,2025-11-10 05:00:00
STU00153,Data Structures,73.2,69.7,17,2.8,77.9,96.3,60.7,73.2,14,Easy,48.5,38.5,2025-11-14 08:00:00
STU00153,Algorithms,50.9,53.1,18,1.9,85.6,95.1,73.2,50.9,17,Medium,49.2,42.7,2025-11-18 02:00:00
STU00153,Database,81.5,78.1,19,2.8,86.0,96.5,50.9,81.5,22,Easy,50.3,47.0,2025-11-22 02:00:00
STU00153,Web Development,59.7,65.1,20,2.9,71.0,90.8,81.5,59.7,15,Medium,56.1,45.4,2025-11-26 08:00:00
STU00154,Python,76.4,72.0,1,2.7,65.8,93.3,54.1,76.4,18,Easy,70.1,69.1,2025-09-20 04:00:00
STU00154,Data Structures,65.2,68.1,2,2.1,54.5,99.7,76.4,65.2,17,Hard,68.3,77.6,2025-09-24 03:00:00
STU00154,Algorithms,69.1,69.5,3,3.5,63.4,90.6,65.2,69.1,18,Easy,72.7,76.8,2025-09-28 01:00:00
STU00154,Database,69.8,68.7,4,3.8,62.0,91.8,69.1,69.8,21,Medium,67.0,74.0,2025-10-02 04:00:00
STU00154,Web Development,69.8,66.9,5,3.3,58.3,95.0,69.8,69.8,19,Medium,73.9,75.1,2025-10-06 01:00:00
STU00154,Python,54.8,54.9,6,1.7,55.6,93.5,69.8,54.8,18,Hard,69.3,71.2,2025-10-10 08:00:00
STU00154,Data Structures,92.9,90.7,7,2.2,58.6,91.3,54.8,92.9,14,Easy,67.1,66.3,2025-10-14 03:00:00
STU00154,Algorithms,68.8,69.9,8,3.4,53.8,96.1,92.9,68.8,18,Easy,75.4,67.4,2025-10-18 08:00:00
STU00154,Database,60.0,62.3,9,2.8,66.8,95.3,68.8,60.0,13,Hard,82.8,70.4,2025-10-22 03:00:00
STU00154,Web Development,62.8,67.1,10,2.5,66.4,100.0,60.0,62.8,24,Medium,73.3,71.5,2025-10-26 08:00:00
STU00154,Python,54.9,52.2,11,3.9,67.7,94.9,62.8,54.9,8,Hard,71.3,78.5,2025-10-30 05:00:00
STU00154,Data Structures,74.6,79.2,12,2.5,73.0,100.0,54.9,74.6,14,Medium,76.3,70.0,2025-11-03 03:00:00
STU00154,Algorithms,74.1,69.0,13,3.3,65.0,100.0,74.6,74.1,15,Easy,74.3,78.7,2025-11-07 01:00:00
STU00154,Database,67.0,68.5,14,2.1,46.7,91.1,74.1,67.0,11,Hard,73.3,71.6,2025-11-11 06:00:00
STU00154,Web Development,72.7,73.1,15,2.8,45.8,93.3,67.0,72.7,15,Easy,75.9,77.0,2025-11-15 01:00:00
STU00154,Python,63.0,61.0,16,3.8,51.8,94.9,72.7,63.0,14,Hard,68.5,76.6,2025-11-19 01:00:00
STU00154,Data Structures,82.9,86.4,17,2.5,51.7,96.5,63.0,82.9,24,Easy,66.3,71.4,2025-11-23 03:00:00
STU00154,Algorithms,66.2,69.1,18,2.8,62.0,99.4,82.9,66.2,25,Easy,68.8,76.6,2025-11-27 04:00:00
STU00154,Database,74.2,77.6,19,3.7,53.5,94.3,66.2,74.2,13,Easy,73.0,69.5,2025-12-01 03:00:00
STU00154,Web Development,72.5,74.8,20,3.8,52.6,91.6,74.2,72.5,10,Medium,67.7,75.4,2025-12-05 05:00:00
STU00155,Python,60.8,62.9,1,1.7,72.9,98.9,48.6,60.8,15,Medium,72.7,77.5,2025-09-06 04:00:00
STU00155,Data Structures,48.5,47.2,2,3.3,61.3,91.3,60.8,48.5,15,Hard,73.3,67.5,2025-09-10 03:00:00
STU00155,Algorithms,74.1,73.0,3,3.4,58.2,94.3,48.5,74.1,20,Medium,77.7,78.6,2025-09-14 06:00:00
STU00155,Database,69.0,71.7,4,2.8,68.0,96.9,74.1,69.0,21,Easy,72.7,65.1,2025-09-18 01:00:00
STU00155,Web Development,72.9,72.8,5,1.5,66.8,96.9,69.0,72.9,18,Easy,75.2,78.8,2025-09-22 02:00:00
STU00155,Python,59.6,60.6,6,2.3,63.7,95.4,72.9,59.6,20,Hard,69.3,68.1,2025-09-26 05:00:00
STU00155,Data Structures,66.3,68.8,7,1.9,67.5,96.7,59.6,66.3,13,Easy,75.6,70.0,2025-09-30 04:00:00
STU00155,Algorithms,76.4,72.3,8,3.6,64.6,95.1,66.3,76.4,10,Medium,72.4,71.2,2025-10-04 08:00:00
STU00155,Database,71.4,70.1,9,3.2,67.4,95.6,76.4,71.4,8,Medium,75.1,68.1,2025-10-08 02:00:00
STU00155,Web Development,73.6,75.5,10,3.4,59.8,95.0,71.4,73.6,22,Easy,69.7,70.1,2025-10-12 05:00:00
STU00155,Python,57.8,59.9,11,2.9,67.8,100.0,73.6,57.8,13,Medium,76.9,77.9,2025-10-16 03:00:00
STU00155,Data Structures,55.2,56.1,12,3.1,68.8,96.6,57.8,55.2,19,Medium,77.8,77.6,2025-10-20 07:00:00
STU00155,Algorithms,74.6,77.5,13,2.6,61.4,96.1,55.2,74.6,18,Medium,73.1,67.2,2025-10-24 04:00:00
STU00155,Database,59.2,63.3,14,2.1,58.6,93.3,74.6,59.2,15,Hard,75.4,66.1,2025-10-28 03:00:00
STU00155,Web Development,77.8,75.8,15,2.5,69.5,100.0,59.2,77.8,25,Easy,74.1,81.8,2025-11-01 05:00:00
STU00155,Python,85.6,88.1,16,3.6,53.5,95.5,77.8,85.6,16,Easy,74.1,76.8,2025-11-05 05:00:00
STU00155,Data Structures,62.8,67.7,17,1.5,60.0,95.9,85.6,62.8,21,Easy,68.1,66.0,2025-11-09 05:00:00
STU00155,Algorithms,80.0,83.5,18,1.6,59.3,95.7,62.8,80.0,9,Medium,72.9,68.5,2025-11-13 08:00:00
STU00155,Database,78.0,77.5,19,2.9,66.5,92.6,80.0,78.0,13,Medium,77.2,75.1,2025-11-17 08:00:00
STU00155,Web Development,69.3,70.3,20,1.8,63.7,95.9,78.0,69.3,16,Easy,73.2,71.3,2025-11-21 04:00:00
STU00156,Python,59.0,58.8,1,1.8,90.7,99.0,34.2,59.0,17,Easy,58.0,53.8,2025-09-20 05:00:00
STU00156,Data Structures,53.3,53.2,2,2.6,92.4,92.4,59.0,53.3,12,Easy,48.9,65.8,2025-09-24 05:00:00
STU00156,Algorithms,53.2,50.3,3,2.5,103.4,99.1,53.3,53.2,18,Easy,49.5,60.0,2025-09-28 03:00:00
STU00156,Database,43.9,46.6,4,3.8,99.8,100.0,53.2,43.9,21,Medium,55.2,63.8,2025-10-02 02:00:00
STU00156,Web Development,51.8,55.1,5,2.1,98.0,98.9,43.9,51.8,16,Medium,57.9,65.8,2025-10-06 04:00:00
STU00156,Python,61.0,56.9,6,3.9,98.0,98.8,51.8,61.0,20,Medium,59.4,61.1,2025-10-10 06:00:00
STU00156,Data Structures,50.3,51.5,7,2.1,96.5,94.0,61.0,50.3,10,Easy,53.6,66.9,2025-10-14 08:00:00
STU00156,Algorithms,49.8,50.1,8,2.7,93.1,89.9,50.3,49.8,22,Medium,60.3,61.1,2025-10-18 01:00:00
STU00156,Database,51.2,52.1,9,2.4,101.1,84.4,49.8,51.2,18,Medium,45.1,55.2,2025-10-22 04:00:00
STU00156,Web Development,57.0,58.9,10,3.4,97.3,98.7,51.2,57.0,14,Medium,57.2,57.4,2025-10-26 02:00:00
STU00156,Python,47.7,50.2,11,1.8,89.1,85.7,57.0,47.7,18,Hard,48.6,62.0,2025-10-30 04:00:00
STU00156,Data Structures,62.4,65.3,12,3.7,84.6,94.9,47.7,62.4,22,Easy,50.0,53.5,2025-11-03 07:00:00
STU00156,Algorithms,46.4,44.8,13,2.7,96.2,98.0,62.4,46.4,10,Hard,56.1,61.7,2025-11-07 06:00:00
STU00156,Database,55.8,59.0,14,3.8,101.0,93.6,46.4,55.8,23,Medium,52.0,54.8,2025-11-11 02:00:00
STU00156,Web Development,50.3,56.0,15,1.9,88.8,95.3,55.8,50.3,25,Medium,45.0,59.1,2025-11-15 03:00:00
STU00156,Python,61.1,63.2,16,2.5,90.6,92.5,50.3,61.1,19,Easy,51.5,55.0,2025-11-19 06:00:00
STU00156,Data Structures,43.0,44.0,17,3.5,99.0,100.0,61.1,43.0,14,Hard,56.3,62.0,2025-11-23 07:00:00
STU00156,Algorithms,39.1,42.0,18,3.1,96.3,100.0,43.0,39.1,11,Hard,53.3,63.0,2025-11-27 01:00:00
STU00156,Database,73.4,72.7,19,2.5,99.9,100.0,39.1,73.4,11,Easy,57.7,60.9,2025-12-01 01:00:00
STU00156,Web Development,58.2,57.9,20,2.8,97.7,100.0,73.4,58.2,24,Medium,51.9,56.5,2025-12-05 05:00:00
STU00157,Python,94.3,96.7,1,2.7,49.1,91.2,78.0,94.3,22,Medium,92.0,78.5,2025-09-20 04:00:00
STU00157,Data Structures,93.3,92.9,2,3.8,52.5,99.9,94.3,93.3,12,Hard,85.0,88.9,2025-09-24 01:00:00
STU00157,Algorithms,95.5,95.5,3,2.8,49.1,94.8,93.3,95.5,11,Medium,79.8,85.3,2025-09-28 01:00:00
STU00157,Database,100.0,100.0,4,4.0,51.6,95.6,95.5,100.0,11,Easy,85.4,86.1,2025-10-02 08:00:00
STU00157,Web Development,94.7,94.8,5,2.3,52.9,98.6,100.0,94.7,22,Medium,92.2,86.4,2025-10-06 06:00:00
STU00157,Python,98.1,100.0,6,3.7,53.5,100.0,94.7,98.1,8,Easy,87.8,81.3,2025-10-10 02:00:00
STU00157,Data Structures,100.0,100.0,7,4.2,51.9,91.5,98.1,100.0,12,Medium,88.6,80.4,2025-10-14 02:00:00
STU00157,Algorithms,100.0,100.0,8,3.3,52.3,94.9,100.0,100.0,23,Easy,91.8,86.8,2025-10-18 05:00:00
STU00157,Database,98.9,100.0,9,3.6,45.5,91.1,100.0,98.9,8,Easy,82.1,89.4,2025-10-22 06:00:00
STU00157,Web Development,100.0,100.0,10,3.0,51.7,96.2,98.9,100.0,23,Medium,90.0,91.8,2025-10-26 03:00:00
STU00157,Python,95.7,100.0,11,3.0,32.7,99.2,100.0,95.7,17,Medium,86.9,80.9,2025-10-30 03:00:00
STU00157,Data Structures,96.2,100.0,12,3.0,43.3,93.9,95.7,96.2,15,Easy,85.9,74.7,2025-11-03 07:00:00
STU00157,Algorithms,88.7,91.2,13,4.2,48.3,100.0,96.2,88.7,9,Hard,93.0,82.6,2025-11-07 03:00:00
STU00157,Database,94.4,100.0,14,3.9,54.0,92.3,88.7,94.4,17,Easy,84.1,89.8,2025-11-11 03:00:00
STU00157,Web Development,99.0,98.9,15,3.8,38.8,85.2,94.4,99.0,8,Medium,82.2,91.4,2025-11-15 06:00:00
STU00157,Python,98.6,98.4,16,2.7,49.7,96.9,99.0,98.6,25,Easy,83.9,80.8,2025-11-19 06:00:00
STU00157,Data Structures,98.4,100.0,17,3.1,54.6,96.3,98.6,98.4,18,Medium,88.1,82.6,2025-11-23 02:00:00
STU00157,Algorithms,96.9,99.5,18,3.7,37.5,100.0,98.4,96.9,14,Medium,84.0,84.6,2025-11-27 06:00:00
STU00157,Database,100.0,100.0,19,2.7,52.1,89.7,96.9,100.0,18,Easy,88.0,83.7,2025-12-01 02:00:00
STU00157,Web Development,98.6,100.0,20,4.3,43.6,95.9,100.0,98.6,16,Medium,88.2,82.4,2025-12-05 03:00:00
STU00158,Python,54.1,54.1,1,3.2,99.5,100.0,38.7,54.1,10,Medium,39.3,44.1,2025-09-06 01:00:00
STU00158,Data Structures,63.8,66.8,2,2.1,96.3,85.3,54.1,63.8,25,Medium,38.5,39.7,2025-09-10 02:00:00
STU00158,Algorithms,57.5,57.8,3,3.8,94.3,100.0,63.8,57.5,24,Medium,45.1,44.5,2025-09-14 01:00:00
STU00158,Database,70.5,70.6,4,1.8,98.4,95.3,57.5,70.5,8,Easy,42.5,48.3,2025-09-18 02:00:00
STU00158,Web Development,64.5,57.3,5,3.3,89.0,99.8,70.5,64.5,21,Medium,45.0,42.4,2025-09-22 01:00:00
STU00158,Python,44.8,56.6,6,1.7,91.0,90.1,64.5,44.8,21,Medium,45.2,47.7,2025-09-26 02:00:00
STU00158,Data Structures,72.7,69.6,7,2.6,89.0,96.5,44.8,72.7,24,Easy,47.7,51.5,2025-09-30 06:00:00
STU00158,Algorithms,64.3,63.2,8,2.6,95.9,89.8,72.7,64.3,25,Medium,43.7,44.3,2025-10-04 06:00:00
STU00158,Database,65.1,61.3,9,1.9,92.8,96.6,64.3,65.1,16,Medium,42.9,43.5,2025-10-08 06:00:00
STU00158,Web Development,71.2,69.1,10,2.4,100.3,87.8,65.1,71.2,11,Medium,43.8,50.6,2025-10-12 06:00:00
STU00158,Python,56.8,58.5,11,3.4,92.6,96.8,71.2,56.8,16,Medium,40.1,51.3,2025-10-16 03:00:00
STU00158,Data Structures,55.2,56.2,12,3.5,94.3,96.5,56.8,55.2,15,Hard,56.2,49.3,2025-10-20 05:00:00
STU00158,Algorithms,54.9,56.0,13,2.1,96.6,92.9,55.2,54.9,14,Hard,40.5,42.8,2025-10-24 06:00:00
STU00158,Database,65.5,63.4,14,1.5,89.7,99.2,54.9,65.5,15,Medium,39.1,56.9,2025-10-28 04:00:00
STU00158,Web Development,76.5,79.1,15,3.2,84.4,95.8,65.5,76.5,25,Easy,44.9,46.5,2025-11-01 03:00:00
STU00158,Python,61.6,58.6,16,1.9,87.4,90.4,76.5,61.6,12,Easy,47.1,46.1,2025-11-05 03:00:00
STU00158,Data Structures,78.9,73.5,17,2.7,92.6,98.0,61.6,78.9,25,Easy,44.8,53.7,2025-11-09 06:00:00
STU00158,Algorithms,56.6,55.9,18,3.4,94.4,94.3,78.9,56.6,12,Hard,43.6,46.9,2025-11-13 08:00:00
STU00158,Database,73.9,73.6,19,2.2,91.4,94.4,56.6,73.9,20,Medium,40.2,43.0,2025-11-17 05:00:00
STU00158,Web Development,67.0,69.1,20,4.0,92.6,92.2,73.9,67.0,15,Medium,42.3,46.7,2025-11-21 04:00:00
STU00159,Python,82.9,82.1,1,2.3,61.8,97.9,71.1,82.9,10,Medium,85.7,91.2,2025-09-18 01:00:00
STU00159,Data Structures,88.8,85.4,2,3.4,40.2,99.4,82.9,88.8,25,Medium,80.5,94.5,2025-09-22 06:00:00
STU00159,Algorithms,91.5,94.3,3,2.4,45.0,99.8,88.8,91.5,12,Medium,87.9,94.0,2025-09-26 08:00:00
STU00159,Database,85.9,85.3,4,3.1,46.1,97.0,91.5,85.9,11,Medium,83.8,88.3,2025-09-30 06:00:00
STU00159,Web Development,88.8,90.5,5,3.1,57.6,96.4,85.9,88.8,14,Easy,81.3,91.4,2025-10-04 07:00:00
STU00159,Python,84.3,85.2,6,2.7,48.2,94.3,88.8,84.3,17,Medium,78.1,94.4,2025-10-08 04:00:00
STU00159,Data Structures,86.9,88.7,7,3.2,53.3,91.4,84.3,86.9,15,Easy,85.4,90.1,2025-10-12 06:00:00
STU00159,Algorithms,100.0,100.0,8,4.3,46.3,96.5,86.9,100.0,21,Easy,85.0,86.3,2025-10-16 08:00:00
STU00159,Database,85.7,89.0,9,3.1,46.4,93.7,100.0,85.7,24,Medium,87.1,89.7,2025-10-20 07:00:00
STU00159,Web Development,87.0,83.1,10,3.5,45.7,100.0,85.7,87.0,12,Medium,86.1,91.0,2025-10-24 06:00:00
STU00159,Python,92.9,93.7,11,3.6,51.7,96.7,87.0,92.9,14,Medium,81.3,92.6,2025-10-28 03:00:00
STU00159,Data Structures,90.4,92.4,12,4.2,41.2,100.0,92.9,90.4,23,Medium,84.2,87.7,2025-11-01 08:00:00
STU00159,Algorithms,88.5,93.5,13,2.1,37.9,93.2,90.4,88.5,8,Medium,86.9,90.6,2025-11-05 05:00:00
STU00159,Database,92.4,95.9,14,3.0,43.1,98.2,88.5,92.4,18,Easy,84.8,91.4,2025-11-09 01:00:00
STU00159,Web Development,93.1,90.4,15,3.7,49.3,89.4,92.4,93.1,8,Medium,89.6,92.4,2025-11-13 06:00:00
STU00159,Python,96.1,94.5,16,2.4,53.9,88.3,93.1,96.1,17,Medium,91.0,87.9,2025-11-17 07:00:00
STU00159,Data Structures,96.8,95.0,17,3.3,53.8,87.2,96.1,96.8,19,Medium,88.0,93.8,2025-11-21 08:00:00
STU00159,Algorithms,99.0,97.1,18,4.3,50.0,100.0,96.8,99.0,18,Easy,86.9,96.6,2025-11-25 06:00:00
STU00159,Database,92.4,92.4,19,4.3,45.3,92.9,99.0,92.4,18,Medium,82.0,91.5,2025-11-29 01:00:00
STU00159,Web Development,91.8,87.7,20,3.1,47.0,95.1,92.4,91.8,23,Easy,94.0,96.3,2025-12-03 03:00:00
STU00160,Python,36.1,35.3,1,3.7,107.4,90.6,30.0,36.1,13,Medium,52.5,44.7,2025-09-18 07:00:00
STU00160,Data Structures,43.6,34.5,2,1.6,112.9,100.0,36.1,43.6,20,Medium,60.2,38.6,2025-09-22 06:00:00
STU00160,Algorithms,48.6,45.7,3,3.3,103.8,96.9,43.6,48.6,8,Medium,48.1,42.7,2025-09-26 02:00:00
STU00160,Database,57.2,53.1,4,3.1,104.7,99.3,48.6,57.2,20,Medium,52.5,48.3,2025-09-30 02:00:00
STU00160,Web Development,49.8,45.2,5,3.5,108.4,98.9,57.2,49.8,15,Easy,57.3,45.1,2025-10-04 03:00:00
STU00160,Python,38.1,34.1,6,2.1,97.0,91.7,49.8,38.1,18,Hard,58.2,44.0,2025-10-08 06:00:00
STU00160,Data Structures,43.0,42.5,7,3.1,106.5,97.1,38.1,43.0,11,Easy,53.6,40.6,2025-10-12 02:00:00
STU00160,Algorithms,44.4,44.8,8,3.9,111.0,87.8,43.0,44.4,9,Easy,58.5,36.3,2025-10-16 02:00:00
STU00160,Database,57.3,52.8,9,3.4,111.8,90.6,44.4,57.3,23,Easy,53.1,30.0,2025-10-20 04:00:00
STU00160,Web Development,52.9,47.2,10,3.7,106.6,89.6,57.3,52.9,25,Medium,49.7,44.7,2025-10-24 01:00:00
STU00160,Python,42.4,45.0,11,1.6,109.1,96.3,52.9,42.4,20,Easy,49.0,38.4,2025-10-28 02:00:00
STU00160,Data Structures,52.1,47.0,12,2.7,107.7,95.6,42.4,52.1,15,Easy,54.5,47.9,2025-11-01 02:00:00
STU00160,Algorithms,51.6,51.7,13,3.5,102.9,96.1,52.1,51.6,15,Easy,48.6,43.9,2025-11-05 05:00:00
STU00160,Database,61.8,61.0,14,3.0,109.1,96.3,51.6,61.8,19,Easy,58.1,43.9,2025-11-09 07:00:00
STU00160,Web Development,34.7,40.4,15,2.3,101.9,93.6,61.8,34.7,19,Medium,51.8,43.5,2025-11-13 06:00:00
STU00160,Python,50.4,55.1,16,2.0,104.6,92.8,34.7,50.4,12,Medium,45.5,39.5,2025-11-17 03:00:00
STU00160,Data Structures,46.3,39.0,17,2.9,97.5,97.1,50.4,46.3,11,Medium,47.2,47.9,2025-11-21 06:00:00
STU00160,Algorithms,52.0,50.1,18,1.9,98.5,94.4,46.3,52.0,23,Medium,52.9,45.1,2025-11-25 06:00:00
STU00160,Database,66.6,63.6,19,1.8,119.5,95.6,52.0,66.6,25,Easy,59.3,39.9,2025-11-29 01:00:00
STU00160,Web Development,39.3,39.9,20,3.4,111.4,86.3,66.6,39.3,8,Medium,53.1,38.2,2025-12-03 02:00:00
STU00161,Python,42.6,40.8,1,3.3,85.8,93.9,33.9,42.6,20,Medium,58.8,36.8,2025-09-13 06:00:00
STU00161,Data Structures,56.6,53.5,2,2.2,65.6,90.1,42.6,56.6,14,Easy,63.1,38.5,2025-09-17 03:00:00
STU00161,Algorithms,42.3,48.6,3,1.9,89.8,100.0,56.6,42.3,19,Easy,60.9,40.0,2025-09-21 05:00:00
STU00161,Database,51.8,51.8,4,2.3,77.7,97.2,42.3,51.8,17,Easy,66.8,40.5,2025-09-25 01:00:00
STU00161,Web Development,54.8,52.7,5,3.7,75.8,91.7,51.8,54.8,10,Easy,56.9,49.7,2025-09-29 08:00:00
STU00161,Python,50.5,50.2,6,2.8,78.3,91.5,54.8,50.5,11,Medium,56.7,38.9,2025-10-03 05:00:00
STU00161,Data Structures,51.6,49.8,7,3.0,74.2,91.1,50.5,51.6,24,Medium,54.9,41.1,2025-10-07 06:00:00
STU00161,Algorithms,39.4,38.7,8,3.5,74.7,93.0,51.6,39.4,16,Hard,57.5,47.1,2025-10-11 07:00:00
STU00161,Database,56.0,58.2,9,2.3,78.6,99.6,39.4,56.0,16,Easy,58.6,45.7,2025-10-15 02:00:00
STU00161,Web Development,55.7,56.0,10,2.5,82.5,88.6,56.0,55.7,10,Easy,64.1,37.1,2025-10-19 08:00:00
STU00161,Python,57.4,60.1,11,3.9,80.9,96.8,55.7,57.4,9,Easy,57.5,39.3,2025-10-23 01:00:00
STU00161,Data Structures,60.0,55.2,12,2.6,73.6,98.5,57.4,60.0,17,Easy,64.4,41.3,2025-10-27 02:00:00
STU00161,Algorithms,51.0,52.1,13,1.8,71.7,88.2,60.0,51.0,11,Medium,60.7,39.7,2025-10-31 04:00:00
STU00161,Database,73.9,71.1,14,2.5,77.0,98.8,51.0,73.9,14,Easy,60.8,37.4,2025-11-04 08:00:00
STU00161,Web Development,58.5,60.4,15,2.9,79.6,95.0,73.9,58.5,13,Easy,57.8,38.0,2025-11-08 07:00:00
STU00161,Python,37.6,39.5,16,2.3,68.5,96.1,58.5,37.6,25,Hard,61.9,45.0,2025-11-12 08:00:00
STU00161,Data Structures,49.9,50.7,17,3.0,72.9,95.5,37.6,49.9,24,Hard,56.8,32.1,2025-11-16 07:00:00
STU00161,Algorithms,37.3,45.6,18,2.8,74.0,98.2,49.9,37.3,8,Medium,59.8,33.6,2025-11-20 05:00:00
STU00161,Database,66.8,65.5,19,3.0,81.6,99.6,37.3,66.8,8,Easy,57.8,39.3,2025-11-24 08:00:00
STU00161,Web Development,58.5,60.1,20,2.4,72.2,95.7,66.8,58.5,17,Medium,57.6,40.5,2025-11-28 05:00:00
STU00162,Python,62.4,59.1,1,3.5,98.6,91.4,43.1,62.4,9,Medium,55.1,42.0,2025-09-19 05:00:00
STU00162,Data Structures,62.5,60.7,2,2.9,98.5,95.0,62.4,62.5,20,Easy,46.2,47.4,2025-09-23 03:00:00
STU00162,Algorithms,56.2,58.2,3,3.4,93.5,84.2,62.5,56.2,19,Medium,51.4,43.9,2025-09-27 01:00:00
STU00162,Database,71.1,66.4,4,2.8,91.0,99.6,56.2,71.1,25,Medium,48.3,43.0,2025-10-01 03:00:00
STU00162,Web Development,66.6,67.4,5,2.9,97.5,88.7,71.1,66.6,11,Medium,46.7,52.5,2025-10-05 03:00:00
STU00162,Python,62.3,61.0,6,3.7,90.5,96.2,66.6,62.3,9,Easy,51.5,38.3,2025-10-09 04:00:00
STU00162,Data Structures,59.0,62.2,7,3.9,81.0,99.2,62.3,59.0,24,Easy,53.0,40.8,2025-10-13 03:00:00
STU00162,Algorithms,68.6,65.9,8,3.8,87.7,95.6,59.0,68.6,19,Easy,45.2,41.0,2025-10-17 04:00:00
STU00162,Database,66.9,65.7,9,1.5,102.1,92.7,68.6,66.9,22,Medium,43.3,43.3,2025-10-21 06:00:00
STU00162,Web Development,63.8,59.7,10,3.5,85.2,93.9,66.9,63.8,24,Hard,48.3,42.4,2025-10-25 06:00:00
STU00162,Python,60.7,58.5,11,2.8,93.0,88.0,63.8,60.7,12,Medium,50.0,42.9,2025-10-29 05:00:00
STU00162,Data Structures,52.5,49.7,12,3.5,92.3,85.7,60.7,52.5,17,Hard,47.4,41.7,2025-11-02 07:00:00
STU00162,Algorithms,67.9,65.9,13,1.8,88.7,98.2,52.5,67.9,20,Easy,50.9,42.3,2025-11-06 05:00:00
STU00162,Database,67.1,69.5,14,1.6,96.3,92.5,67.9,67.1,25,Easy,46.1,51.9,2025-11-10 03:00:00
STU00162,Web Development,69.2,65.7,15,3.1,100.4,96.3,67.1,69.2,17,Easy,46.5,40.5,2025-11-14 04:00:00
STU00162,Python,57.8,63.7,16,3.1,89.5,95.0,69.2,57.8,15,Easy,50.1,38.8,2025-11-18 04:00:00
STU00162,Data Structures,63.3,65.2,17,2.3,81.6,94.6,57.8,63.3,23,Medium,55.5,44.2,2025-11-22 04:00:00
STU00162,Algorithms,69.6,75.6,18,3.2,89.7,100.0,63.3,69.6,21,Easy,46.7,44.4,2025-11-26 01:00:00
STU00162,Database,73.3,71.2,19,3.8,89.9,94.3,69.6,73.3,25,Medium,52.6,39.0,2025-11-30 07:00:00
STU00162,Web Development,68.1,65.8,20,3.2,85.2,99.6,73.3,68.1,9,Medium,44.8,40.8,2025-12-04 08:00:00
STU00163,Python,86.4,89.1,1,3.4,33.3,96.4,76.7,86.4,16,Medium,90.3,97.0,2025-09-05 07:00:00
STU00163,Data Structures,89.3,87.6,2,2.9,32.2,96.0,86.4,89.3,20,Hard,90.9,86.4,2025-09-09 03:00:00
STU00163,Algorithms,89.3,95.6,3,2.9,25.0,95.1,89.3,89.3,17,Medium,90.7,89.1,2025-09-13 01:00:00
STU00163,Database,90.3,92.5,4,3.2,34.9,97.8,89.3,90.3,18,Medium,94.8,87.1,2025-09-17 07:00:00
STU00163,Web Development,88.5,83.7,5,2.2,39.7,89.1,90.3,88.5,22,Easy,98.1,91.0,2025-09-21 01:00:00
STU00163,Python,98.7,97.5,6,2.7,43.3,93.8,88.5,98.7,24,Medium,94.4,86.6,2025-09-25 07:00:00
STU00163,Data Structures,99.7,99.9,7,3.6,39.9,88.9,98.7,99.7,11,Medium,99.3,80.9,2025-09-29 08:00:00
STU00163,Algorithms,89.2,89.4,8,2.3,25.3,90.6,99.7,89.2,14,Medium,89.5,90.7,2025-10-03 06:00:00
STU00163,Database,100.0,98.9,9,3.0,31.9,90.6,89.2,100.0,11,Medium,93.4,91.7,2025-10-07 05:00:00
STU00163,Web Development,89.2,91.0,10,2.5,37.1,98.1,100.0,89.2,20,Easy,96.8,90.2,2025-10-11 07:00:00
STU00163,Python,100.0,100.0,11,2.3,30.3,91.6,89.2,100.0,8,Medium,91.2,87.1,2025-10-15 03:00:00
STU00163,Data Structures,87.2,93.2,12,2.8,25.0,100.0,100.0,87.2,24,Hard,91.4,85.2,2025-10-19 05:00:00
STU00163,Algorithms,100.0,100.0,13,2.4,38.0,96.7,87.2,100.0,14,Medium,92.4,94.6,2025-10-23 03:00:00
STU00163,Database,95.7,96.0,14,4.0,37.2,98.7,100.0,95.7,22,Medium,94.6,91.2,2025-10-27 07:00:00
STU00163,Web Development,90.9,94.1,15,3.1,25.0,89.2,95.7,90.9,24,Easy,97.9,84.8,2025-10-31 05:00:00
STU00163,Python,95.9,94.3,16,3.9,29.0,93.9,90.9,95.9,17,Medium,93.9,94.3,2025-11-04 02:00:00
STU00163,Data Structures,97.3,100.0,17,4.5,36.7,89.1,95.9,97.3,20,Easy,91.9,90.5,2025-11-08 01:00:00
STU00163,Algorithms,90.8,89.0,18,3.1,25.0,94.9,97.3,90.8,9,Hard,96.0,92.6,2025-11-12 04:00:00
STU00163,Database,88.8,90.4,19,2.8,38.1,92.4,90.8,88.8,25,Hard,95.0,91.5,2025-11-16 06:00:00
STU00163,Web Development,94.0,94.9,20,2.0,26.7,96.9,88.8,94.0,8,Medium,96.8,92.4,2025-11-20 01:00:00
STU00164,Python,56.3,55.6,1,2.4,87.9,100.0,39.7,56.3,18,Medium,52.4,50.8,2025-09-13 07:00:00
STU00164,Data Structures,58.8,57.9,2,3.3,84.6,97.6,56.3,58.8,9,Medium,57.8,50.4,2025-09-17 03:00:00
STU00164,Algorithms,60.0,61.1,3,3.0,95.7,100.0,58.8,60.0,18,Medium,59.4,55.9,2025-09-21 03:00:00
STU00164,Database,48.2,48.5,4,3.5,86.7,96.2,60.0,48.2,21,Hard,54.9,52.6,2025-09-25 05:00:00
STU00164,Web Development,52.9,52.4,5,3.0,88.0,94.6,48.2,52.9,12,Easy,51.8,43.6,2025-09-29 02:00:00
STU00164,Python,69.4,69.0,6,3.7,80.6,96.9,52.9,69.4,19,Easy,58.6,53.1,2025-10-03 07:00:00
STU00164,Data Structures,54.6,56.5,7,3.8,87.3,95.8,69.4,54.6,15,Medium,51.3,52.1,2025-10-07 08:00:00
STU00164,Algorithms,63.5,63.0,8,3.0,74.6,89.0,54.6,63.5,8,Easy,57.0,49.7,2025-10-11 07:00:00
STU00164,Database,57.1,56.6,9,4.0,91.9,93.2,63.5,57.1,24,Easy,57.7,44.1,2025-10-15 08:00:00
STU00164,Web Development,55.6,59.1,10,1.7,87.5,97.5,57.1,55.6,11,Medium,61.1,45.6,2025-10-19 03:00:00
STU00164,Python,75.8,72.3,11,3.2,89.6,100.0,55.6,75.8,16,Medium,57.1,52.4,2025-10-23 04:00:00
STU00164,Data Structures,68.1,70.3,12,3.7,82.1,100.0,75.8,68.1,24,Medium,47.0,50.0,2025-10-27 06:00:00
STU00164,Algorithms,65.6,64.5,13,3.1,87.1,92.8,68.1,65.6,16,Medium,53.9,48.8,2025-10-31 07:00:00
STU00164,Database,58.2,52.4,14,2.4,80.3,92.1,65.6,58.2,8,Hard,52.2,60.4,2025-11-04 04:00:00
STU00164,Web Development,63.3,62.9,15,3.4,93.3,93.9,58.2,63.3,9,Medium,53.6,49.7,2025-11-08 03:00:00
STU00164,Python,74.8,79.7,16,4.0,83.2,94.7,63.3,74.8,14,Easy,54.3,53.5,2025-11-12 06:00:00
STU00164,Data Structures,68.4,66.9,17,1.7,81.9,96.0,74.8,68.4,14,Medium,62.8,51.0,2025-11-16 06:00:00
STU00164,Algorithms,62.7,59.2,18,3.5,76.1,99.1,68.4,62.7,14,Easy,57.4,53.5,2025-11-20 05:00:00
STU00164,Database,64.0,65.8,19,1.8,86.0,95.7,62.7,64.0,25,Easy,56.4,50.9,2025-11-24 01:00:00
STU00164,Web Development,57.0,55.7,20,3.0,79.9,100.0,64.0,57.0,16,Easy,60.4,53.6,2025-11-28 06:00:00
STU00165,Python,84.3,85.0,1,4.0,53.0,97.5,71.5,84.3,11,Medium,93.2,89.8,2025-09-16 03:00:00
STU00165,Data Structures,88.1,89.0,2,2.9,54.4,95.0,84.3,88.1,21,Medium,90.7,83.9,2025-09-20 03:00:00
STU00165,Algorithms,100.0,95.0,3,3.1,50.4,100.0,88.1,100.0,9,Easy,91.5,81.4,2025-09-24 06:00:00
STU00165,Database,86.7,86.6,4,4.3,56.4,91.2,100.0,86.7,19,Easy,98.6,90.1,2025-09-28 06:00:00
STU00165,Web Development,75.8,76.5,5,4.1,40.7,93.9,86.7,75.8,11,Medium,87.4,83.9,2025-10-02 04:00:00
STU00165,Python,97.4,90.5,6,2.2,50.7,100.0,75.8,97.4,11,Easy,96.0,85.4,2025-10-06 05:00:00
STU00165,Data Structures,80.4,81.1,7,2.2,49.1,92.6,97.4,80.4,10,Hard,96.6,78.1,2025-10-10 05:00:00
STU00165,Algorithms,99.8,99.8,8,3.5,45.4,100.0,80.4,99.8,9,Easy,88.2,79.0,2025-10-14 01:00:00
STU00165,Database,100.0,100.0,9,2.2,39.6,95.4,99.8,100.0,10,Easy,88.8,81.1,2025-10-18 04:00:00
STU00165,Web Development,84.5,83.6,10,2.5,52.3,96.7,100.0,84.5,24,Medium,88.7,75.9,2025-10-22 08:00:00
STU00165,Python,99.3,100.0,11,3.0,55.8,93.8,84.5,99.3,8,Easy,97.7,81.2,2025-10-26 06:00:00
STU00165,Data Structures,88.5,87.9,12,4.2,41.1,97.8,99.3,88.5,12,Easy,93.6,78.9,2025-10-30 07:00:00
STU00165,Algorithms,80.3,82.1,13,4.4,48.0,87.6,88.5,80.3,11,Hard,92.3,94.6,2025-11-03 06:00:00
STU00165,Database,86.6,87.2,14,4.3,46.6,94.6,80.3,86.6,9,Hard,87.4,73.5,2025-11-07 05:00:00
STU00165,Web Development,99.4,96.2,15,2.7,58.0,96.6,86.6,99.4,19,Easy,97.7,83.8,2025-11-11 03:00:00
STU00165,Python,98.3,97.1,16,2.2,48.5,91.7,99.4,98.3,16,Easy,89.6,86.2,2025-11-15 04:00:00
STU00165,Data Structures,93.0,95.9,17,2.8,40.3,98.0,98.3,93.0,17,Easy,97.5,83.9,2025-11-19 04:00:00
STU00165,Algorithms,86.1,91.8,18,3.6,45.9,99.1,93.0,86.1,15,Medium,88.1,75.2,2025-11-23 01:00:00
STU00165,Database,86.5,87.2,19,3.2,38.7,98.3,86.1,86.5,18,Hard,88.9,81.3,2025-11-27 02:00:00
STU00165,Web Development,90.5,90.0,20,2.3,43.9,90.0,86.5,90.5,16,Medium,89.6,76.6,2025-12-01 08:00:00
STU00166,Python,95.3,93.6,1,3.7,43.0,91.1,70.7,95.3,18,Easy,100.0,98.2,2025-09-18 04:00:00
STU00166,Data Structures,82.2,85.8,2,3.6,30.5,92.8,95.3,82.2,16,Medium,88.4,89.6,2025-09-22 06:00:00
STU00166,Algorithms,85.3,89.6,3,2.9,33.5,92.3,82.2,85.3,12,Easy,87.5,94.7,2025-09-26 08:00:00
STU00166,Database,84.3,84.4,4,2.5,44.7,91.2,85.3,84.3,13,Medium,91.4,98.9,2025-09-30 02:00:00
STU00166,Web Development,91.4,86.0,5,3.8,46.1,92.3,84.3,91.4,20,Easy,94.5,98.9,2025-10-04 01:00:00
STU00166,Python,87.6,92.0,6,3.0,39.0,93.4,91.4,87.6,11,Medium,95.9,99.6,2025-10-08 02:00:00
STU00166,Data Structures,78.1,81.8,7,2.4,39.6,92.9,87.6,78.1,15,Medium,94.9,94.1,2025-10-12 07:00:00
STU00166,Algorithms,93.2,93.1,8,4.1,33.0,94.6,78.1,93.2,21,Medium,94.2,96.5,2025-10-16 08:00:00
STU00166,Database,93.9,92.0,9,4.0,27.4,95.1,93.2,93.9,14,Medium,94.6,97.5,2025-10-20 08:00:00
STU00166,Web Development,95.5,88.9,10,2.3,45.1,91.1,93.9,95.5,8,Easy,90.5,93.2,2025-10-24 08:00:00
STU00166,Python,98.8,95.9,11,3.3,45.0,97.5,95.5,98.8,17,Medium,93.2,95.8,2025-10-28 06:00:00
STU00166,Data Structures,86.0,87.3,12,2.6,43.8,90.8,98.8,86.0,8,Hard,95.9,90.8,2025-11-01 06:00:00
STU00166,Algorithms,85.9,86.9,13,4.0,35.1,92.3,86.0,85.9,17,Medium,91.2,92.6,2025-11-05 04:00:00
STU00166,Database,97.5,94.6,14,3.6,29.1,97.8,85.9,97.5,10,Medium,94.0,96.4,2025-11-09 04:00:00
STU00166,Web Development,89.2,90.0,15,3.6,39.0,95.3,97.5,89.2,18,Easy,96.1,100.0,2025-11-13 01:00:00
STU00166,Python,99.6,100.0,16,3.3,37.8,91.7,89.2,99.6,11,Easy,93.5,96.7,2025-11-17 03:00:00
STU00166,Data Structures,97.9,100.0,17,4.0,29.6,94.5,99.6,97.9,23,Easy,98.8,97.3,2025-11-21 05:00:00
STU00166,Algorithms,100.0,100.0,18,4.5,42.3,94.2,97.9,100.0,22,Easy,95.1,94.1,2025-11-25 03:00:00
STU00166,Database,100.0,100.0,19,3.9,36.2,98.6,100.0,100.0,9,Easy,86.9,94.2,2025-11-29 04:00:00
STU00166,Web Development,85.2,86.0,20,3.1,31.4,94.1,100.0,85.2,25,Medium,86.0,92.3,2025-12-03 04:00:00
STU00167,Python,71.9,69.2,1,2.3,69.3,96.7,48.6,71.9,8,Medium,72.6,82.6,2025-09-06 06:00:00
STU00167,Data Structures,57.6,58.3,2,3.8,72.7,94.4,71.9,57.6,11,Easy,63.9,80.8,2025-09-10 03:00:00
STU00167,Algorithms,55.5,55.8,3,3.5,83.8,100.0,57.6,55.5,16,Medium,58.4,82.0,2025-09-14 03:00:00
STU00167,Database,51.1,53.2,4,1.7,68.0,100.0,55.5,51.1,11,Hard,60.4,88.8,2025-09-18 04:00:00
STU00167,Web Development,63.2,66.1,5,2.5,77.1,94.1,51.1,63.2,20,Easy,65.7,90.2,2025-09-22 02:00:00
STU00167,Python,83.4,82.1,6,1.7,86.6,100.0,63.2,83.4,18,Easy,62.3,84.1,2025-09-26 04:00:00
STU00167,Data Structures,63.2,65.1,7,1.6,65.9,95.4,83.4,63.2,22,Medium,73.5,82.3,2025-09-30 08:00:00
STU00167,Algorithms,63.5,63.3,8,2.8,75.4,96.0,63.2,63.5,8,Medium,61.7,90.5,2025-10-04 03:00:00
STU00167,Database,70.3,69.2,9,2.2,79.8,94.4,63.5,70.3,17,Easy,60.9,83.1,2025-10-08 08:00:00
STU00167,Web Development,66.2,68.8,10,3.4,84.9,92.4,70.3,66.2,8,Easy,59.5,89.0,2025-10-12 07:00:00
STU00167,Python,74.0,75.1,11,1.6,69.4,95.7,66.2,74.0,9,Medium,60.5,78.6,2025-10-16 01:00:00
STU00167,Data Structures,67.0,67.4,12,3.8,66.4,93.8,74.0,67.0,21,Medium,56.8,80.0,2025-10-20 05:00:00
STU00167,Algorithms,70.8,71.8,13,4.0,71.1,90.3,67.0,70.8,10,Easy,65.7,77.8,2025-10-24 05:00:00
STU00167,Database,55.2,54.3,14,3.9,72.8,96.3,70.8,55.2,19,Hard,69.0,79.0,2025-10-28 07:00:00
STU00167,Web Development,75.8,75.5,15,1.6,70.4,89.3,55.2,75.8,18,Medium,59.4,78.5,2025-11-01 04:00:00
STU00167,Python,94.8,92.1,16,3.7,82.0,98.8,75.8,94.8,19,Easy,63.4,76.8,2025-11-05 07:00:00
STU00167,Data Structures,67.3,66.3,17,3.5,79.6,93.9,94.8,67.3,24,Medium,63.2,92.7,2025-11-09 01:00:00
STU00167,Algorithms,75.5,74.8,18,2.1,67.8,99.3,67.3,75.5,20,Easy,61.0,81.2,2025-11-13 08:00:00
STU00167,Database,85.1,84.0,19,2.9,63.3,90.1,75.5,85.1,20,Easy,60.6,83.3,2025-11-17 07:00:00
STU00167,Web Development,69.3,70.2,20,3.0,69.9,93.3,85.1,69.3,24,Easy,68.3,85.6,2025-11-21 02:00:00
STU00168,Python,50.9,55.1,1,2.1,79.8,90.5,30.0,50.9,23,Medium,45.6,53.0,2025-09-15 07:00:00
STU00168,Data Structures,38.3,39.5,2,1.6,89.9,94.3,50.9,38.3,13,Hard,40.6,52.5,2025-09-19 08:00:00
STU00168,Algorithms,44.9,39.0,3,1.7,72.4,94.4,38.3,44.9,16,Medium,38.2,57.3,2025-09-23 06:00:00
STU00168,Database,33.4,36.6,4,2.1,80.2,100.0,44.9,33.4,25,Medium,41.9,59.2,2025-09-27 02:00:00
STU00168,Web Development,34.7,40.5,5,3.1,83.5,100.0,33.4,34.7,16,Hard,42.2,45.2,2025-10-01 03:00:00
STU00168,Python,42.3,50.5,6,1.7,93.5,88.1,34.7,42.3,17,Medium,49.8,52.9,2025-10-05 05:00:00
STU00168,Data Structures,47.4,49.9,7,3.6,88.5,92.7,42.3,47.4,20,Easy,42.2,65.0,2025-10-09 03:00:00
STU00168,Algorithms,41.7,47.1,8,2.7,99.9,96.2,47.4,41.7,15,Medium,35.3,55.3,2025-10-13 08:00:00
STU00168,Database,31.6,34.6,9,2.6,89.2,95.8,41.7,31.6,12,Medium,38.2,58.6,2025-10-17 08:00:00
STU00168,Web Development,46.0,46.8,10,2.6,87.2,91.0,31.6,46.0,20,Easy,41.3,48.3,2025-10-21 02:00:00
STU00168,Python,56.1,57.2,11,3.6,89.3,98.7,46.0,56.1,14,Medium,44.4,57.3,2025-10-25 08:00:00
STU00168,Data Structures,47.9,48.4,12,3.4,75.5,96.7,56.1,47.9,8,Medium,35.8,48.9,2025-10-29 07:00:00
STU00168,Algorithms,50.3,52.8,13,3.2,91.2,94.4,47.9,50.3,17,Medium,45.5,49.0,2025-11-02 08:00:00
STU00168,Database,43.1,43.2,14,2.4,71.2,97.4,50.3,43.1,9,Hard,43.7,57.3,2025-11-06 01:00:00
STU00168,Web Development,51.2,51.7,15,2.2,76.9,89.6,43.1,51.2,25,Medium,38.1,61.1,2025-11-10 03:00:00
STU00168,Python,68.0,65.7,16,3.8,88.3,93.0,51.2,68.0,19,Easy,39.3,57.6,2025-11-14 08:00:00
STU00168,Data Structures,56.6,59.7,17,2.1,79.1,97.7,68.0,56.6,13,Easy,49.9,54.6,2025-11-18 06:00:00
STU00168,Algorithms,57.9,56.1,18,1.5,75.9,96.4,56.6,57.9,23,Easy,45.0,58.6,2025-11-22 03:00:00
STU00168,Database,38.8,44.3,19,2.7,89.3,93.3,57.9,38.8,16,Medium,45.5,47.8,2025-11-26 07:00:00
STU00168,Web Development,45.9,44.2,20,3.0,92.5,96.1,38.8,45.9,22,Medium,33.7,57.7,2025-11-30 05:00:00
STU00169,Python,62.0,61.9,1,3.2,78.9,98.2,54.9,62.0,11,Medium,68.2,82.9,2025-09-17 02:00:00
STU00169,Data Structures,80.3,81.4,2,2.3,84.5,90.2,62.0,80.3,13,Medium,69.7,83.4,2025-09-21 01:00:00
STU00169,Algorithms,70.4,67.0,3,2.8,71.5,95.6,80.3,70.4,14,Easy,76.7,83.3,2025-09-25 01:00:00
STU00169,Database,78.4,83.4,4,3.6,75.8,93.9,70.4,78.4,23,Medium,70.3,83.7,2025-09-29 07:00:00
STU00169,Web Development,75.2,77.6,5,2.2,75.6,94.4,78.4,75.2,20,Medium,68.4,76.3,2025-10-03 02:00:00
STU00169,Python,72.3,73.4,6,3.8,80.0,95.4,75.2,72.3,11,Easy,66.2,80.0,2025-10-07 02:00:00
STU00169,Data Structures,83.5,84.2,7,1.7,84.0,100.0,72.3,83.5,15,Easy,63.1,78.0,2025-10-11 01:00:00
STU00169,Algorithms,58.3,56.2,8,2.6,74.4,93.9,83.5,58.3,17,Hard,73.5,76.8,2025-10-15 04:00:00
STU00169,Database,85.7,89.5,9,4.0,83.3,91.8,58.3,85.7,17,Medium,67.7,84.4,2025-10-19 08:00:00
STU00169,Web Development,80.2,82.1,10,3.3,93.9,95.7,85.7,80.2,13,Easy,74.3,78.1,2025-10-23 03:00:00
STU00169,Python,69.2,68.6,11,1.7,79.0,96.0,80.2,69.2,18,Medium,69.7,83.2,2025-10-27 08:00:00
STU00169,Data Structures,80.3,83.6,12,2.3,78.8,90.3,69.2,80.3,22,Medium,77.2,89.2,2025-10-31 08:00:00
STU00169,Algorithms,70.6,73.8,13,3.7,65.5,93.7,80.3,70.6,10,Medium,73.6,73.9,2025-11-04 07:00:00
STU00169,Database,83.5,83.1,14,2.8,78.6,94.2,70.6,83.5,17,Medium,75.0,81.8,2025-11-08 03:00:00
STU00169,Web Development,86.1,86.9,15,2.0,75.1,93.2,83.5,86.1,18,Medium,69.5,81.5,2025-11-12 01:00:00
STU00169,Python,82.8,78.1,16,1.5,79.4,90.1,86.1,82.8,12,Easy,65.1,77.3,2025-11-16 04:00:00
STU00169,Data Structures,92.8,90.4,17,2.6,64.1,98.5,82.8,92.8,17,Medium,69.0,79.4,2025-11-20 06:00:00
STU00169,Algorithms,75.7,73.7,18,1.7,88.1,99.0,92.8,75.7,18,Easy,67.2,81.1,2025-11-24 08:00:00
STU00169,Database,96.6,95.5,19,1.6,82.6,96.8,75.7,96.6,10,Medium,77.2,80.9,2025-11-28 05:00:00
STU00169,Web Development,82.4,83.3,20,3.9,84.0,81.0,96.6,82.4,8,Medium,71.8,83.1,2025-12-02 08:00:00
STU00170,Python,77.7,81.3,1,4.1,54.7,93.9,69.3,77.7,16,Medium,89.6,87.2,2025-09-14 02:00:00
STU00170,Data Structures,98.6,94.0,2,3.1,48.3,96.4,77.7,98.6,18,Easy,96.2,78.6,2025-09-18 05:00:00
STU00170,Algorithms,99.4,98.8,3,3.2,58.1,97.0,98.6,99.4,8,Easy,90.5,87.2,2025-09-22 05:00:00
STU00170,Database,86.9,84.9,4,2.2,62.2,100.0,99.4,86.9,21,Easy,99.1,90.9,2025-09-26 08:00:00
STU00170,Web Development,89.5,94.0,5,2.7,59.4,92.0,86.9,89.5,23,Medium,86.3,84.6,2025-09-30 06:00:00
STU00170,Python,88.1,89.9,6,2.8,43.8,100.0,89.5,88.1,13,Easy,91.2,90.9,2025-10-04 05:00:00
STU00170,Data Structures,92.7,95.8,7,3.7,47.9,96.0,88.1,92.7,23,Medium,87.9,89.8,2025-10-08 02:00:00
STU00170,Algorithms,90.5,91.9,8,2.3,40.2,92.2,92.7,90.5,11,Medium,86.7,89.8,2025-10-12 01:00:00
STU00170,Database,66.9,72.2,9,2.9,42.1,95.3,90.5,66.9,20,Hard,84.5,87.5,2025-10-16 06:00:00
STU00170,Web Development,83.1,84.4,10,2.7,60.0,94.3,66.9,83.1,16,Hard,90.2,80.6,2025-10-20 08:00:00
STU00170,Python,74.7,75.8,11,4.1,60.7,97.9,83.1,74.7,15,Medium,85.1,89.0,2025-10-24 07:00:00
STU00170,Data Structures,86.3,85.1,12,3.5,50.1,95.0,74.7,86.3,12,Hard,89.4,91.3,2025-10-28 02:00:00
STU00170,Algorithms,98.6,100.0,13,3.0,41.8,94.0,86.3,98.6,8,Easy,94.3,88.6,2025-11-01 05:00:00
STU00170,Database,84.9,84.1,14,2.6,49.2,88.0,98.6,84.9,20,Easy,87.9,88.2,2025-11-05 01:00:00
STU00170,Web Development,97.0,96.7,15,2.1,51.7,90.9,84.9,97.0,10,Easy,86.4,79.7,2025-11-09 06:00:00
STU00170,Python,76.8,83.0,16,2.0,43.3,96.4,97.0,76.8,16,Medium,90.9,90.2,2025-11-13 06:00:00
STU00170,Data Structures,95.7,96.3,17,3.2,50.4,90.9,76.8,95.7,23,Easy,90.7,88.5,2025-11-17 03:00:00
STU00170,Algorithms,92.1,94.6,18,4.2,49.2,95.6,95.7,92.1,12,Medium,91.3,88.7,2025-11-21 03:00:00
STU00170,Database,85.7,86.1,19,4.4,31.7,97.4,92.1,85.7,9,Medium,94.3,83.5,2025-11-25 02:00:00
STU00170,Web Development,100.0,100.0,20,2.7,45.1,99.4,85.7,100.0,20,Easy,83.0,83.0,2025-11-29 01:00:00
STU00171,Python,83.0,88.6,1,4.2,39.0,96.1,79.9,83.0,20,Medium,91.1,87.0,2025-09-06 04:00:00
STU00171,Data Structures,70.8,75.0,2,3.6,35.3,98.6,83.0,70.8,20,Hard,92.1,87.1,2025-09-10 07:00:00
STU00171,Algorithms,94.5,100.0,3,3.4,27.9,99.9,70.8,94.5,14,Easy,83.1,99.1,2025-09-14 03:00:00
STU00171,Database,87.2,89.9,4,2.5,39.0,96.1,94.5,87.2,12,Medium,95.5,98.6,2025-09-18 06:00:00
STU00171,Web Development,99.8,100.0,5,3.5,43.7,95.5,87.2,99.8,22,Easy,95.1,84.6,2025-09-22 08:00:00
STU00171,Python,78.3,78.7,6,4.2,44.6,90.8,99.8,78.3,9,Hard,89.2,88.0,2025-09-26 06:00:00
STU00171,Data Structures,99.6,100.0,7,2.6,34.3,87.9,78.3,99.6,15,Medium,98.4,89.4,2025-09-30 05:00:00
STU00171,Algorithms,86.5,91.8,8,3.8,44.6,95.0,99.6,86.5,23,Medium,95.0,88.8,2025-10-04 04:00:00
STU00171,Database,93.0,92.9,9,4.2,44.7,94.2,86.5,93.0,18,Medium,91.9,83.9,2025-10-08 01:00:00
STU00171,Web Development,94.6,94.3,10,2.1,40.9,91.6,93.0,94.6,19,Easy,93.9,93.0,2025-10-12 01:00:00
STU00171,Python,100.0,100.0,11,4.2,25.0,92.2,94.6,100.0,23,Easy,89.8,95.4,2025-10-16 01:00:00
STU00171,Data Structures,92.7,89.9,12,3.3,26.2,94.9,100.0,92.7,22,Medium,93.8,94.3,2025-10-20 03:00:00
STU00171,Algorithms,99.3,100.0,13,2.8,33.8,96.0,92.7,99.3,14,Easy,90.5,94.0,2025-10-24 02:00:00
STU00171,Database,89.6,89.9,14,4.5,30.3,100.0,99.3,89.6,11,Easy,94.0,99.1,2025-10-28 02:00:00
STU00171,Web Development,92.1,91.7,15,3.9,36.1,93.3,89.6,92.1,8,Hard,100.0,89.4,2025-11-01 01:00:00
STU00171,Python,97.1,96.5,16,4.4,40.5,96.7,92.1,97.1,14,Medium,93.4,98.1,2025-11-05 08:00:00
STU00171,Data Structures,93.6,96.5,17,3.4,38.6,93.4,97.1,93.6,15,Medium,84.4,90.8,2025-11-09 04:00:00
STU00171,Algorithms,98.3,100.0,18,2.5,49.0,98.3,93.6,98.3,19,Easy,88.4,93.5,2025-11-13 01:00:00
STU00171,Database,89.1,94.2,19,2.5,39.1,100.0,98.3,89.1,10,Medium,94.2,94.0,2025-11-17 02:00:00
STU00171,Web Development,100.0,100.0,20,2.5,28.1,100.0,89.1,100.0,19,Medium,90.8,89.0,2025-11-21 05:00:00
STU00172,Python,54.6,50.3,1,3.9,96.0,93.8,39.5,54.6,23,Hard,60.8,48.3,2025-09-15 04:00:00
STU00172,Data Structures,51.8,51.5,2,1.9,105.8,92.4,54.6,51.8,15,Hard,54.1,48.6,2025-09-19 04:00:00
STU00172,Algorithms,72.1,72.1,3,1.6,102.3,89.2,51.8,72.1,23,Easy,56.3,53.2,2025-09-23 05:00:00
STU00172,Database,69.0,72.4,4,2.6,102.6,96.1,72.1,69.0,23,Easy,53.6,49.9,2025-09-27 03:00:00
STU00172,Web Development,61.1,61.2,5,2.6,102.0,95.5,69.0,61.1,14,Medium,60.4,52.3,2025-10-01 01:00:00
STU00172,Python,62.3,62.6,6,2.0,107.4,90.9,61.1,62.3,8,Medium,61.8,57.1,2025-10-05 03:00:00
STU00172,Data Structures,60.4,62.9,7,1.7,100.7,91.2,62.3,60.4,11,Easy,60.6,53.2,2025-10-09 07:00:00
STU00172,Algorithms,53.5,55.0,8,1.9,101.5,93.8,60.4,53.5,21,Medium,50.8,51.7,2025-10-13 01:00:00
STU00172,Database,69.7,73.2,9,2.8,103.8,94.2,53.5,69.7,13,Easy,54.6,53.2,2025-10-17 03:00:00
STU00172,Web Development,74.9,72.3,10,3.8,93.0,98.2,69.7,74.9,22,Easy,53.9,51.8,2025-10-21 05:00:00
STU00172,Python,60.8,70.1,11,2.6,102.2,96.1,74.9,60.8,9,Easy,52.8,52.5,2025-10-25 01:00:00
STU00172,Data Structures,65.3,61.3,12,2.1,94.4,94.2,60.8,65.3,9,Medium,62.6,50.7,2025-10-29 05:00:00
STU00172,Algorithms,65.3,62.4,13,3.5,88.6,92.8,65.3,65.3,22,Hard,60.7,50.3,2025-11-02 07:00:00
STU00172,Database,81.8,77.6,14,3.2,97.0,97.0,65.3,81.8,21,Easy,54.8,56.5,2025-11-06 08:00:00
STU00172,Web Development,62.2,65.1,15,3.3,111.2,95.3,81.8,62.2,22,Medium,46.9,51.8,2025-11-10 06:00:00
STU00172,Python,64.6,64.0,16,3.3,105.1,91.5,62.2,64.6,8,Medium,53.9,61.4,2025-11-14 06:00:00
STU00172,Data Structures,57.1,58.2,17,2.1,101.1,92.3,64.6,57.1,10,Medium,55.3,55.5,2025-11-18 02:00:00
STU00172,Algorithms,71.4,70.3,18,2.7,87.6,88.8,57.1,71.4,16,Medium,56.0,60.7,2025-11-22 08:00:00
STU00172,Database,60.8,55.4,19,2.4,106.2,91.6,71.4,60.8,21,Hard,59.1,56.8,2025-11-26 01:00:00
STU00172,Web Development,68.2,61.6,20,2.1,103.4,95.2,60.8,68.2,22,Hard,52.0,54.4,2025-11-30 07:00:00
STU00173,Python,85.8,84.6,1,3.4,55.1,96.5,77.8,85.8,12,Medium,88.9,87.2,2025-09-09 05:00:00
STU00173,Data Structures,100.0,100.0,2,2.6,49.0,97.4,85.8,100.0,15,Easy,79.2,85.6,2025-09-13 04:00:00
STU00173,Algorithms,78.6,84.0,3,3.7,43.6,92.5,100.0,78.6,12,Hard,79.6,94.1,2025-09-17 07:00:00
STU00173,Database,95.0,92.1,4,3.1,51.6,96.5,78.6,95.0,20,Medium,82.5,89.9,2025-09-21 01:00:00
STU00173,Web Development,87.6,87.2,5,3.8,52.1,90.4,95.0,87.6,21,Medium,86.5,90.0,2025-09-25 06:00:00
STU00173,Python,98.6,98.2,6,4.1,43.7,96.7,87.6,98.6,20,Easy,84.0,86.8,2025-09-29 07:00:00
STU00173,Data Structures,100.0,100.0,7,2.2,50.1,95.6,98.6,100.0,20,Easy,81.1,92.3,2025-10-03 06:00:00
STU00173,Algorithms,99.1,100.0,8,2.1,39.5,95.8,100.0,99.1,16,Easy,86.0,86.0,2025-10-07 08:00:00
STU00173,Database,90.7,92.1,9,4.1,50.9,93.2,99.1,90.7,12,Medium,81.5,92.7,2025-10-11 08:00:00
STU00173,Web Development,100.0,100.0,10,2.5,60.7,100.0,90.7,100.0,19,Medium,88.5,79.9,2025-10-15 02:00:00
STU00173,Python,91.3,94.5,11,3.0,56.9,90.6,100.0,91.3,23,Easy,89.7,91.0,2025-10-19 05:00:00
STU00173,Data Structures,100.0,100.0,12,2.7,51.4,98.5,91.3,100.0,21,Easy,87.3,86.0,2025-10-23 05:00:00
STU00173,Algorithms,91.4,94.5,13,2.4,37.7,97.6,100.0,91.4,19,Medium,88.0,89.0,2025-10-27 04:00:00
STU00173,Database,97.7,99.8,14,2.2,42.1,96.2,91.4,97.7,19,Easy,82.3,79.9,2025-10-31 04:00:00
STU00173,Web Development,98.9,100.0,15,3.2,39.1,99.4,97.7,98.9,25,Medium,81.3,87.8,2025-11-04 03:00:00
STU00173,Python,93.0,98.5,16,2.4,46.8,90.2,98.9,93.0,13,Easy,84.9,86.4,2025-11-08 02:00:00
STU00173,Data Structures,99.4,100.0,17,3.6,30.1,85.4,93.0,99.4,23,Easy,81.6,88.5,2025-11-12 05:00:00
STU00173,Algorithms,99.4,100.0,18,2.8,41.2,90.6,99.4,99.4,23,Easy,82.5,81.6,2025-11-16 01:00:00
STU00173,Database,100.0,99.5,19,2.7,39.9,92.0,99.4,100.0,16,Easy,88.7,85.3,2025-11-20 04:00:00
STU00173,Web Development,99.8,100.0,20,3.1,52.8,91.5,100.0,99.8,10,Medium,90.1,88.4,2025-11-24 08:00:00
STU00174,Python,68.4,68.6,1,3.8,64.6,91.7,53.4,68.4,10,Easy,72.3,73.7,2025-09-18 08:00:00
STU00174,Data Structures,64.9,60.4,2,2.8,63.6,98.1,68.4,64.9,19,Medium,69.5,71.3,2025-09-22 02:00:00
STU00174,Algorithms,66.4,64.4,3,2.2,74.8,97.8,64.9,66.4,8,Medium,65.8,73.6,2025-09-26 04:00:00
STU00174,Database,59.5,61.7,4,2.2,60.5,98.9,66.4,59.5,16,Easy,70.0,69.3,2025-09-30 08:00:00
STU00174,Web Development,74.1,75.6,5,1.9,56.2,89.6,59.5,74.1,13,Easy,62.1,77.2,2025-10-04 02:00:00
STU00174,Python,57.1,55.0,6,2.7,55.6,93.2,74.1,57.1,22,Hard,63.7,70.3,2025-10-08 08:00:00
STU00174,Data Structures,69.5,68.1,7,3.9,60.9,89.4,57.1,69.5,12,Easy,64.5,75.5,2025-10-12 08:00:00
STU00174,Algorithms,59.0,64.9,8,3.7,63.9,99.0,69.5,59.0,22,Medium,72.3,81.9,2025-10-16 08:00:00
STU00174,Database,60.4,61.3,9,2.8,73.2,94.9,59.0,60.4,15,Medium,58.1,76.9,2025-10-20 08:00:00
STU00174,Web Development,64.4,68.5,10,3.1,54.5,89.7,60.4,64.4,14,Medium,61.0,78.3,2025-10-24 05:00:00
STU00174,Python,71.1,75.1,11,2.9,63.8,99.7,64.4,71.1,19,Easy,60.5,75.5,2025-10-28 03:00:00
STU00174,Data Structures,75.5,72.2,12,1.8,64.0,91.5,71.1,75.5,18,Medium,62.4,70.5,2025-11-01 03:00:00
STU00174,Algorithms,66.2,69.2,13,3.4,59.6,95.1,75.5,66.2,18,Medium,66.3,71.0,2025-11-05 04:00:00
STU00174,Database,62.3,64.6,14,1.7,56.8,90.1,66.2,62.3,23,Easy,64.7,77.1,2025-11-09 02:00:00
STU00174,Web Development,78.2,76.3,15,2.4,64.4,95.6,62.3,78.2,8,Medium,68.8,67.0,2025-11-13 03:00:00
STU00174,Python,59.8,64.2,16,2.4,64.3,90.6,78.2,59.8,22,Medium,67.0,73.8,2025-11-17 02:00:00
STU00174,Data Structures,81.9,75.6,17,1.6,55.7,91.6,59.8,81.9,11,Medium,66.4,73.4,2025-11-21 04:00:00
STU00174,Algorithms,62.5,59.8,18,1.9,51.6,93.0,81.9,62.5,13,Hard,64.3,64.8,2025-11-25 08:00:00
STU00174,Database,74.0,72.7,19,2.5,51.0,94.5,62.5,74.0,18,Easy,67.1,75.1,2025-11-29 06:00:00
STU00174,Web Development,75.8,79.4,20,1.8,57.7,91.4,74.0,75.8,22,Easy,61.4,69.7,2025-12-03 05:00:00
STU00175,Python,51.0,43.3,1,3.9,102.1,92.8,34.2,51.0,23,Easy,50.1,47.8,2025-09-17 06:00:00
STU00175,Data Structures,45.7,48.4,2,2.3,101.1,93.9,51.0,45.7,11,Medium,57.5,44.5,2025-09-21 02:00:00
STU00175,Algorithms,47.7,47.3,3,3.1,99.6,95.8,45.7,47.7,8,Medium,50.5,46.7,2025-09-25 05:00:00
STU00175,Database,44.7,40.9,4,1.7,96.8,97.2,47.7,44.7,22,Easy,52.9,39.3,2025-09-29 02:00:00
STU00175,Web Development,56.6,54.2,5,1.5,117.8,100.0,44.7,56.6,20,Medium,53.6,42.9,2025-10-03 07:00:00
STU00175,Python,39.2,37.1,6,3.4,106.9,93.3,56.6,39.2,22,Medium,60.4,41.6,2025-10-07 08:00:00
STU00175,Data Structures,49.2,51.9,7,2.6,101.2,95.7,39.2,49.2,12,Medium,55.7,47.2,2025-10-11 05:00:00
STU00175,Algorithms,37.0,38.4,8,3.3,93.6,89.0,49.2,37.0,11,Hard,60.8,37.5,2025-10-15 06:00:00
STU00175,Database,46.0,44.7,9,3.5,96.0,100.0,37.0,46.0,17,Easy,58.4,50.5,2025-10-19 08:00:00
STU00175,Web Development,57.0,59.0,10,2.9,109.0,97.0,46.0,57.0,20,Medium,61.8,51.1,2025-10-23 08:00:00
STU00175,Python,49.5,48.9,11,3.0,102.1,100.0,57.0,49.5,22,Easy,60.6,47.7,2025-10-27 05:00:00
STU00175,Data Structures,58.4,62.0,12,3.2,94.6,96.5,49.5,58.4,14,Easy,59.8,49.1,2025-10-31 05:00:00
STU00175,Algorithms,49.1,50.4,13,1.6,93.5,96.3,58.4,49.1,10,Medium,57.1,44.2,2025-11-04 04:00:00
STU00175,Database,49.3,49.1,14,3.3,92.2,96.5,49.1,49.3,24,Easy,57.6,44.6,2025-11-08 04:00:00
STU00175,Web Development,66.4,66.8,15,2.8,96.1,96.1,49.3,66.4,16,Medium,57.9,44.7,2025-11-12 04:00:00
STU00175,Python,60.3,59.2,16,1.7,95.7,99.1,66.4,60.3,18,Easy,52.5,43.9,2025-11-16 02:00:00
STU00175,Data Structures,47.6,54.7,17,2.5,106.6,90.0,60.3,47.6,10,Medium,58.9,47.3,2025-11-20 08:00:00
STU00175,Algorithms,52.3,52.1,18,1.9,85.0,92.9,47.6,52.3,20,Medium,53.7,51.0,2025-11-24 02:00:00
STU00175,Database,47.7,46.4,19,2.9,97.5,92.9,52.3,47.7,14,Medium,53.6,42.6,2025-11-28 07:00:00
STU00175,Web Development,53.0,54.3,20,1.8,94.3,90.5,47.7,53.0,19,Medium,60.7,49.9,2025-12-02 04:00:00
STU00176,Python,59.6,60.9,1,2.1,64.7,99.3,55.0,59.6,10,Medium,70.0,69.7,2025-09-16 02:00:00
STU00176,Data Structures,66.7,64.4,2,3.0,67.1,95.6,59.6,66.7,21,Medium,65.0,69.3,2025-09-20 07:00:00
STU00176,Algorithms,71.6,75.1,3,2.3,71.1,99.1,66.7,71.6,21,Medium,66.5,66.8,2025-09-24 02:00:00
STU00176,Database,81.9,78.5,4,1.9,72.4,95.1,71.6,81.9,23,Medium,73.8,73.0,2025-09-28 06:00:00
STU00176,Web Development,65.7,64.3,5,4.0,67.7,95.4,81.9,65.7,23,Medium,57.8,70.3,2025-10-02 06:00:00
STU00176,Python,65.5,65.5,6,1.6,61.7,95.7,65.7,65.5,24,Medium,65.0,68.4,2025-10-06 06:00:00
STU00176,Data Structures,76.2,74.6,7,2.3,54.4,100.0,65.5,76.2,21,Medium,62.9,79.8,2025-10-10 05:00:00
STU00176,Algorithms,73.1,78.4,8,2.0,53.2,99.1,76.2,73.1,9,Medium,65.7,70.8,2025-10-14 07:00:00
STU00176,Database,78.9,80.0,9,1.9,65.3,92.8,73.1,78.9,23,Easy,67.2,70.9,2025-10-18 05:00:00
STU00176,Web Development,54.7,54.8,10,3.1,55.6,98.0,78.9,54.7,14,Hard,62.7,66.8,2025-10-22 03:00:00
STU00176,Python,74.4,74.4,11,3.1,55.1,98.5,54.7,74.4,16,Easy,64.9,63.8,2025-10-26 06:00:00
STU00176,Data Structures,57.0,60.5,12,2.4,48.0,100.0,74.4,57.0,13,Hard,66.0,68.2,2025-10-30 06:00:00
STU00176,Algorithms,75.8,77.2,13,2.7,66.1,90.6,57.0,75.8,12,Easy,61.1,63.9,2025-11-03 03:00:00
STU00176,Database,91.0,87.1,14,2.9,60.5,90.6,75.8,91.0,21,Easy,61.8,73.5,2025-11-07 01:00:00
STU00176,Web Development,71.2,70.9,15,3.3,59.7,92.2,91.0,71.2,18,Medium,63.6,68.5,2025-11-11 05:00:00
STU00176,Python,67.5,68.0,16,3.6,51.4,93.8,71.2,67.5,13,Medium,61.4,72.5,2025-11-15 08:00:00
STU00176,Data Structures,78.6,82.3,17,1.6,47.9,97.9,67.5,78.6,19,Medium,70.5,62.5,2025-11-19 04:00:00
STU00176,Algorithms,79.8,77.0,18,3.6,59.1,96.7,78.6,79.8,14,Easy,69.3,67.4,2025-11-23 07:00:00
STU00176,Database,74.3,74.1,19,2.0,66.7,100.0,79.8,74.3,8,Hard,66.6,69.5,2025-11-27 05:00:00
STU00176,Web Development,75.3,80.3,20,2.6,64.3,91.9,74.3,75.3,25,Medium,57.8,69.3,2025-12-01 04:00:00
STU00177,Python,40.5,41.7,1,1.9,120.5,100.0,30.0,40.5,15,Medium,59.8,60.9,2025-09-12 07:00:00
STU00177,Data Structures,38.8,41.4,2,2.0,107.7,89.4,40.5,38.8,20,Medium,51.3,65.0,2025-09-16 02:00:00
STU00177,Algorithms,51.2,46.5,3,1.9,102.2,92.9,38.8,51.2,14,Easy,53.3,55.0,2025-09-20 05:00:00
STU00177,Database,53.2,50.4,4,3.3,118.7,98.4,51.2,53.2,22,Medium,57.1,64.5,2025-09-24 07:00:00
STU00177,Web Development,46.1,48.4,5,2.0,108.9,92.9,53.2,46.1,9,Easy,57.3,60.0,2025-09-28 04:00:00
STU00177,Python,47.7,45.4,6,3.9,104.1,94.3,46.1,47.7,8,Medium,50.9,64.1,2025-10-02 06:00:00
STU00177,Data Structures,47.5,46.9,7,2.6,113.1,95.6,47.7,47.5,20,Medium,47.0,58.4,2025-10-06 07:00:00
STU00177,Algorithms,48.2,47.3,8,3.0,117.0,96.2,47.5,48.2,13,Hard,46.9,60.3,2025-10-10 01:00:00
STU00177,Database,52.0,55.2,9,2.8,110.8,95.7,48.2,52.0,10,Medium,58.9,66.4,2025-10-14 08:00:00
STU00177,Web Development,68.1,61.4,10,3.3,122.7,96.1,52.0,68.1,21,Easy,47.0,61.4,2025-10-18 06:00:00
STU00177,Python,42.0,36.9,11,2.2,114.2,90.6,68.1,42.0,11,Hard,53.1,59.6,2025-10-22 08:00:00
STU00177,Data Structures,45.6,41.9,12,3.9,111.7,93.5,42.0,45.6,10,Hard,49.8,57.4,2025-10-26 05:00:00
STU00177,Algorithms,58.5,59.4,13,3.0,95.5,97.0,45.6,58.5,18,Easy,55.5,60.7,2025-10-30 05:00:00
STU00177,Database,43.6,46.2,14,1.7,101.8,93.9,58.5,43.6,16,Easy,46.5,63.0,2025-11-03 04:00:00
STU00177,Web Development,54.8,52.1,15,2.6,109.4,96.8,43.6,54.8,12,Easy,51.0,60.0,2025-11-07 02:00:00
STU00177,Python,44.9,45.4,16,1.9,112.7,97.2,54.8,44.9,18,Medium,46.8,60.9,2025-11-11 02:00:00
STU00177,Data Structures,54.5,51.8,17,1.6,110.3,98.9,44.9,54.5,12,Medium,53.4,59.9,2025-11-15 07:00:00
STU00177,Algorithms,69.2,66.8,18,2.1,110.6,94.7,54.5,69.2,10,Easy,46.1,63.2,2025-11-19 03:00:00
STU00177,Database,47.2,44.6,19,1.9,111.3,94.8,69.2,47.2,14,Medium,46.6,53.2,2025-11-23 03:00:00
STU00177,Web Development,63.2,67.3,20,1.7,109.8,94.8,47.2,63.2,16,Easy,48.7,64.3,2025-11-27 04:00:00
STU00178,Python,24.6,30.3,1,2.1,101.7,94.1,30.0,24.6,11,Medium,55.9,41.4,2025-09-05 07:00:00
STU00178,Data Structures,59.6,58.3,2,2.9,93.5,96.4,24.6,59.6,15,Easy,58.1,45.0,2025-09-09 02:00:00
STU00178,Algorithms,43.9,42.6,3,1.8,90.0,92.6,59.6,43.9,9,Medium,56.0,36.1,2025-09-13 03:00:00
STU00178,Database,51.6,47.6,4,2.0,87.6,92.5,43.9,51.6,21,Easy,48.3,45.6,2025-09-17 01:00:00
STU00178,Web Development,43.0,46.1,5,3.9,91.4,95.3,51.6,43.0,11,Easy,42.9,38.9,2025-09-21 01:00:00
STU00178,Python,32.3,32.8,6,1.9,91.6,97.6,43.0,32.3,10,Medium,48.9,39.0,2025-09-25 04:00:00
STU00178,Data Structures,45.9,40.0,7,3.5,95.9,98.0,32.3,45.9,19,Medium,52.4,40.3,2025-09-29 05:00:00
STU00178,Algorithms,45.9,46.7,8,2.8,95.4,86.1,45.9,45.9,8,Easy,51.4,45.0,2025-10-03 02:00:00
STU00178,Database,45.6,47.8,9,3.0,93.9,95.4,45.9,45.6,11,Easy,53.9,37.7,2025-10-07 01:00:00
STU00178,Web Development,48.6,51.0,10,3.8,84.6,100.0,45.6,48.6,23,Medium,45.0,37.8,2025-10-11 05:00:00
STU00178,Python,32.4,35.9,11,3.2,100.3,91.9,48.6,32.4,17,Medium,56.3,42.8,2025-10-15 07:00:00
STU00178,Data Structures,50.1,54.4,12,3.6,87.0,89.6,32.4,50.1,13,Easy,58.2,43.7,2025-10-19 05:00:00
STU00178,Algorithms,47.5,47.7,13,1.6,94.0,100.0,50.1,47.5,18,Medium,50.5,47.7,2025-10-23 05:00:00
STU00178,Database,65.7,59.7,14,3.7,85.1,96.2,47.5,65.7,22,Easy,53.2,41.8,2025-10-27 02:00:00
STU00178,Web Development,39.0,38.6,15,2.9,96.9,95.7,65.7,39.0,8,Hard,56.1,42.3,2025-10-31 06:00:00
STU00178,Python,45.3,39.2,16,2.1,97.5,89.3,39.0,45.3,16,Easy,51.5,48.5,2025-11-04 01:00:00
STU00178,Data Structures,32.6,35.4,17,2.2,99.3,96.7,45.3,32.6,16,Hard,48.3,37.4,2025-11-08 08:00:00
STU00178,Algorithms,51.0,49.4,18,1.8,97.4,96.5,32.6,51.0,13,Easy,50.9,45.3,2025-11-12 06:00:00
STU00178,Database,38.2,39.8,19,3.4,90.0,95.8,51.0,38.2,13,Hard,41.5,40.7,2025-11-16 06:00:00
STU00178,Web Development,50.6,47.3,20,1.7,94.3,100.0,38.2,50.6,9,Easy,46.8,47.2,2025-11-20 03:00:00
STU00179,Python,74.8,68.9,1,1.8,85.8,97.9,51.6,74.8,20,Medium,71.3,71.7,2025-09-10 07:00:00
STU00179,Data Structures,72.4,70.0,2,3.5,70.8,97.4,74.8,72.4,9,Medium,63.5,65.5,2025-09-14 01:00:00
STU00179,Algorithms,79.3,83.9,3,2.3,78.1,87.8,72.4,79.3,12,Medium,66.8,75.1,2025-09-18 03:00:00
STU00179,Database,65.6,63.4,4,2.3,77.1,92.4,79.3,65.6,24,Medium,70.9,66.5,2025-09-22 06:00:00
STU00179,Web Development,88.3,90.0,5,3.3,75.0,91.4,65.6,88.3,11,Easy,61.9,66.2,2025-09-26 01:00:00
STU00179,Python,76.3,80.6,6,3.4,83.1,89.7,88.3,76.3,18,Medium,75.6,78.6,2025-09-30 08:00:00
STU00179,Data Structures,75.1,77.0,7,1.6,67.8,93.1,76.3,75.1,8,Easy,75.3,71.2,2025-10-04 08:00:00
STU00179,Algorithms,88.0,84.4,8,1.7,75.9,93.5,75.1,88.0,8,Medium,68.3,75.4,2025-10-08 02:00:00
STU00179,Database,61.9,59.2,9,3.9,74.7,91.3,88.0,61.9,16,Medium,76.2,69.2,2025-10-12 02:00:00
STU00179,Web Development,69.7,68.8,10,2.0,71.1,92.6,61.9,69.7,18,Hard,71.8,64.7,2025-10-16 08:00:00
STU00179,Python,80.7,82.8,11,2.9,76.2,98.7,69.7,80.7,13,Medium,71.4,65.8,2025-10-20 05:00:00
STU00179,Data Structures,75.7,74.5,12,3.1,80.8,97.8,80.7,75.7,9,Hard,70.1,72.2,2025-10-24 06:00:00
STU00179,Algorithms,87.0,88.1,13,3.2,71.1,95.8,75.7,87.0,22,Medium,67.3,72.1,2025-10-28 04:00:00
STU00179,Database,67.1,67.2,14,3.2,79.6,97.9,87.0,67.1,21,Easy,75.6,69.4,2025-11-01 02:00:00
STU00179,Web Development,90.0,89.8,15,2.0,73.2,100.0,67.1,90.0,22,Medium,71.9,74.5,2025-11-05 08:00:00
STU00179,Python,84.4,83.2,16,4.0,74.4,96.5,90.0,84.4,19,Easy,74.9,65.0,2025-11-09 02:00:00
STU00179,Data Structures,82.9,81.7,17,1.8,77.8,95.0,84.4,82.9,13,Medium,74.6,69.0,2025-11-13 08:00:00
STU00179,Algorithms,82.7,87.6,18,2.3,67.4,100.0,82.9,82.7,19,Medium,73.1,64.6,2025-11-17 05:00:00
STU00179,Database,77.1,73.0,19,3.4,64.6,94.7,82.7,77.1,13,Medium,69.6,70.2,2025-11-21 01:00:00
STU00179,Web Development,87.9,88.5,20,2.1,70.9,96.9,77.1,87.9,25,Easy,69.7,64.6,2025-11-25 02:00:00
STU00180,Python,78.8,75.4,1,1.9,63.7,96.1,64.5,78.8,20,Hard,65.2,76.0,2025-09-09 08:00:00
STU00180,Data Structures,92.1,93.1,2,2.9,57.0,90.5,78.8,92.1,14,Easy,53.9,74.6,2025-09-13 03:00:00
STU00180,Algorithms,85.7,86.1,3,2.3,59.5,94.7,92.1,85.7,24,Medium,56.6,71.2,2025-09-17 02:00:00
STU00180,Database,76.0,75.9,4,2.0,51.9,95.7,85.7,76.0,21,Medium,54.3,73.4,2025-09-21 04:00:00
STU00180,Web Development,81.3,77.9,5,3.1,63.1,88.5,76.0,81.3,11,Hard,52.4,72.6,2025-09-25 04:00:00
STU00180,Python,77.3,80.7,6,1.6,61.2,97.4,81.3,77.3,23,Medium,57.1,74.5,2025-09-29 04:00:00
STU00180,Data Structures,95.6,97.4,7,2.8,56.3,96.3,77.3,95.6,23,Easy,51.2,85.9,2025-10-03 08:00:00
STU00180,Algorithms,89.5,92.9,8,1.7,57.2,95.8,95.6,89.5,10,Easy,51.6,76.5,2025-10-07 03:00:00
STU00180,Database,77.9,76.4,9,3.0,45.5,92.8,89.5,77.9,15,Medium,68.2,69.3,2025-10-11 03:00:00
STU00180,Web Development,74.1,78.3,10,2.8,56.5,100.0,77.9,74.1,15,Hard,53.4,72.3,2025-10-15 07:00:00
STU00180,Python,94.6,86.8,11,1.9,49.7,97.1,74.1,94.6,24,Medium,49.1,78.1,2025-10-19 02:00:00
STU00180,Data Structures,89.4,94.1,12,3.4,57.4,96.3,94.6,89.4,20,Easy,55.0,74.0,2025-10-23 05:00:00
STU00180,Algorithms,100.0,98.4,13,1.7,66.2,100.0,89.4,100.0,8,Easy,55.8,78.3,2025-10-27 03:00:00
STU00180,Database,86.9,88.5,14,2.9,55.4,98.3,100.0,86.9,13,Easy,56.9,78.3,2025-10-31 07:00:00
STU00180,Web Development,92.2,86.9,15,3.5,51.4,96.0,86.9,92.2,21,Medium,58.5,73.6,2025-11-04 06:00:00
STU00180,Python,86.4,84.3,16,3.0,47.1,98.1,92.2,86.4,17,Medium,59.6,75.9,2025-11-08 05:00:00
STU00180,Data Structures,91.6,88.1,17,2.1,55.5,100.0,86.4,91.6,19,Medium,54.5,74.8,2025-11-12 05:00:00
STU00180,Algorithms,91.7,90.3,18,3.7,55.1,96.7,91.6,91.7,16,Easy,60.6,73.0,2025-11-16 07:00:00
STU00180,Database,96.4,98.0,19,3.2,49.8,96.3,91.7,96.4,13,Easy,58.0,79.2,2025-11-20 07:00:00
STU00180,Web Development,90.1,89.8,20,2.4,61.8,91.2,96.4,90.1,9,Easy,62.5,83.7,2025-11-24 03:00:00
STU00181,Python,72.9,76.0,1,3.5,79.5,94.1,57.8,72.9,23,Medium,56.2,79.9,2025-09-11 07:00:00
STU00181,Data Structures,71.7,73.1,2,2.4,72.9,96.8,72.9,71.7,24,Medium,49.7,78.4,2025-09-15 08:00:00
STU00181,Algorithms,51.8,51.7,3,2.8,71.5,93.1,71.7,51.8,10,Hard,57.0,79.8,2025-09-19 01:00:00
STU00181,Database,76.2,74.4,4,2.4,86.0,97.2,51.8,76.2,20,Easy,53.8,77.0,2025-09-23 06:00:00
STU00181,Web Development,84.1,82.4,5,1.7,86.7,95.6,76.2,84.1,23,Medium,53.2,68.4,2025-09-27 06:00:00
STU00181,Python,82.1,79.9,6,2.0,71.0,88.4,84.1,82.1,17,Easy,60.3,77.8,2025-10-01 01:00:00
STU00181,Data Structures,75.3,77.8,7,2.5,81.8,94.0,82.1,75.3,10,Medium,55.0,72.1,2025-10-05 02:00:00
STU00181,Algorithms,67.5,69.2,8,2.2,67.5,98.8,75.3,67.5,10,Medium,53.1,74.1,2025-10-09 04:00:00
STU00181,Database,72.9,78.4,9,3.9,69.6,98.2,67.5,72.9,19,Medium,55.9,81.3,2025-10-13 07:00:00
STU00181,Web Development,87.1,87.1,10,2.4,73.8,99.9,72.9,87.1,13,Medium,57.8,71.1,2025-10-17 07:00:00
STU00181,Python,84.7,83.2,11,3.6,71.4,89.0,87.1,84.7,24,Medium,53.0,75.0,2025-10-21 01:00:00
STU00181,Data Structures,80.9,80.5,12,2.1,70.6,99.1,84.7,80.9,18,Easy,62.1,78.7,2025-10-25 07:00:00
STU00181,Algorithms,79.6,76.3,13,1.6,76.4,100.0,80.9,79.6,14,Easy,60.4,70.6,2025-10-29 05:00:00
STU00181,Database,86.1,85.3,14,3.5,68.8,100.0,79.6,86.1,18,Easy,54.4,78.1,2025-11-02 01:00:00
STU00181,Web Development,78.0,75.5,15,3.6,72.0,90.4,86.1,78.0,15,Hard,61.8,76.3,2025-11-06 07:00:00
STU00181,Python,90.9,91.4,16,1.7,69.1,93.3,78.0,90.9,9,Easy,55.8,77.2,2025-11-10 08:00:00
STU00181,Data Structures,82.8,82.9,17,3.5,65.0,90.2,90.9,82.8,12,Medium,56.0,72.2,2025-11-14 07:00:00
STU00181,Algorithms,66.8,68.6,18,2.3,55.0,98.4,82.8,66.8,12,Medium,61.8,75.3,2025-11-18 06:00:00
STU00181,Database,86.3,82.3,19,3.7,71.8,98.3,66.8,86.3,25,Easy,60.8,72.1,2025-11-22 07:00:00
STU00181,Web Development,75.1,78.4,20,2.1,65.6,98.0,86.3,75.1,25,Medium,48.8,73.3,2025-11-26 07:00:00
STU00182,Python,66.6,65.8,1,2.2,75.2,95.5,44.7,66.6,9,Hard,56.0,74.9,2025-09-06 05:00:00
STU00182,Data Structures,75.6,76.0,2,3.0,78.7,100.0,66.6,75.6,13,Easy,56.6,72.8,2025-09-10 01:00:00
STU00182,Algorithms,60.3,61.9,3,1.8,78.1,100.0,75.6,60.3,15,Medium,57.3,74.6,2025-09-14 01:00:00
STU00182,Database,73.3,74.6,4,1.8,84.8,92.1,60.3,73.3,19,Easy,55.2,72.8,2025-09-18 01:00:00
STU00182,Web Development,53.8,53.4,5,3.1,70.0,89.6,73.3,53.8,13,Hard,63.6,73.4,2025-09-22 08:00:00
STU00182,Python,78.4,78.4,6,3.4,79.0,87.8,53.8,78.4,15,Medium,69.2,80.0,2025-09-26 08:00:00
STU00182,Data Structures,76.7,74.0,7,3.3,81.5,91.7,78.4,76.7,20,Easy,65.5,69.7,2025-09-30 07:00:00
STU00182,Algorithms,74.0,66.9,8,1.9,78.5,93.0,76.7,74.0,24,Easy,58.8,74.3,2025-10-04 05:00:00
STU00182,Database,64.9,68.4,9,2.6,78.3,92.2,74.0,64.9,17,Medium,58.4,83.7,2025-10-08 04:00:00
STU00182,Web Development,58.9,60.9,10,1.8,72.9,91.8,64.9,58.9,9,Medium,64.4,70.5,2025-10-12 02:00:00
STU00182,Python,65.8,70.0,11,3.8,76.6,95.5,58.9,65.8,8,Medium,61.0,68.6,2025-10-16 01:00:00
STU00182,Data Structures,84.2,82.0,12,2.4,67.7,94.1,65.8,84.2,9,Easy,61.2,74.2,2025-10-20 03:00:00
STU00182,Algorithms,51.8,54.4,13,3.5,82.1,95.3,84.2,51.8,11,Hard,64.8,71.3,2025-10-24 06:00:00
STU00182,Database,65.4,68.6,14,2.8,79.6,94.7,51.8,65.4,13,Medium,52.4,74.7,2025-10-28 04:00:00
STU00182,Web Development,60.5,63.3,15,3.6,75.7,97.2,65.4,60.5,10,Medium,56.7,72.8,2025-11-01 06:00:00
STU00182,Python,89.7,86.7,16,3.3,86.2,92.2,60.5,89.7,19,Medium,63.5,75.2,2025-11-05 02:00:00
STU00182,Data Structures,82.8,78.8,17,3.8,89.7,94.5,89.7,82.8,13,Easy,57.2,70.9,2025-11-09 03:00:00
STU00182,Algorithms,67.7,65.7,18,3.7,73.1,100.0,82.8,67.7,12,Easy,62.6,67.3,2025-11-13 04:00:00
STU00182,Database,67.4,70.5,19,3.2,70.5,96.3,67.7,67.4,9,Medium,64.5,76.3,2025-11-17 03:00:00
STU00182,Web Development,54.4,58.2,20,3.2,83.1,85.0,67.4,54.4,18,Medium,63.7,69.8,2025-11-21 03:00:00
STU00183,Python,72.3,72.6,1,2.6,79.0,96.3,55.8,72.3,16,Easy,75.4,62.7,2025-09-07 05:00:00
STU00183,Data Structures,72.7,73.3,2,3.2,64.7,92.7,72.3,72.7,16,Medium,78.2,68.3,2025-09-11 06:00:00
STU00183,Algorithms,80.3,79.0,3,2.5,88.3,95.8,72.7,80.3,21,Medium,79.1,70.7,2025-09-15 06:00:00
STU00183,Database,62.9,64.2,4,2.1,82.7,95.0,80.3,62.9,25,Medium,74.2,70.5,2025-09-19 05:00:00
STU00183,Web Development,86.6,86.2,5,2.3,78.1,93.7,62.9,86.6,13,Easy,75.9,60.8,2025-09-23 04:00:00
STU00183,Python,90.1,93.5,6,2.9,80.0,100.0,86.6,90.1,18,Easy,72.6,62.3,2025-09-27 01:00:00
STU00183,Data Structures,74.9,79.1,7,3.9,79.3,92.6,90.1,74.9,20,Easy,80.0,73.7,2025-10-01 06:00:00
STU00183,Algorithms,82.4,76.7,8,4.0,84.3,87.4,74.9,82.4,17,Medium,71.7,64.7,2025-10-05 06:00:00
STU00183,Database,59.6,64.9,9,3.5,72.0,92.0,82.4,59.6,17,Medium,75.0,68.1,2025-10-09 06:00:00
STU00183,Web Development,80.1,80.4,10,2.9,74.6,94.5,59.6,80.1,24,Easy,75.4,66.9,2025-10-13 06:00:00
STU00183,Python,82.4,84.4,11,2.6,80.6,100.0,80.1,82.4,10,Medium,69.9,65.2,2025-10-17 06:00:00
STU00183,Data Structures,74.8,78.4,12,2.5,80.3,89.1,82.4,74.8,8,Medium,78.0,61.3,2025-10-21 06:00:00
STU00183,Algorithms,76.2,71.7,13,3.1,82.9,95.1,74.8,76.2,13,Hard,65.8,70.2,2025-10-25 08:00:00
STU00183,Database,75.9,71.2,14,2.9,80.9,95.4,76.2,75.9,23,Easy,68.6,76.6,2025-10-29 03:00:00
STU00183,Web Development,91.3,95.4,15,3.7,81.8,94.7,75.9,91.3,8,Easy,69.7,61.6,2025-11-02 05:00:00
STU00183,Python,82.4,83.0,16,2.2,80.4,87.8,91.3,82.4,16,Medium,79.3,67.5,2025-11-06 02:00:00
STU00183,Data Structures,70.1,71.2,17,3.2,81.2,96.7,82.4,70.1,14,Medium,74.9,62.5,2025-11-10 03:00:00
STU00183,Algorithms,94.6,93.3,18,3.5,75.1,97.1,70.1,94.6,21,Medium,79.7,70.0,2025-11-14 07:00:00
STU00183,Database,60.0,59.0,19,2.7,72.0,93.4,94.6,60.0,22,Medium,72.6,70.3,2025-11-18 01:00:00
STU00183,Web Development,73.7,79.5,20,3.4,78.6,95.0,60.0,73.7,20,Medium,81.7,71.0,2025-11-22 04:00:00
STU00184,Python,96.6,98.2,1,4.1,55.2,99.0,74.5,96.6,12,Easy,82.7,100.0,2025-09-13 05:00:00
STU00184,Data Structures,94.4,94.7,2,2.1,60.0,96.2,96.6,94.4,21,Easy,75.4,95.7,2025-09-17 08:00:00
STU00184,Algorithms,84.2,85.4,3,2.6,52.5,94.7,94.4,84.2,22,Hard,83.8,98.7,2025-09-21 05:00:00
STU00184,Database,86.3,90.5,4,3.8,50.0,91.3,84.2,86.3,19,Medium,81.2,90.9,2025-09-25 07:00:00
STU00184,Web Development,86.3,82.6,5,3.1,58.0,95.4,86.3,86.3,15,Medium,77.3,96.7,2025-09-29 06:00:00
STU00184,Python,97.6,100.0,6,4.3,64.5,93.9,86.3,97.6,8,Medium,83.7,87.9,2025-10-03 04:00:00
STU00184,Data Structures,82.6,83.3,7,4.1,51.1,97.6,97.6,82.6,9,Medium,77.7,93.2,2025-10-07 04:00:00
STU00184,Algorithms,100.0,100.0,8,3.4,59.2,95.7,82.6,100.0,9,Easy,83.2,94.1,2025-10-11 08:00:00
STU00184,Database,93.3,88.8,9,3.9,48.9,96.3,100.0,93.3,10,Easy,83.5,93.1,2025-10-15 03:00:00
STU00184,Web Development,92.6,93.9,10,4.5,54.7,97.5,93.3,92.6,19,Easy,79.2,93.9,2025-10-19 03:00:00
STU00184,Python,81.8,87.3,11,3.4,60.3,91.1,92.6,81.8,16,Hard,70.7,90.5,2025-10-23 01:00:00
STU00184,Data Structures,82.0,88.0,12,2.2,54.8,98.3,81.8,82.0,8,Medium,78.9,99.9,2025-10-27 04:00:00
STU00184,Algorithms,95.3,100.0,13,4.3,52.9,96.3,82.0,95.3,22,Easy,84.1,96.6,2025-10-31 02:00:00
STU00184,Database,100.0,100.0,14,3.6,45.9,96.2,95.3,100.0,21,Easy,89.6,92.6,2025-11-04 03:00:00
STU00184,Web Development,92.7,91.7,15,3.6,53.5,95.4,100.0,92.7,8,Easy,85.4,92.1,2025-11-08 07:00:00
STU00184,Python,98.8,100.0,16,3.2,51.1,100.0,92.7,98.8,17,Easy,76.2,96.3,2025-11-12 04:00:00
STU00184,Data Structures,92.2,90.5,17,3.1,58.7,92.8,98.8,92.2,23,Medium,79.4,86.9,2025-11-16 04:00:00
STU00184,Algorithms,100.0,100.0,18,3.0,51.5,97.3,92.2,100.0,15,Medium,77.3,88.6,2025-11-20 01:00:00
STU00184,Database,100.0,100.0,19,3.8,59.2,93.7,100.0,100.0,10,Easy,73.1,100.0,2025-11-24 02:00:00
STU00184,Web Development,91.8,96.0,20,2.6,50.4,100.0,100.0,91.8,23,Medium,82.8,92.8,2025-11-28 07:00:00
STU00185,Python,81.2,84.8,1,4.4,48.4,94.6,72.4,81.2,13,Easy,88.2,87.6,2025-09-14 02:00:00
STU00185,Data Structures,90.8,90.3,2,4.1,48.5,94.5,81.2,90.8,25,Easy,100.0,93.0,2025-09-18 04:00:00
STU00185,Algorithms,92.6,94.5,3,2.6,45.4,95.6,90.8,92.6,24,Easy,89.1,89.7,2025-09-22 04:00:00
STU00185,Database,87.3,88.6,4,3.8,44.0,95.5,92.6,87.3,25,Easy,91.3,89.8,2025-09-26 01:00:00
STU00185,Web Development,90.4,86.5,5,2.5,43.6,96.9,87.3,90.4,17,Medium,93.8,89.5,2025-09-30 03:00:00
STU00185,Python,82.2,81.3,6,3.8,51.8,95.9,90.4,82.2,16,Medium,92.4,89.3,2025-10-04 03:00:00
STU00185,Data Structures,96.7,90.8,7,2.5,42.7,94.7,82.2,96.7,25,Medium,98.0,87.5,2025-10-08 07:00:00
STU00185,Algorithms,91.8,95.8,8,4.4,46.7,91.9,96.7,91.8,22,Easy,89.0,92.5,2025-10-12 03:00:00
STU00185,Database,87.2,84.1,9,4.4,51.4,98.5,91.8,87.2,10,Easy,93.1,89.9,2025-10-16 02:00:00
STU00185,Web Development,100.0,99.5,10,2.8,44.5,94.2,87.2,100.0,18,Easy,95.5,89.7,2025-10-20 08:00:00
STU00185,Python,88.8,88.9,11,3.0,43.4,99.1,100.0,88.8,17,Easy,98.4,93.0,2025-10-24 04:00:00
STU00185,Data Structures,100.0,99.8,12,2.6,42.6,97.7,88.8,100.0,13,Easy,89.4,83.5,2025-10-28 03:00:00
STU00185,Algorithms,89.0,81.8,13,3.9,39.8,94.1,100.0,89.0,8,Hard,90.4,82.6,2025-11-01 04:00:00
STU00185,Database,86.7,89.4,14,3.0,46.0,93.3,89.0,86.7,11,Easy,96.4,90.0,2025-11-05 08:00:00
STU00185,Web Development,75.3,80.6,15,3.6,47.9,90.8,86.7,75.3,15,Hard,97.9,88.4,2025-11-09 05:00:00
STU00185,Python,90.0,94.4,16,2.3,39.8,95.3,75.3,90.0,22,Easy,100.0,88.8,2025-11-13 06:00:00
STU00185,Data Structures,98.2,93.4,17,3.5,45.7,93.4,90.0,98.2,22,Easy,93.7,94.2,2025-11-17 05:00:00
STU00185,Algorithms,98.8,99.4,18,4.0,49.4,91.6,98.2,98.8,13,Easy,97.5,94.6,2025-11-21 07:00:00
STU00185,Database,84.6,86.6,19,3.4,44.5,97.2,98.8,84.6,15,Easy,91.7,90.3,2025-11-25 03:00:00
STU00185,Web Development,83.3,85.9,20,3.3,47.2,93.7,84.6,83.3,20,Medium,93.6,91.9,2025-11-29 07:00:00
STU00186,Python,86.1,87.0,1,3.0,28.2,94.3,72.2,86.1,13,Easy,81.7,83.0,2025-09-12 03:00:00
STU00186,Data Structures,97.3,94.2,2,2.2,36.0,93.9,86.1,97.3,21,Easy,78.2,87.6,2025-09-16 03:00:00
STU00186,Algorithms,83.9,82.4,3,3.0,38.0,97.1,97.3,83.9,19,Easy,84.1,83.7,2025-09-20 01:00:00
STU00186,Database,82.2,83.6,4,3.8,31.4,93.4,83.9,82.2,17,Medium,85.8,81.1,2025-09-24 07:00:00
STU00186,Web Development,83.3,85.4,5,2.4,37.1,93.2,82.2,83.3,25,Easy,74.6,89.2,2025-09-28 06:00:00
STU00186,Python,84.4,87.7,6,3.9,39.7,93.6,83.3,84.4,24,Easy,76.0,88.6,2025-10-02 03:00:00
STU00186,Data Structures,85.7,81.3,7,3.6,34.6,93.3,84.4,85.7,21,Hard,85.1,91.4,2025-10-06 06:00:00
STU00186,Algorithms,92.4,92.2,8,3.7,36.5,98.3,85.7,92.4,16,Easy,79.4,83.4,2025-10-10 01:00:00
STU00186,Database,79.7,85.2,9,2.7,25.7,97.2,92.4,79.7,13,Hard,78.9,86.6,2025-10-14 02:00:00
STU00186,Web Development,87.5,88.1,10,2.2,46.9,92.0,79.7,87.5,23,Easy,77.0,85.3,2025-10-18 06:00:00
STU00186,Python,87.5,89.9,11,2.6,37.7,90.6,87.5,87.5,13,Medium,75.9,91.1,2025-10-22 07:00:00
STU00186,Data Structures,100.0,100.0,12,3.6,43.9,94.4,87.5,100.0,25,Easy,79.8,88.0,2025-10-26 08:00:00
STU00186,Algorithms,89.7,91.1,13,2.5,34.4,89.1,100.0,89.7,18,Medium,74.6,90.7,2025-10-30 03:00:00
STU00186,Database,97.1,100.0,14,4.2,29.8,95.4,89.7,97.1,25,Easy,79.5,96.0,2025-11-03 01:00:00
STU00186,Web Development,84.0,85.2,15,4.0,30.1,96.6,97.1,84.0,13,Easy,78.8,94.2,2025-11-07 05:00:00
STU00186,Python,100.0,100.0,16,2.9,29.9,94.5,84.0,100.0,22,Medium,83.2,86.7,2025-11-11 05:00:00
STU00186,Data Structures,95.0,97.0,17,3.2,29.8,95.2,100.0,95.0,17,Medium,75.9,87.8,2025-11-15 08:00:00
STU00186,Algorithms,98.1,100.0,18,3.3,28.3,96.8,95.0,98.1,25,Easy,72.7,82.9,2025-11-19 02:00:00
STU00186,Database,90.3,89.2,19,3.0,30.0,99.4,98.1,90.3,10,Hard,73.0,88.5,2025-11-23 03:00:00
STU00186,Web Development,90.2,87.7,20,4.2,27.1,95.5,90.3,90.2,15,Easy,81.9,95.5,2025-11-27 07:00:00
STU00187,Python,45.7,42.0,1,2.6,92.9,100.0,39.9,45.7,24,Hard,54.6,60.8,2025-09-18 07:00:00
STU00187,Data Structures,66.6,66.2,2,1.6,108.2,98.3,45.7,66.6,20,Easy,54.7,57.6,2025-09-22 04:00:00
STU00187,Algorithms,57.1,57.2,3,2.2,100.7,91.6,66.6,57.1,17,Easy,53.8,61.4,2025-09-26 02:00:00
STU00187,Database,61.3,60.3,4,2.5,106.3,90.4,57.1,61.3,21,Medium,54.1,58.3,2025-09-30 02:00:00
STU00187,Web Development,36.6,38.9,5,2.0,98.0,88.8,61.3,36.6,19,Hard,54.9,57.4,2025-10-04 05:00:00
STU00187,Python,64.9,66.6,6,2.1,108.1,94.0,36.6,64.9,10,Easy,52.9,56.8,2025-10-08 08:00:00
STU00187,Data Structures,66.5,66.4,7,3.2,95.7,97.5,64.9,66.5,17,Medium,59.4,59.5,2025-10-12 01:00:00
STU00187,Algorithms,63.5,64.5,8,2.8,99.5,92.4,66.5,63.5,16,Medium,57.7,64.6,2025-10-16 05:00:00
STU00187,Database,64.3,60.2,9,3.4,92.3,100.0,63.5,64.3,25,Medium,51.5,57.3,2025-10-20 07:00:00
STU00187,Web Development,70.6,66.9,10,3.2,106.0,91.3,64.3,70.6,18,Easy,55.6,60.3,2025-10-24 05:00:00
STU00187,Python,62.5,61.2,11,3.3,108.9,92.6,70.6,62.5,9,Easy,56.4,59.7,2025-10-28 06:00:00
STU00187,Data Structures,71.3,71.3,12,2.3,107.8,92.2,62.5,71.3,12,Easy,67.8,53.3,2025-11-01 05:00:00
STU00187,Algorithms,39.0,40.9,13,2.6,98.2,93.3,71.3,39.0,11,Hard,54.3,57.3,2025-11-05 02:00:00
STU00187,Database,70.2,64.2,14,1.8,94.4,94.2,39.0,70.2,19,Easy,54.0,58.8,2025-11-09 03:00:00
STU00187,Web Development,60.7,60.9,15,3.3,105.8,100.0,70.2,60.7,24,Medium,63.2,62.8,2025-11-13 05:00:00
STU00187,Python,69.4,68.7,16,2.5,106.0,100.0,60.7,69.4,16,Easy,57.5,56.9,2025-11-17 05:00:00
STU00187,Data Structures,68.7,67.9,17,3.3,104.4,96.5,69.4,68.7,16,Medium,50.3,53.0,2025-11-21 03:00:00
STU00187,Algorithms,57.6,57.7,18,3.1,99.9,95.3,68.7,57.6,17,Medium,56.6,63.2,2025-11-25 07:00:00
STU00187,Database,72.4,73.4,19,3.9,104.4,100.0,57.6,72.4,20,Easy,55.9,66.7,2025-11-29 03:00:00
STU00187,Web Development,58.8,59.1,20,1.9,105.4,98.1,72.4,58.8,10,Medium,56.3,66.2,2025-12-03 04:00:00
STU00188,Python,61.0,62.1,1,3.3,83.4,98.3,41.7,61.0,23,Easy,45.3,44.9,2025-09-14 01:00:00
STU00188,Data Structures,54.7,56.9,2,3.7,88.6,96.1,61.0,54.7,10,Hard,56.3,39.8,2025-09-18 01:00:00
STU00188,Algorithms,49.7,50.5,3,2.7,84.9,93.0,54.7,49.7,16,Easy,48.4,44.4,2025-09-22 06:00:00
STU00188,Database,68.1,68.7,4,2.0,78.5,97.8,49.7,68.1,15,Medium,38.6,42.6,2025-09-26 02:00:00
STU00188,Web Development,65.0,62.9,5,2.9,75.8,96.8,68.1,65.0,20,Medium,42.9,42.3,2025-09-30 06:00:00
STU00188,Python,63.4,64.8,6,3.6,82.6,94.8,65.0,63.4,12,Medium,40.7,45.1,2025-10-04 05:00:00
STU00188,Data Structures,65.3,67.2,7,1.8,82.7,94.3,63.4,65.3,21,Easy,42.2,39.3,2025-10-08 06:00:00
STU00188,Algorithms,45.7,49.4,8,3.1,75.1,100.0,65.3,45.7,23,Medium,48.4,37.9,2025-10-12 03:00:00
STU00188,Database,71.6,69.5,9,1.5,74.7,98.6,45.7,71.6,11,Easy,49.0,37.3,2025-10-16 08:00:00
STU00188,Web Development,64.1,66.5,10,2.1,73.6,91.3,71.6,64.1,10,Medium,50.3,33.5,2025-10-20 03:00:00
STU00188,Python,66.5,64.0,11,1.8,82.3,96.8,64.1,66.5,21,Medium,40.1,34.8,2025-10-24 02:00:00
STU00188,Data Structures,72.1,70.3,12,2.3,83.5,97.4,66.5,72.1,12,Easy,45.4,45.5,2025-10-28 03:00:00
STU00188,Algorithms,57.4,57.9,13,1.7,86.7,98.6,72.1,57.4,13,Easy,38.2,41.2,2025-11-01 05:00:00
STU00188,Database,56.2,60.6,14,2.9,80.0,92.2,57.4,56.2,15,Medium,44.3,37.4,2025-11-05 07:00:00
STU00188,Web Development,78.0,78.0,15,2.2,78.4,90.2,56.2,78.0,21,Easy,43.3,35.7,2025-11-09 05:00:00
STU00188,Python,62.1,68.5,16,3.0,71.7,96.5,78.0,62.1,19,Easy,44.3,44.4,2025-11-13 05:00:00
STU00188,Data Structures,65.5,66.2,17,1.6,81.3,100.0,62.1,65.5,20,Easy,48.3,44.4,2025-11-17 04:00:00
STU00188,Algorithms,51.2,48.3,18,3.3,72.8,97.2,65.5,51.2,14,Hard,39.2,45.2,2025-11-21 05:00:00
STU00188,Database,68.9,69.8,19,2.6,71.9,96.4,51.2,68.9,13,Easy,43.0,40.4,2025-11-25 03:00:00
STU00188,Web Development,71.3,72.3,20,4.0,90.7,92.4,68.9,71.3,14,Easy,37.0,41.9,2025-11-29 04:00:00
STU00189,Python,86.2,87.5,1,2.2,68.9,96.6,58.6,86.2,13,Medium,66.4,78.6,2025-09-14 05:00:00
STU00189,Data Structures,70.7,74.0,2,3.6,56.9,92.9,86.2,70.7,15,Medium,66.9,64.3,2025-09-18 06:00:00
STU00189,Algorithms,95.8,89.3,3,3.2,68.8,100.0,70.7,95.8,16,Easy,68.6,73.7,2025-09-22 06:00:00
STU00189,Database,72.4,76.4,4,2.0,56.3,94.3,95.8,72.4,19,Medium,62.1,66.2,2025-09-26 01:00:00
STU00189,Web Development,78.7,81.1,5,2.4,55.4,95.6,72.4,78.7,9,Easy,49.5,67.1,2025-09-30 06:00:00
STU00189,Python,95.9,91.0,6,3.2,70.1,95.4,78.7,95.9,25,Medium,54.4,71.7,2025-10-04 07:00:00
STU00189,Data Structures,76.9,79.6,7,2.6,55.0,96.2,95.9,76.9,19,Medium,64.5,72.6,2025-10-08 05:00:00
STU00189,Algorithms,84.4,85.2,8,2.4,52.8,92.6,76.9,84.4,12,Medium,60.6,65.9,2025-10-12 01:00:00
STU00189,Database,78.8,75.5,9,3.5,56.7,90.3,84.4,78.8,11,Medium,63.6,61.4,2025-10-16 01:00:00
STU00189,Web Development,76.8,74.4,10,3.1,65.0,94.7,78.8,76.8,21,Hard,53.7,70.6,2025-10-20 01:00:00
STU00189,Python,92.0,98.5,11,3.3,56.6,93.6,76.8,92.0,9,Medium,61.8,72.0,2025-10-24 05:00:00
STU00189,Data Structures,79.9,84.9,12,3.9,66.1,98.5,92.0,79.9,16,Easy,65.6,62.5,2025-10-28 03:00:00
STU00189,Algorithms,76.6,74.6,13,3.7,57.1,86.8,79.9,76.6,14,Hard,58.1,68.3,2025-11-01 05:00:00
STU00189,Database,72.3,74.0,14,3.6,58.8,96.6,76.6,72.3,8,Easy,55.6,62.0,2025-11-05 06:00:00
STU00189,Web Development,100.0,100.0,15,1.9,53.6,100.0,72.3,100.0,20,Easy,61.1,72.1,2025-11-09 08:00:00
STU00189,Python,87.7,86.1,16,2.5,61.2,99.7,100.0,87.7,15,Medium,72.8,70.4,2025-11-13 01:00:00
STU00189,Data Structures,81.2,80.9,17,1.6,78.0,100.0,87.7,81.2,17,Medium,61.2,67.7,2025-11-17 07:00:00
STU00189,Algorithms,85.7,84.6,18,2.8,58.7,100.0,81.2,85.7,8,Medium,64.8,68.3,2025-11-21 02:00:00
STU00189,Database,76.3,77.4,19,1.9,60.8,96.4,85.7,76.3,17,Medium,63.9,66.6,2025-11-25 01:00:00
STU00189,Web Development,100.0,100.0,20,2.2,61.9,93.9,76.3,100.0,10,Easy,62.8,68.2,2025-11-29 05:00:00
STU00190,Python,38.1,42.1,1,2.2,80.4,97.9,30.0,38.1,10,Medium,55.3,48.4,2025-09-17 06:00:00
STU00190,Data Structures,50.7,52.1,2,3.2,90.1,97.8,38.1,50.7,25,Easy,54.3,48.9,2025-09-21 06:00:00
STU00190,Algorithms,47.8,49.6,3,3.3,83.3,92.5,50.7,47.8,19,Easy,53.4,45.6,2025-09-25 01:00:00
STU00190,Database,48.4,47.1,4,3.1,91.8,92.7,47.8,48.4,13,Easy,59.2,46.4,2025-09-29 02:00:00
STU00190,Web Development,51.0,44.9,5,2.0,83.8,95.1,48.4,51.0,9,Medium,44.3,44.3,2025-10-03 06:00:00
STU00190,Python,43.0,42.4,6,2.8,79.2,94.0,51.0,43.0,21,Medium,54.8,45.8,2025-10-07 04:00:00
STU00190,Data Structures,45.4,45.1,7,3.8,79.0,89.5,43.0,45.4,15,Medium,57.2,40.2,2025-10-11 02:00:00
STU00190,Algorithms,41.2,40.2,8,3.5,73.6,91.9,45.4,41.2,13,Hard,59.7,40.8,2025-10-15 08:00:00
STU00190,Database,36.6,38.2,9,3.3,80.9,92.5,41.2,36.6,24,Hard,47.6,50.4,2025-10-19 02:00:00
STU00190,Web Development,52.8,55.2,10,3.5,78.5,97.6,36.6,52.8,18,Easy,56.7,45.6,2025-10-23 07:00:00
STU00190,Python,55.0,48.0,11,2.6,74.6,92.7,52.8,55.0,21,Easy,59.7,44.5,2025-10-27 02:00:00
STU00190,Data Structures,46.3,50.2,12,3.3,77.5,90.7,55.0,46.3,16,Easy,58.2,53.7,2025-10-31 08:00:00
STU00190,Algorithms,53.6,50.7,13,2.6,84.5,96.9,46.3,53.6,24,Medium,54.9,45.6,2025-11-04 01:00:00
STU00190,Database,48.6,49.5,14,3.2,80.4,93.3,53.6,48.6,11,Medium,60.1,47.5,2025-11-08 03:00:00
STU00190,Web Development,53.5,50.3,15,1.7,76.9,89.4,48.6,53.5,8,Easy,62.2,51.4,2025-11-12 03:00:00
STU00190,Python,43.9,48.4,16,2.5,79.7,91.6,53.5,43.9,25,Medium,59.3,45.6,2025-11-16 07:00:00
STU00190,Data Structures,52.0,52.5,17,2.2,72.1,90.0,43.9,52.0,13,Medium,52.5,42.7,2025-11-20 08:00:00
STU00190,Algorithms,56.0,56.6,18,2.8,78.9,100.0,52.0,56.0,14,Easy,57.9,42.7,2025-11-24 06:00:00
STU00190,Database,49.6,43.8,19,2.6,79.1,91.5,56.0,49.6,8,Easy,54.8,47.5,2025-11-28 01:00:00
STU00190,Web Development,56.1,57.0,20,2.0,68.1,97.8,49.6,56.1,19,Easy,61.7,49.5,2025-12-02 01:00:00
STU00191,Python,92.5,92.3,1,3.1,77.0,93.4,66.5,92.5,9,Easy,59.3,73.0,2025-09-13 02:00:00
STU00191,Data Structures,74.3,80.7,2,3.0,62.8,94.1,92.5,74.3,24,Medium,60.8,73.0,2025-09-17 03:00:00
STU00191,Algorithms,80.9,79.5,3,3.9,71.4,96.1,74.3,80.9,23,Medium,57.6,73.7,2025-09-21 01:00:00
STU00191,Database,77.0,79.3,4,3.6,61.6,100.0,80.9,77.0,11,Hard,58.7,76.1,2025-09-25 03:00:00
STU00191,Web Development,85.6,84.4,5,3.6,57.9,100.0,77.0,85.6,9,Hard,62.0,76.9,2025-09-29 07:00:00
STU00191,Python,83.4,78.9,6,3.6,69.0,91.5,85.6,83.4,10,Medium,63.2,70.4,2025-10-03 08:00:00
STU00191,Data Structures,88.6,88.5,7,1.8,74.8,96.8,83.4,88.6,8,Easy,62.2,77.1,2025-10-07 01:00:00
STU00191,Algorithms,100.0,95.9,8,2.8,70.7,92.5,88.6,100.0,11,Easy,62.5,68.6,2025-10-11 01:00:00
STU00191,Database,82.1,85.7,9,3.5,72.3,97.7,100.0,82.1,10,Medium,56.6,70.5,2025-10-15 07:00:00
STU00191,Web Development,89.5,90.9,10,3.5,65.6,100.0,82.1,89.5,20,Easy,60.0,68.1,2025-10-19 03:00:00
STU00191,Python,86.2,85.0,11,2.6,66.7,95.3,89.5,86.2,16,Easy,62.3,65.4,2025-10-23 01:00:00
STU00191,Data Structures,87.6,89.5,12,3.1,70.8,91.7,86.2,87.6,18,Easy,53.5,67.9,2025-10-27 06:00:00
STU00191,Algorithms,92.6,91.3,13,3.9,62.9,93.7,87.6,92.6,14,Easy,58.8,68.5,2025-10-31 05:00:00
STU00191,Database,99.2,100.0,14,1.9,58.0,93.7,92.6,99.2,21,Easy,65.8,75.2,2025-11-04 05:00:00
STU00191,Web Development,96.3,100.0,15,3.4,70.4,92.8,99.2,96.3,9,Easy,55.3,67.0,2025-11-08 06:00:00
STU00191,Python,84.7,88.8,16,2.6,67.0,93.1,96.3,84.7,14,Medium,59.5,70.3,2025-11-12 01:00:00
STU00191,Data Structures,83.5,85.9,17,2.8,67.6,92.8,84.7,83.5,14,Easy,59.1,78.5,2025-11-16 02:00:00
STU00191,Algorithms,98.6,99.7,18,3.4,59.2,96.8,83.5,98.6,8,Easy,64.9,64.0,2025-11-20 07:00:00
STU00191,Database,95.9,97.0,19,2.3,72.2,92.1,98.6,95.9,13,Easy,60.3,70.3,2025-11-24 06:00:00
STU00191,Web Development,98.8,95.9,20,2.9,61.3,100.0,95.9,98.8,9,Medium,58.6,69.9,2025-11-28 05:00:00
STU00192,Python,71.9,67.8,1,2.5,73.6,96.5,46.3,71.9,20,Easy,66.2,63.3,2025-09-17 03:00:00
STU00192,Data Structures,72.8,71.6,2,3.2,67.4,99.4,71.9,72.8,22,Medium,68.6,70.3,2025-09-21 02:00:00
STU00192,Algorithms,62.7,67.1,3,2.8,67.3,94.5,72.8,62.7,9,Medium,56.2,74.1,2025-09-25 04:00:00
STU00192,Database,60.2,60.3,4,1.7,62.5,93.6,62.7,60.2,16,Hard,59.2,80.3,2025-09-29 04:00:00
STU00192,Web Development,74.6,74.9,5,2.7,69.1,93.1,60.2,74.6,19,Easy,70.1,75.8,2025-10-03 05:00:00
STU00192,Python,74.2,73.6,6,2.4,60.2,89.9,74.6,74.2,9,Easy,59.0,76.2,2025-10-07 08:00:00
STU00192,Data Structures,68.8,68.2,7,3.9,60.2,100.0,74.2,68.8,20,Hard,61.6,69.1,2025-10-11 07:00:00
STU00192,Algorithms,63.0,63.0,8,2.0,64.6,98.2,68.8,63.0,19,Hard,63.1,73.0,2025-10-15 07:00:00
STU00192,Database,63.3,60.5,9,1.7,62.7,100.0,63.0,63.3,13,Medium,66.0,74.0,2025-10-19 04:00:00
STU00192,Web Development,81.5,79.8,10,3.2,59.6,89.0,63.3,81.5,23,Medium,65.0,81.3,2025-10-23 02:00:00
STU00192,Python,79.2,78.6,11,2.1,67.7,97.0,81.5,79.2,8,Easy,64.1,73.9,2025-10-27 03:00:00
STU00192,Data Structures,76.9,83.2,12,3.2,70.8,92.4,79.2,76.9,21,Easy,65.1,70.9,2025-10-31 04:00:00
STU00192,Algorithms,70.9,70.3,13,2.3,66.3,95.0,76.9,70.9,23,Medium,63.2,71.5,2025-11-04 02:00:00
STU00192,Database,56.6,56.9,14,1.8,61.0,93.1,70.9,56.6,19,Hard,64.7,69.3,2025-11-08 07:00:00
STU00192,Web Development,72.8,68.4,15,2.7,58.7,97.8,56.6,72.8,16,Hard,58.9,81.0,2025-11-12 01:00:00
STU00192,Python,67.1,69.8,16,4.0,55.9,92.6,72.8,67.1,19,Easy,60.4,72.3,2025-11-16 07:00:00
STU00192,Data Structures,85.0,81.0,17,3.6,61.9,96.0,67.1,85.0,16,Medium,66.5,71.7,2025-11-20 07:00:00
STU00192,Algorithms,76.5,80.4,18,3.9,56.8,84.9,85.0,76.5,10,Easy,69.1,72.6,2025-11-24 08:00:00
STU00192,Database,64.4,67.9,19,1.7,65.8,91.3,76.5,64.4,18,Easy,64.8,73.5,2025-11-28 08:00:00
STU00192,Web Development,84.3,87.9,20,2.2,70.6,93.8,64.4,84.3,15,Easy,70.3,75.9,2025-12-02 08:00:00
STU00193,Python,41.6,47.6,1,3.1,99.2,93.5,31.8,41.6,9,Medium,52.7,44.9,2025-09-05 04:00:00
STU00193,Data Structures,32.4,33.1,2,1.9,84.4,96.7,41.6,32.4,11,Hard,53.9,50.0,2025-09-09 04:00:00
STU00193,Algorithms,58.8,55.6,3,1.8,92.9,93.4,32.4,58.8,23,Medium,59.2,55.0,2025-09-13 02:00:00
STU00193,Database,57.9,57.9,4,1.6,87.6,92.9,58.8,57.9,10,Easy,50.0,42.7,2025-09-17 07:00:00
STU00193,Web Development,39.8,42.9,5,2.3,87.0,91.4,57.9,39.8,25,Medium,51.7,45.2,2025-09-21 07:00:00
STU00193,Python,60.4,56.1,6,2.8,92.3,99.0,39.8,60.4,13,Medium,60.2,49.3,2025-09-25 07:00:00
STU00193,Data Structures,38.9,38.1,7,2.6,84.3,91.3,60.4,38.9,19,Medium,54.8,46.5,2025-09-29 08:00:00
STU00193,Algorithms,54.1,51.7,8,1.9,72.3,94.8,38.9,54.1,8,Medium,57.5,43.4,2025-10-03 02:00:00
STU00193,Database,63.5,61.1,9,4.0,77.4,96.1,54.1,63.5,11,Easy,60.5,45.1,2025-10-07 06:00:00
STU00193,Web Development,45.3,44.3,10,1.8,87.5,94.3,63.5,45.3,10,Medium,59.1,35.7,2025-10-11 08:00:00
STU00193,Python,50.2,49.6,11,3.2,93.0,100.0,45.3,50.2,14,Medium,63.3,50.4,2025-10-15 05:00:00
STU00193,Data Structures,56.7,50.8,12,1.9,88.3,95.5,50.2,56.7,15,Easy,59.9,45.2,2025-10-19 03:00:00
STU00193,Algorithms,54.2,52.6,13,2.2,85.2,97.0,56.7,54.2,10,Medium,55.5,51.1,2025-10-23 06:00:00
STU00193,Database,56.6,60.0,14,2.1,85.6,90.6,54.2,56.6,19,Medium,51.7,48.5,2025-10-27 03:00:00
STU00193,Web Development,60.0,58.4,15,3.5,90.1,98.3,56.6,60.0,20,Easy,59.6,38.4,2025-10-31 07:00:00
STU00193,Python,41.1,41.6,16,3.9,81.7,96.6,60.0,41.1,21,Hard,51.9,40.3,2025-11-04 05:00:00
STU00193,Data Structures,45.2,45.3,17,3.2,89.9,93.9,41.1,45.2,12,Medium,58.6,38.2,2025-11-08 04:00:00
STU00193,Algorithms,53.6,50.3,18,1.6,98.9,100.0,45.2,53.6,17,Medium,60.3,50.3,2025-11-12 03:00:00
STU00193,Database,56.6,58.7,19,2.2,91.3,100.0,53.6,56.6,18,Medium,62.1,47.6,2025-11-16 08:00:00
STU00193,Web Development,38.2,40.5,20,2.8,90.5,96.5,56.6,38.2,12,Medium,59.5,44.8,2025-11-20 03:00:00
STU00194,Python,48.4,47.0,1,4.0,94.3,97.1,36.1,48.4,20,Hard,49.7,55.9,2025-09-16 01:00:00
STU00194,Data Structures,74.2,73.0,2,2.3,90.9,94.7,48.4,74.2,21,Easy,57.8,56.4,2025-09-20 04:00:00
STU00194,Algorithms,57.9,51.3,3,2.5,91.9,92.6,74.2,57.9,14,Easy,62.0,62.6,2025-09-24 02:00:00
STU00194,Database,68.2,65.5,4,3.1,80.8,90.4,57.9,68.2,10,Easy,59.7,52.1,2025-09-28 02:00:00
STU00194,Web Development,64.9,65.1,5,3.1,83.6,94.1,68.2,64.9,20,Medium,58.2,61.1,2025-10-02 07:00:00
STU00194,Python,77.1,72.3,6,3.6,90.3,94.5,64.9,77.1,14,Easy,59.6,55.8,2025-10-06 01:00:00
STU00194,Data Structures,52.6,50.9,7,1.8,95.7,99.2,77.1,52.6,14,Hard,63.6,56.4,2025-10-10 07:00:00
STU00194,Algorithms,53.9,49.5,8,2.0,84.1,100.0,52.6,53.9,14,Easy,59.7,56.9,2025-10-14 07:00:00
STU00194,Database,68.5,66.6,9,3.1,87.0,94.8,53.9,68.5,15,Easy,62.4,62.8,2025-10-18 07:00:00
STU00194,Web Development,47.1,56.4,10,2.9,89.3,90.5,68.5,47.1,25,Medium,66.6,57.4,2025-10-22 08:00:00
STU00194,Python,60.0,61.5,11,2.3,87.4,94.8,47.1,60.0,20,Easy,57.0,55.5,2025-10-26 05:00:00
STU00194,Data Structures,62.5,68.8,12,3.4,79.8,88.8,60.0,62.5,11,Easy,64.4,59.4,2025-10-30 04:00:00
STU00194,Algorithms,52.9,54.5,13,3.1,75.8,92.1,62.5,52.9,20,Easy,53.3,56.7,2025-11-03 06:00:00
STU00194,Database,73.5,74.9,14,2.8,89.9,94.3,52.9,73.5,9,Easy,58.5,69.8,2025-11-07 05:00:00
STU00194,Web Development,69.6,69.7,15,3.2,82.3,93.8,73.5,69.6,25,Easy,61.1,53.5,2025-11-11 04:00:00
STU00194,Python,63.8,64.3,16,1.6,78.6,95.8,69.6,63.8,10,Medium,61.6,59.8,2025-11-15 07:00:00
STU00194,Data Structures,64.2,64.4,17,1.7,82.6,99.4,63.8,64.2,25,Medium,61.7,57.9,2025-11-19 01:00:00
STU00194,Algorithms,41.3,46.9,18,1.5,85.8,95.5,64.2,41.3,11,Medium,59.8,64.4,2025-11-23 07:00:00
STU00194,Database,84.6,84.5,19,2.8,75.4,100.0,41.3,84.6,11,Easy,58.3,49.9,2025-11-27 03:00:00
STU00194,Web Development,64.2,64.3,20,3.7,74.2,92.0,84.6,64.2,13,Medium,56.0,64.2,2025-12-01 07:00:00
STU00195,Python,84.1,82.6,1,2.8,41.1,94.0,83.2,84.1,21,Hard,82.9,85.2,2025-09-19 05:00:00
STU00195,Data Structures,100.0,99.9,2,3.5,43.3,85.8,84.1,100.0,12,Medium,85.3,82.4,2025-09-23 02:00:00
STU00195,Algorithms,90.3,100.0,3,3.4,29.8,94.1,100.0,90.3,9,Easy,83.0,84.1,2025-09-27 04:00:00
STU00195,Database,100.0,100.0,4,4.1,39.7,98.3,90.3,100.0,20,Easy,76.4,77.0,2025-10-01 03:00:00
STU00195,Web Development,91.7,100.0,5,3.0,40.6,98.1,100.0,91.7,17,Easy,79.9,92.3,2025-10-05 03:00:00
STU00195,Python,85.4,85.0,6,3.6,41.4,97.5,91.7,85.4,8,Medium,78.5,88.7,2025-10-09 01:00:00
STU00195,Data Structures,97.6,100.0,7,3.3,48.5,97.1,85.4,97.6,20,Medium,87.2,92.2,2025-10-13 08:00:00
STU00195,Algorithms,100.0,100.0,8,2.7,56.0,90.5,97.6,100.0,19,Easy,73.8,79.6,2025-10-17 06:00:00
STU00195,Database,94.0,96.2,9,3.9,45.8,96.8,100.0,94.0,10,Medium,76.4,82.4,2025-10-21 06:00:00
STU00195,Web Development,100.0,100.0,10,2.3,38.7,95.2,94.0,100.0,17,Easy,85.9,89.5,2025-10-25 08:00:00
STU00195,Python,85.1,85.5,11,2.4,47.5,91.5,100.0,85.1,22,Hard,85.4,83.8,2025-10-29 02:00:00
STU00195,Data Structures,100.0,100.0,12,3.6,45.8,90.9,85.1,100.0,11,Medium,84.5,83.8,2025-11-02 05:00:00
STU00195,Algorithms,100.0,100.0,13,2.6,42.8,100.0,100.0,100.0,16,Easy,83.2,81.8,2025-11-06 01:00:00
STU00195,Database,100.0,100.0,14,2.8,45.6,96.5,100.0,100.0,23,Easy,73.4,84.0,2025-11-10 01:00:00
STU00195,Web Development,90.3,93.9,15,3.8,53.1,88.5,100.0,90.3,8,Hard,83.5,83.3,2025-11-14 01:00:00
STU00195,Python,93.0,88.9,16,3.2,26.7,89.8,90.3,93.0,22,Medium,80.3,80.6,2025-11-18 07:00:00
STU00195,Data Structures,100.0,100.0,17,4.1,37.1,88.5,93.0,100.0,20,Medium,75.6,85.9,2025-11-22 07:00:00
STU00195,Algorithms,99.7,100.0,18,3.1,46.8,92.1,100.0,99.7,17,Easy,80.3,84.1,2025-11-26 06:00:00
STU00195,Database,100.0,100.0,19,4.1,46.6,88.6,99.7,100.0,8,Medium,81.3,81.9,2025-11-30 06:00:00
STU00195,Web Development,100.0,100.0,20,2.3,38.9,93.3,100.0,100.0,17,Hard,81.7,86.0,2025-12-04 02:00:00
STU00196,Python,73.2,72.2,1,1.8,76.2,98.7,52.9,73.2,22,Medium,68.1,83.8,2025-09-08 04:00:00
STU00196,Data Structures,76.6,71.6,2,2.5,83.3,98.1,73.2,76.6,14,Medium,62.4,81.4,2025-09-12 05:00:00
STU00196,Algorithms,70.4,72.8,3,2.4,77.4,93.7,76.6,70.4,10,Easy,66.1,75.8,2025-09-16 08:00:00
STU00196,Database,70.2,72.7,4,3.2,79.6,93.9,70.4,70.2,23,Easy,58.9,78.9,2025-09-20 05:00:00
STU00196,Web Development,72.1,71.9,5,2.8,80.7,98.2,70.2,72.1,15,Easy,57.5,82.6,2025-09-24 07:00:00
STU00196,Python,83.4,79.8,6,2.5,86.5,95.0,72.1,83.4,11,Easy,62.9,79.6,2025-09-28 02:00:00
STU00196,Data Structures,75.2,79.4,7,2.2,75.2,96.1,83.4,75.2,21,Medium,60.0,81.8,2025-10-02 05:00:00
STU00196,Algorithms,76.2,79.0,8,2.1,78.7,93.6,75.2,76.2,24,Easy,68.6,72.4,2025-10-06 02:00:00
STU00196,Database,77.3,78.5,9,2.0,75.5,99.8,76.2,77.3,19,Easy,62.1,83.5,2025-10-10 08:00:00
STU00196,Web Development,65.3,64.0,10,1.7,87.2,91.4,77.3,65.3,17,Medium,61.8,77.1,2025-10-14 04:00:00
STU00196,Python,78.0,77.9,11,3.8,85.8,97.8,65.3,78.0,19,Easy,62.8,79.0,2025-10-18 03:00:00
STU00196,Data Structures,80.8,77.7,12,2.1,75.4,97.7,78.0,80.8,13,Medium,60.9,86.7,2025-10-22 08:00:00
STU00196,Algorithms,73.0,70.9,13,3.8,67.7,100.0,80.8,73.0,16,Medium,65.2,83.3,2025-10-26 03:00:00
STU00196,Database,75.5,73.8,14,1.5,78.0,100.0,73.0,75.5,9,Medium,60.7,81.0,2025-10-30 03:00:00
STU00196,Web Development,77.7,78.7,15,2.2,75.4,95.3,75.5,77.7,21,Medium,61.7,80.8,2025-11-03 03:00:00
STU00196,Python,83.0,81.2,16,1.8,74.4,93.2,77.7,83.0,14,Easy,64.8,78.6,2025-11-07 01:00:00
STU00196,Data Structures,81.1,78.8,17,3.8,85.9,99.2,83.0,81.1,18,Medium,68.6,77.5,2025-11-11 05:00:00
STU00196,Algorithms,69.9,67.5,18,2.2,87.2,99.0,81.1,69.9,9,Medium,66.1,74.2,2025-11-15 01:00:00
STU00196,Database,74.8,74.4,19,1.6,79.1,92.8,69.9,74.8,13,Medium,67.6,82.1,2025-11-19 08:00:00
STU00196,Web Development,76.4,75.5,20,3.7,72.6,97.0,74.8,76.4,21,Easy,63.4,81.3,2025-11-23 05:00:00
STU00197,Python,30.3,35.2,1,3.7,117.9,92.3,32.6,30.3,20,Easy,46.6,44.2,2025-09-19 07:00:00
STU00197,Data Structures,44.0,40.1,2,3.1,107.4,90.7,30.3,44.0,14,Easy,55.5,40.2,2025-09-23 01:00:00
STU00197,Algorithms,48.9,44.7,3,1.9,114.3,94.1,44.0,48.9,14,Easy,46.2,43.2,2025-09-27 03:00:00
STU00197,Database,54.1,52.1,4,3.5,112.6,91.2,48.9,54.1,15,Easy,47.7,41.7,2025-10-01 07:00:00
STU00197,Web Development,54.0,52.6,5,3.8,111.9,96.6,54.1,54.0,19,Medium,48.3,47.0,2025-10-05 08:00:00
STU00197,Python,33.0,34.8,6,1.8,114.5,92.8,54.0,33.0,20,Medium,53.4,45.8,2025-10-09 01:00:00
STU00197,Data Structures,51.9,51.1,7,3.0,100.8,98.0,33.0,51.9,19,Easy,49.8,45.6,2025-10-13 01:00:00
STU00197,Algorithms,32.3,31.9,8,1.9,106.7,91.3,51.9,32.3,9,Medium,48.6,46.3,2025-10-17 07:00:00
STU00197,Database,55.6,52.3,9,2.0,109.2,91.0,32.3,55.6,16,Medium,51.4,32.7,2025-10-21 07:00:00
STU00197,Web Development,61.6,63.3,10,1.7,108.1,94.5,55.6,61.6,20,Easy,48.2,47.6,2025-10-25 04:00:00
STU00197,Python,42.8,40.5,11,3.4,116.1,97.2,61.6,42.8,18,Easy,52.7,46.4,2025-10-29 03:00:00
STU00197,Data Structures,45.5,45.7,12,3.0,119.4,92.7,42.8,45.5,12,Medium,53.9,40.2,2025-11-02 06:00:00
STU00197,Algorithms,42.1,43.0,13,3.7,115.3,94.2,45.5,42.1,23,Easy,44.9,47.3,2025-11-06 03:00:00
STU00197,Database,58.2,59.7,14,2.8,116.2,85.0,42.1,58.2,15,Easy,49.3,44.2,2025-11-10 04:00:00
STU00197,Web Development,66.3,65.7,15,3.5,110.4,99.5,58.2,66.3,20,Easy,51.1,42.4,2025-11-14 03:00:00
STU00197,Python,32.5,30.1,16,1.6,115.0,93.4,66.3,32.5,19,Hard,47.3,45.4,2025-11-18 01:00:00
STU00197,Data Structures,51.3,51.0,17,3.0,103.9,89.5,32.5,51.3,8,Easy,48.3,51.9,2025-11-22 03:00:00
STU00197,Algorithms,49.3,44.0,18,2.2,107.1,92.5,51.3,49.3,23,Medium,48.1,51.2,2025-11-26 08:00:00
STU00197,Database,55.2,53.7,19,2.5,107.5,90.3,49.3,55.2,16,Medium,52.4,41.4,2025-11-30 03:00:00
STU00197,Web Development,59.5,62.4,20,3.3,108.8,85.5,55.2,59.5,24,Medium,51.4,50.5,2025-12-04 01:00:00
STU00198,Python,54.0,54.7,1,2.8,111.1,91.9,30.0,54.0,14,Easy,60.6,48.2,2025-09-07 08:00:00
STU00198,Data Structures,53.8,48.5,2,2.0,108.8,97.4,54.0,53.8,20,Easy,52.7,42.4,2025-09-11 08:00:00
STU00198,Algorithms,48.2,46.6,3,2.4,112.4,96.0,53.8,48.2,11,Easy,53.6,46.9,2025-09-15 04:00:00
STU00198,Database,53.8,55.1,4,2.4,119.2,98.0,48.2,53.8,18,Medium,64.6,30.9,2025-09-19 02:00:00
STU00198,Web Development,55.6,48.9,5,3.6,113.6,87.0,53.8,55.6,15,Medium,61.2,45.9,2025-09-23 01:00:00
STU00198,Python,43.6,45.9,6,1.9,105.0,93.2,55.6,43.6,17,Hard,63.6,39.4,2025-09-27 02:00:00
STU00198,Data Structures,49.2,51.9,7,2.6,113.8,99.9,43.6,49.2,10,Medium,49.4,39.4,2025-10-01 06:00:00
STU00198,Algorithms,28.0,35.0,8,2.6,105.9,87.6,49.2,28.0,18,Hard,66.9,41.7,2025-10-05 07:00:00
STU00198,Database,50.2,47.3,9,2.4,102.5,90.5,28.0,50.2,10,Medium,64.9,39.9,2025-10-09 07:00:00
STU00198,Web Development,44.0,45.6,10,2.4,118.0,94.5,50.2,44.0,19,Medium,56.8,34.7,2025-10-13 04:00:00
STU00198,Python,56.2,50.0,11,2.1,115.6,99.5,44.0,56.2,21,Medium,61.3,44.1,2025-10-17 08:00:00
STU00198,Data Structures,48.2,50.5,12,2.0,112.2,96.5,56.2,48.2,17,Medium,63.8,46.1,2025-10-21 08:00:00
STU00198,Algorithms,38.1,43.4,13,3.2,113.7,95.5,48.2,38.1,22,Easy,61.1,46.1,2025-10-25 02:00:00
STU00198,Database,61.7,63.3,14,3.3,106.9,99.2,38.1,61.7,14,Easy,60.3,46.4,2025-10-29 01:00:00
STU00198,Web Development,52.6,53.0,15,2.0,104.2,89.7,61.7,52.6,17,Easy,61.3,41.8,2025-11-02 08:00:00
STU00198,Python,56.2,58.0,16,3.7,98.4,100.0,52.6,56.2,14,Hard,60.0,38.8,2025-11-06 02:00:00
STU00198,Data Structures,54.9,56.4,17,3.8,97.8,87.8,56.2,54.9,13,Medium,59.0,43.6,2025-11-10 07:00:00
STU00198,Algorithms,45.3,46.9,18,2.5,99.3,93.7,54.9,45.3,16,Medium,57.1,46.1,2025-11-14 01:00:00
STU00198,Database,64.4,61.3,19,3.2,95.3,99.9,45.3,64.4,11,Easy,60.1,36.0,2025-11-18 02:00:00
STU00198,Web Development,51.1,52.6,20,2.0,114.0,93.3,64.4,51.1,21,Medium,58.4,44.2,2025-11-22 07:00:00
STU00199,Python,88.5,85.1,1,2.3,42.0,90.6,70.3,88.5,21,Medium,78.8,78.9,2025-09-05 06:00:00
STU00199,Data Structures,82.2,79.3,2,3.3,44.3,91.6,88.5,82.2,8,Hard,83.7,81.0,2025-09-09 08:00:00
STU00199,Algorithms,84.0,83.5,3,2.1,49.1,97.3,82.2,84.0,14,Easy,92.0,87.0,2025-09-13 02:00:00
STU00199,Database,74.7,76.7,4,3.1,42.6,85.6,84.0,74.7,20,Medium,84.1,80.0,2025-09-17 05:00:00
STU00199,Web Development,98.6,94.9,5,3.6,36.2,100.0,74.7,98.6,22,Easy,89.3,83.8,2025-09-21 01:00:00
STU00199,Python,90.4,89.4,6,2.6,50.0,87.9,98.6,90.4,16,Easy,91.0,86.0,2025-09-25 08:00:00
STU00199,Data Structures,92.2,89.8,7,3.0,41.3,94.3,90.4,92.2,17,Easy,87.6,85.5,2025-09-29 01:00:00
STU00199,Algorithms,79.3,76.7,8,2.5,40.3,98.1,92.2,79.3,24,Medium,85.9,81.8,2025-10-03 02:00:00
STU00199,Database,71.4,73.6,9,3.3,52.5,90.1,79.3,71.4,14,Hard,90.3,82.4,2025-10-07 06:00:00
STU00199,Web Development,74.0,77.8,10,3.2,43.2,98.8,71.4,74.0,20,Medium,84.1,78.8,2025-10-11 03:00:00
STU00199,Python,91.3,93.6,11,3.2,36.4,97.3,74.0,91.3,13,Easy,84.0,84.3,2025-10-15 08:00:00
STU00199,Data Structures,86.3,84.0,12,4.4,35.3,100.0,91.3,86.3,19,Medium,91.2,83.6,2025-10-19 06:00:00
STU00199,Algorithms,77.3,79.0,13,3.3,37.4,90.4,86.3,77.3,25,Medium,79.8,88.0,2025-10-23 01:00:00
STU00199,Database,84.4,87.9,14,2.8,38.8,93.5,77.3,84.4,14,Medium,83.7,77.8,2025-10-27 05:00:00
STU00199,Web Development,79.5,82.3,15,2.7,47.3,93.0,84.4,79.5,17,Hard,83.9,73.4,2025-10-31 01:00:00
STU00199,Python,89.5,87.8,16,2.4,46.7,93.9,79.5,89.5,16,Medium,86.6,84.5,2025-11-04 06:00:00
STU00199,Data Structures,91.5,91.1,17,4.5,41.3,92.4,89.5,91.5,16,Easy,89.5,82.3,2025-11-08 04:00:00
STU00199,Algorithms,97.8,99.2,18,3.4,36.8,92.8,91.5,97.8,8,Easy,82.3,82.4,2025-11-12 06:00:00
STU00199,Database,100.0,99.9,19,2.1,44.0,100.0,97.8,100.0,15,Medium,84.4,91.5,2025-11-16 02:00:00
STU00199,Web Development,99.3,96.0,20,3.2,34.5,94.6,100.0,99.3,12,Easy,87.9,85.1,2025-11-20 06:00:00
STU00200,Python,94.1,94.1,1,2.6,37.9,94.8,80.0,94.1,8,Medium,88.6,90.2,2025-09-19 08:00:00
STU00200,Data Structures,94.3,91.5,2,3.4,44.5,100.0,94.1,94.3,15,Easy,91.3,87.1,2025-09-23 04:00:00
STU00200,Algorithms,86.1,88.4,3,4.2,50.2,92.3,94.3,86.1,9,Medium,89.7,83.3,2025-09-27 04:00:00
STU00200,Database,92.4,90.4,4,2.3,48.2,91.1,86.1,92.4,16,Medium,85.3,74.5,2025-10-01 01:00:00
STU00200,Web Development,86.2,88.7,5,2.7,60.4,90.7,92.4,86.2,23,Easy,88.4,74.5,2025-10-05 04:00:00
STU00200,Python,86.9,92.6,6,3.8,55.7,96.8,86.2,86.9,22,Easy,93.7,84.2,2025-10-09 03:00:00
STU00200,Data Structures,88.2,89.6,7,4.0,40.6,87.7,86.9,88.2,14,Medium,79.5,75.8,2025-10-13 02:00:00
STU00200,Algorithms,99.8,100.0,8,2.3,55.3,98.7,88.2,99.8,8,Medium,79.4,77.4,2025-10-17 01:00:00
STU00200,Database,98.1,100.0,9,4.2,54.0,94.9,99.8,98.1,8,Easy,89.1,77.9,2025-10-21 06:00:00
STU00200,Web Development,97.5,94.7,10,2.8,37.6,87.7,98.1,97.5,14,Medium,83.7,87.2,2025-10-25 08:00:00
STU00200,Python,100.0,94.6,11,3.8,50.8,100.0,97.5,100.0,13,Medium,89.5,86.3,2025-10-29 03:00:00
STU00200,Data Structures,87.5,90.6,12,2.7,47.8,95.1,100.0,87.5,8,Easy,85.6,75.5,2025-11-02 06:00:00
STU00200,Algorithms,97.5,100.0,13,3.5,47.0,100.0,87.5,97.5,10,Medium,96.5,81.3,2025-11-06 08:00:00
STU00200,Database,93.7,94.1,14,4.4,43.6,97.5,97.5,93.7,17,Easy,87.5,79.7,2025-11-10 03:00:00
STU00200,Web Development,93.7,91.1,15,3.8,44.8,100.0,93.7,93.7,25,Medium,86.8,83.0,2025-11-14 03:00:00
STU00200,Python,96.0,100.0,16,3.7,57.0,89.8,93.7,96.0,19,Easy,87.3,77.0,2025-11-18 05:00:00
STU00200,Data Structures,91.7,91.8,17,2.7,37.4,100.0,96.0,91.7,25,Medium,91.5,76.5,2025-11-22 04:00:00
STU00200,Algorithms,95.5,98.7,18,2.8,42.5,93.6,91.7,95.5,16,Medium,88.7,74.4,2025-11-26 04:00:00
STU00200,Database,95.7,95.9,19,3.7,46.9,95.8,95.5,95.7,23,Medium,93.4,85.0,2025-11-30 01:00:00
STU00200,Web Development,93.2,95.4,20,3.5,44.4,91.0,95.7,93.2,19,Hard,90.3,78.8,2025-12-04 07:00:00
STU00201,Python,87.5,91.1,1,2.4,41.7,92.4,69.3,87.5,21,Medium,90.6,98.1,2025-09-10 04:00:00
STU00201,Data Structures,85.6,89.4,2,3.6,50.2,91.7,87.5,85.6,19,Easy,85.2,92.3,2025-09-14 03:00:00
STU00201,Algorithms,80.8,81.4,3,4.2,25.0,91.7,85.6,80.8,10,Medium,86.4,86.7,2025-09-18 04:00:00
STU00201,Database,91.2,88.1,4,3.4,32.6,87.8,80.8,91.2,19,Medium,95.5,89.2,2025-09-22 06:00:00
STU00201,Web Development,93.3,93.4,5,3.5,39.0,92.9,91.2,93.3,23,Medium,86.0,91.5,2025-09-26 02:00:00
STU00201,Python,92.0,92.4,6,3.2,33.5,89.8,93.3,92.0,16,Medium,87.4,90.3,2025-09-30 06:00:00
STU00201,Data Structures,75.9,80.0,7,4.1,29.8,97.3,92.0,75.9,17,Medium,89.3,88.4,2025-10-04 07:00:00
STU00201,Algorithms,74.3,69.7,8,3.4,35.6,91.7,75.9,74.3,20,Hard,86.0,91.7,2025-10-08 07:00:00
STU00201,Database,93.9,95.6,9,2.9,33.4,93.2,74.3,93.9,12,Easy,86.7,87.9,2025-10-12 03:00:00
STU00201,Web Development,98.5,96.8,10,2.5,34.6,92.2,93.9,98.5,8,Easy,89.8,98.0,2025-10-16 05:00:00
STU00201,Python,99.2,100.0,11,2.3,28.7,95.1,98.5,99.2,11,Easy,88.9,89.3,2025-10-20 08:00:00
STU00201,Data Structures,91.9,93.8,12,2.2,26.1,86.4,99.2,91.9,16,Easy,81.5,96.7,2025-10-24 04:00:00
STU00201,Algorithms,89.9,85.7,13,4.2,27.5,100.0,91.9,89.9,17,Medium,81.3,89.0,2025-10-28 02:00:00
STU00201,Database,96.1,98.4,14,3.6,29.3,92.9,89.9,96.1,12,Medium,82.1,90.0,2025-11-01 06:00:00
STU00201,Web Development,98.8,99.2,15,3.4,26.6,95.1,96.1,98.8,22,Easy,86.4,92.9,2025-11-05 02:00:00
STU00201,Python,100.0,100.0,16,2.1,25.0,93.3,98.8,100.0,9,Easy,86.3,91.7,2025-11-09 06:00:00
STU00201,Data Structures,90.5,93.9,17,3.1,30.3,92.5,100.0,90.5,8,Medium,88.6,88.3,2025-11-13 08:00:00
STU00201,Algorithms,95.7,91.2,18,2.7,28.6,93.1,90.5,95.7,10,Easy,89.8,91.8,2025-11-17 01:00:00
STU00201,Database,93.4,99.1,19,2.5,25.0,88.0,95.7,93.4,18,Medium,86.2,92.5,2025-11-21 08:00:00
STU00201,Web Development,92.9,88.8,20,2.8,27.1,100.0,93.4,92.9,9,Medium,82.4,89.5,2025-11-25 08:00:00
STU00202,Python,64.9,62.1,1,1.8,116.1,92.2,40.5,64.9,25,Medium,58.7,66.3,2025-09-07 06:00:00
STU00202,Data Structures,46.0,47.5,2,3.9,104.1,95.6,64.9,46.0,21,Hard,49.9,54.9,2025-09-11 03:00:00
STU00202,Algorithms,72.6,70.7,3,2.9,111.4,92.3,46.0,72.6,8,Medium,55.8,59.1,2025-09-15 03:00:00
STU00202,Database,75.0,74.7,4,2.4,116.8,96.0,72.6,75.0,16,Medium,53.0,62.8,2025-09-19 07:00:00
STU00202,Web Development,62.7,64.7,5,2.2,113.3,97.6,75.0,62.7,19,Medium,61.8,56.2,2025-09-23 04:00:00
STU00202,Python,68.7,72.1,6,2.2,111.8,92.2,62.7,68.7,25,Easy,55.8,50.4,2025-09-27 08:00:00
STU00202,Data Structures,45.4,45.8,7,3.2,119.1,90.2,68.7,45.4,11,Hard,56.0,55.9,2025-10-01 08:00:00
STU00202,Algorithms,72.2,73.0,8,1.7,112.6,98.2,45.4,72.2,22,Medium,61.0,59.2,2025-10-05 02:00:00
STU00202,Database,73.5,76.6,9,2.1,102.5,94.6,72.2,73.5,9,Easy,60.1,53.4,2025-10-09 04:00:00
STU00202,Web Development,59.0,64.6,10,3.8,113.9,96.2,73.5,59.0,17,Medium,50.7,58.1,2025-10-13 04:00:00
STU00202,Python,49.0,48.7,11,3.4,123.1,99.8,59.0,49.0,19,Hard,49.4,59.9,2025-10-17 01:00:00
STU00202,Data Structures,60.6,63.0,12,3.1,120.1,95.7,49.0,60.6,13,Medium,54.2,58.6,2025-10-21 05:00:00
STU00202,Algorithms,66.3,69.9,13,3.5,120.1,84.9,60.6,66.3,11,Medium,56.9,63.5,2025-10-25 05:00:00
STU00202,Database,83.6,84.1,14,3.6,112.4,90.5,66.3,83.6,13,Easy,53.0,65.1,2025-10-29 02:00:00
STU00202,Web Development,69.4,71.1,15,2.1,102.1,95.0,83.6,69.4,9,Medium,63.7,62.8,2025-11-02 03:00:00
STU00202,Python,66.2,65.9,16,2.4,108.9,97.4,69.4,66.2,10,Medium,53.3,61.7,2025-11-06 01:00:00
STU00202,Data Structures,63.7,62.6,17,1.8,124.0,95.5,66.2,63.7,20,Medium,50.8,61.4,2025-11-10 06:00:00
STU00202,Algorithms,77.4,74.2,18,1.8,107.6,87.1,63.7,77.4,18,Medium,64.1,60.9,2025-11-14 02:00:00
STU00202,Database,71.9,74.2,19,3.2,122.6,94.3,77.4,71.9,18,Easy,58.7,59.2,2025-11-18 02:00:00
STU00202,Web Development,65.2,65.4,20,3.0,104.8,99.7,71.9,65.2,16,Medium,56.2,54.5,2025-11-22 06:00:00
STU00203,Python,96.1,98.1,1,2.8,51.5,92.6,79.7,96.1,17,Medium,78.0,94.9,2025-09-16 08:00:00
STU00203,Data Structures,100.0,100.0,2,2.8,45.9,90.4,96.1,100.0,24,Easy,77.4,89.9,2025-09-20 05:00:00
STU00203,Algorithms,97.3,100.0,3,4.2,47.4,100.0,100.0,97.3,23,Easy,87.3,90.0,2025-09-24 02:00:00
STU00203,Database,100.0,100.0,4,3.5,52.5,93.8,97.3,100.0,24,Easy,84.9,94.2,2025-09-28 08:00:00
STU00203,Web Development,85.9,96.0,5,3.8,51.2,95.0,100.0,85.9,12,Medium,85.4,93.1,2025-10-02 06:00:00
STU00203,Python,89.1,89.1,6,3.3,48.9,100.0,85.9,89.1,13,Hard,83.8,93.6,2025-10-06 04:00:00
STU00203,Data Structures,94.1,94.6,7,2.7,52.5,96.9,89.1,94.1,14,Hard,84.9,90.3,2025-10-10 01:00:00
STU00203,Algorithms,100.0,94.9,8,3.5,43.1,90.6,94.1,100.0,23,Hard,86.9,90.4,2025-10-14 06:00:00
STU00203,Database,96.3,97.6,9,2.5,41.8,92.1,100.0,96.3,25,Easy,89.8,87.1,2025-10-18 07:00:00
STU00203,Web Development,94.5,92.4,10,4.0,47.6,91.2,96.3,94.5,11,Hard,83.6,86.4,2025-10-22 06:00:00
STU00203,Python,90.3,93.7,11,3.8,48.4,96.1,94.5,90.3,11,Medium,86.0,86.3,2025-10-26 05:00:00
STU00203,Data Structures,95.7,100.0,12,2.6,52.4,99.3,90.3,95.7,21,Easy,84.2,94.1,2025-10-30 06:00:00
STU00203,Algorithms,100.0,100.0,13,3.7,42.4,88.3,95.7,100.0,22,Easy,84.8,91.9,2025-11-03 01:00:00
STU00203,Database,98.1,100.0,14,2.7,43.7,97.6,100.0,98.1,9,Medium,88.0,87.3,2025-11-07 02:00:00
STU00203,Web Development,100.0,100.0,15,2.5,49.6,99.3,98.1,100.0,8,Medium,81.1,86.6,2025-11-11 08:00:00
STU00203,Python,98.5,95.0,16,4.1,44.9,86.0,100.0,98.5,11,Medium,85.7,90.4,2025-11-15 03:00:00
STU00203,Data Structures,99.0,100.0,17,4.3,46.3,94.9,98.5,99.0,17,Easy,87.4,87.3,2025-11-19 03:00:00
STU00203,Algorithms,100.0,100.0,18,2.9,52.3,95.0,99.0,100.0,10,Medium,79.8,97.3,2025-11-23 04:00:00
STU00203,Database,98.6,100.0,19,3.4,47.5,97.5,100.0,98.6,9,Easy,91.8,88.0,2025-11-27 01:00:00
STU00203,Web Development,99.2,100.0,20,3.2,42.8,96.3,98.6,99.2,12,Easy,85.0,95.4,2025-12-01 06:00:00
STU00204,Python,54.0,61.6,1,3.5,88.5,98.3,30.0,54.0,16,Easy,45.5,37.1,2025-09-20 02:00:00
STU00204,Data Structures,46.8,46.3,2,1.9,83.1,90.3,54.0,46.8,14,Hard,34.8,47.0,2025-09-24 08:00:00
STU00204,Algorithms,40.7,39.6,3,3.2,89.4,92.3,46.8,40.7,14,Hard,50.4,39.0,2025-09-28 01:00:00
STU00204,Database,56.6,55.6,4,2.5,75.5,95.9,40.7,56.6,13,Easy,43.3,38.6,2025-10-02 03:00:00
STU00204,Web Development,44.6,49.0,5,2.3,83.8,89.3,56.6,44.6,16,Medium,41.5,40.8,2025-10-06 02:00:00
STU00204,Python,53.4,48.7,6,3.9,85.7,96.3,44.6,53.4,15,Medium,40.2,46.0,2025-10-10 05:00:00
STU00204,Data Structures,52.5,49.3,7,2.1,68.1,98.7,53.4,52.5,12,Easy,48.7,48.4,2025-10-14 08:00:00
STU00204,Algorithms,46.7,49.8,8,2.2,73.1,100.0,52.5,46.7,13,Easy,44.4,37.4,2025-10-18 03:00:00
STU00204,Database,54.5,56.8,9,4.0,73.9,99.1,46.7,54.5,25,Medium,47.3,41.8,2025-10-22 08:00:00
STU00204,Web Development,60.7,62.4,10,1.6,75.2,92.4,54.5,60.7,24,Easy,38.0,34.6,2025-10-26 04:00:00
STU00204,Python,67.0,65.0,11,2.4,84.7,91.7,60.7,67.0,19,Easy,45.0,42.4,2025-10-30 06:00:00
STU00204,Data Structures,63.4,63.3,12,3.2,78.4,100.0,67.0,63.4,22,Easy,38.9,36.2,2025-11-03 07:00:00
STU00204,Algorithms,46.6,48.7,13,2.8,79.4,86.6,63.4,46.6,24,Medium,38.3,33.0,2025-11-07 07:00:00
STU00204,Database,57.7,58.8,14,3.0,69.5,91.9,46.6,57.7,23,Easy,44.1,44.4,2025-11-11 05:00:00
STU00204,Web Development,40.4,41.2,15,3.4,75.5,98.7,57.7,40.4,13,Hard,45.4,37.3,2025-11-15 05:00:00
STU00204,Python,55.4,57.8,16,3.5,82.7,92.2,40.4,55.4,21,Medium,48.1,38.2,2025-11-19 03:00:00
STU00204,Data Structures,55.1,56.5,17,2.8,72.5,93.9,55.4,55.1,22,Medium,37.4,39.8,2025-11-23 05:00:00
STU00204,Algorithms,58.3,59.5,18,2.1,81.6,93.7,55.1,58.3,17,Easy,43.0,41.5,2025-11-27 03:00:00
STU00204,Database,57.0,56.5,19,3.7,76.7,88.6,58.3,57.0,19,Medium,48.2,36.5,2025-12-01 04:00:00
STU00204,Web Development,53.0,54.3,20,2.6,68.3,100.0,57.0,53.0,9,Easy,41.5,39.6,2025-12-05 02:00:00
STU00205,Python,100.0,95.0,1,3.0,36.9,92.2,80.1,100.0,24,Easy,88.6,82.7,2025-09-14 02:00:00
STU00205,Data Structures,77.6,83.0,2,3.9,42.5,93.6,100.0,77.6,22,Hard,88.6,86.5,2025-09-18 08:00:00
STU00205,Algorithms,92.2,91.5,3,3.2,38.5,94.7,77.6,92.2,21,Medium,88.4,77.9,2025-09-22 08:00:00
STU00205,Database,95.9,89.5,4,2.2,41.8,95.4,92.2,95.9,22,Easy,84.8,84.9,2025-09-26 08:00:00
STU00205,Web Development,100.0,100.0,5,3.7,27.3,98.9,95.9,100.0,10,Easy,82.4,83.6,2025-09-30 01:00:00
STU00205,Python,99.8,96.5,6,2.0,36.4,95.3,100.0,99.8,8,Medium,91.9,81.4,2025-10-04 03:00:00
STU00205,Data Structures,85.5,82.1,7,4.2,37.0,94.6,99.8,85.5,11,Medium,86.7,83.8,2025-10-08 02:00:00
STU00205,Algorithms,97.3,100.0,8,3.4,36.5,88.8,85.5,97.3,11,Medium,90.0,84.8,2025-10-12 08:00:00
STU00205,Database,89.1,88.9,9,4.1,40.9,98.5,97.3,89.1,10,Medium,92.4,88.2,2025-10-16 07:00:00
STU00205,Web Development,100.0,100.0,10,2.3,27.4,99.7,89.1,100.0,18,Easy,82.2,84.5,2025-10-20 07:00:00
STU00205,Python,97.9,100.0,11,4.2,37.9,98.0,100.0,97.9,17,Medium,87.3,79.4,2025-10-24 06:00:00
STU00205,Data Structures,89.2,95.7,12,2.4,30.3,87.5,97.9,89.2,12,Easy,92.7,80.9,2025-10-28 05:00:00
STU00205,Algorithms,89.0,95.9,13,3.5,35.2,95.0,89.2,89.0,13,Medium,83.2,94.8,2025-11-01 03:00:00
STU00205,Database,90.4,88.9,14,3.6,30.8,92.6,89.0,90.4,22,Medium,84.0,84.7,2025-11-05 04:00:00
STU00205,Web Development,98.3,95.6,15,3.5,33.7,94.5,90.4,98.3,11,Easy,86.8,80.6,2025-11-09 07:00:00
STU00205,Python,99.8,99.2,16,4.2,36.5,100.0,98.3,99.8,25,Medium,94.9,85.3,2025-11-13 01:00:00
STU00205,Data Structures,100.0,98.9,17,2.1,26.5,93.1,99.8,100.0,20,Easy,90.6,79.7,2025-11-17 07:00:00
STU00205,Algorithms,94.6,100.0,18,3.8,41.6,87.2,100.0,94.6,17,Easy,89.1,80.2,2025-11-21 01:00:00
STU00205,Database,100.0,100.0,19,4.1,25.0,90.5,94.6,100.0,18,Easy,81.1,78.8,2025-11-25 05:00:00
STU00205,Web Development,82.7,81.0,20,2.6,36.3,89.8,100.0,82.7,11,Hard,84.4,87.2,2025-11-29 08:00:00
STU00206,Python,73.0,73.5,1,2.7,72.9,100.0,57.6,73.0,17,Easy,79.2,67.2,2025-09-17 06:00:00
STU00206,Data Structures,74.0,69.5,2,3.3,77.0,96.5,73.0,74.0,17,Medium,73.6,72.1,2025-09-21 05:00:00
STU00206,Algorithms,81.3,82.6,3,4.0,78.7,100.0,74.0,81.3,17,Easy,74.1,64.5,2025-09-25 04:00:00
STU00206,Database,81.3,81.5,4,1.8,75.8,89.6,81.3,81.3,21,Easy,75.9,61.7,2025-09-29 06:00:00
STU00206,Web Development,86.3,86.1,5,3.5,76.2,100.0,81.3,86.3,25,Easy,75.9,68.0,2025-10-03 08:00:00
STU00206,Python,61.8,66.0,6,3.2,74.4,95.1,86.3,61.8,17,Medium,74.6,66.6,2025-10-07 02:00:00
STU00206,Data Structures,79.6,77.8,7,1.9,78.2,96.3,61.8,79.6,16,Easy,74.0,69.3,2025-10-11 06:00:00
STU00206,Algorithms,86.9,88.2,8,2.9,77.4,96.1,79.6,86.9,22,Medium,76.0,65.4,2025-10-15 06:00:00
STU00206,Database,65.5,68.7,9,1.8,77.5,92.2,86.9,65.5,9,Hard,70.1,63.5,2025-10-19 02:00:00
STU00206,Web Development,87.6,89.6,10,1.5,78.1,98.6,65.5,87.6,12,Easy,73.2,62.0,2025-10-23 06:00:00
STU00206,Python,76.8,75.8,11,2.0,82.6,95.3,87.6,76.8,13,Easy,71.2,69.8,2025-10-27 03:00:00
STU00206,Data Structures,63.1,62.0,12,3.1,76.6,96.6,76.8,63.1,9,Hard,70.4,68.7,2025-10-31 08:00:00
STU00206,Algorithms,83.8,75.6,13,2.0,73.0,91.7,63.1,83.8,15,Hard,77.0,68.7,2025-11-04 05:00:00
STU00206,Database,86.7,84.7,14,3.3,76.9,89.4,83.8,86.7,10,Medium,70.3,69.7,2025-11-08 03:00:00
STU00206,Web Development,84.0,89.7,15,3.7,69.2,97.6,86.7,84.0,23,Medium,72.9,73.1,2025-11-12 05:00:00
STU00206,Python,72.3,79.3,16,2.7,77.1,89.8,84.0,72.3,18,Medium,75.0,63.9,2025-11-16 03:00:00
STU00206,Data Structures,80.6,76.7,17,1.6,68.7,92.4,72.3,80.6,11,Easy,75.1,68.2,2025-11-20 07:00:00
STU00206,Algorithms,94.2,97.0,18,2.3,70.6,97.7,80.6,94.2,9,Easy,72.4,63.7,2025-11-24 07:00:00
STU00206,Database,83.0,87.0,19,3.6,75.2,100.0,94.2,83.0,15,Easy,79.0,65.1,2025-11-28 01:00:00
STU00206,Web Development,94.3,97.0,20,3.3,78.7,93.1,83.0,94.3,13,Easy,75.7,65.1,2025-12-02 04:00:00
STU00207,Python,83.2,82.1,1,2.7,73.6,91.7,63.8,83.2,14,Easy,51.4,73.2,2025-09-08 03:00:00
STU00207,Data Structures,75.7,74.6,2,2.1,68.9,95.1,83.2,75.7,10,Easy,57.1,69.1,2025-09-12 06:00:00
STU00207,Algorithms,78.3,72.1,3,3.2,74.8,93.5,75.7,78.3,9,Hard,64.5,65.1,2025-09-16 05:00:00
STU00207,Database,88.3,88.4,4,1.9,79.2,93.5,78.3,88.3,21,Medium,59.1,66.1,2025-09-20 04:00:00
STU00207,Web Development,75.9,76.0,5,3.0,80.6,98.9,88.3,75.9,25,Hard,55.2,63.4,2025-09-24 05:00:00
STU00207,Python,79.4,79.2,6,2.1,69.4,89.1,75.9,79.4,9,Easy,57.0,64.7,2025-09-28 06:00:00
STU00207,Data Structures,77.4,78.3,7,3.8,82.2,99.7,79.4,77.4,18,Easy,64.9,67.3,2025-10-02 06:00:00
STU00207,Algorithms,83.2,82.0,8,2.9,78.3,100.0,77.4,83.2,10,Medium,61.9,70.8,2025-10-06 06:00:00
STU00207,Database,87.7,83.9,9,1.7,85.0,96.6,83.2,87.7,8,Easy,57.1,62.2,2025-10-10 07:00:00
STU00207,Web Development,89.7,88.6,10,2.3,79.1,99.7,87.7,89.7,10,Easy,55.2,70.4,2025-10-14 02:00:00
STU00207,Python,83.5,87.7,11,2.1,62.8,88.2,89.7,83.5,10,Easy,56.5,66.1,2025-10-18 05:00:00
STU00207,Data Structures,82.0,76.3,12,1.6,68.4,95.7,83.5,82.0,18,Medium,61.2,62.5,2025-10-22 08:00:00
STU00207,Algorithms,84.4,80.2,13,2.2,64.1,98.7,82.0,84.4,19,Medium,61.7,65.2,2025-10-26 02:00:00
STU00207,Database,91.0,88.4,14,3.6,79.0,94.1,84.4,91.0,21,Medium,59.7,72.1,2025-10-30 06:00:00
STU00207,Web Development,86.4,82.2,15,2.6,84.2,97.7,91.0,86.4,18,Medium,64.8,69.6,2025-11-03 07:00:00
STU00207,Python,75.1,72.3,16,2.4,69.3,94.6,86.4,75.1,12,Medium,49.8,73.0,2025-11-07 07:00:00
STU00207,Data Structures,78.8,74.0,17,2.0,61.1,100.0,75.1,78.8,23,Medium,58.3,70.6,2025-11-11 05:00:00
STU00207,Algorithms,97.1,96.7,18,2.1,65.9,93.0,78.8,97.1,24,Easy,60.5,65.8,2025-11-15 07:00:00
STU00207,Database,98.8,97.0,19,1.9,80.4,92.3,97.1,98.8,20,Easy,55.2,65.1,2025-11-19 02:00:00
STU00207,Web Development,84.7,86.8,20,2.7,65.3,93.1,98.8,84.7,15,Medium,51.2,65.9,2025-11-23 08:00:00
STU00208,Python,49.7,53.9,1,1.8,99.8,99.0,30.0,49.7,10,Medium,53.9,45.3,2025-09-06 04:00:00
STU00208,Data Structures,44.3,49.7,2,3.7,89.0,100.0,49.7,44.3,23,Easy,59.5,39.2,2025-09-10 04:00:00
STU00208,Algorithms,43.5,49.6,3,2.9,97.8,97.4,44.3,43.5,23,Easy,55.1,36.3,2025-09-14 03:00:00
STU00208,Database,30.3,35.3,4,2.6,92.0,96.3,43.5,30.3,24,Medium,59.5,37.6,2025-09-18 07:00:00
STU00208,Web Development,35.1,32.4,5,2.6,83.6,96.3,30.3,35.1,16,Medium,54.4,39.5,2025-09-22 03:00:00
STU00208,Python,55.6,55.8,6,1.8,93.1,94.1,35.1,55.6,14,Medium,56.8,40.7,2025-09-26 08:00:00
STU00208,Data Structures,49.5,55.8,7,2.6,84.8,96.9,55.6,49.5,17,Easy,53.8,41.6,2025-09-30 05:00:00
STU00208,Algorithms,42.0,46.8,8,2.7,87.7,91.6,49.5,42.0,13,Medium,58.6,41.3,2025-10-04 06:00:00
STU00208,Database,43.5,46.3,9,2.2,102.7,96.7,42.0,43.5,9,Hard,57.2,41.5,2025-10-08 02:00:00
STU00208,Web Development,44.5,43.8,10,3.3,84.0,98.1,43.5,44.5,21,Easy,55.9,37.4,2025-10-12 08:00:00
STU00208,Python,53.8,54.6,11,2.3,97.7,100.0,44.5,53.8,24,Medium,61.6,32.3,2025-10-16 04:00:00
STU00208,Data Structures,57.7,57.2,12,2.6,97.9,91.7,53.8,57.7,22,Easy,53.5,41.9,2025-10-20 07:00:00
STU00208,Algorithms,43.0,49.1,13,3.5,82.5,89.1,57.7,43.0,15,Medium,57.8,43.8,2025-10-24 08:00:00
STU00208,Database,55.8,52.4,14,3.7,90.3,92.2,43.0,55.8,23,Medium,62.4,36.2,2025-10-28 02:00:00
STU00208,Web Development,44.4,44.2,15,3.2,91.4,94.5,55.8,44.4,15,Medium,53.5,45.8,2025-11-01 03:00:00
STU00208,Python,59.8,61.5,16,3.2,100.4,91.5,44.4,59.8,9,Medium,58.4,45.8,2025-11-05 07:00:00
STU00208,Data Structures,50.0,48.9,17,3.6,87.1,95.0,59.8,50.0,24,Easy,58.1,35.5,2025-11-09 08:00:00
STU00208,Algorithms,50.5,45.0,18,3.1,89.5,89.5,50.0,50.5,19,Medium,51.8,41.2,2025-11-13 02:00:00
STU00208,Database,67.9,64.4,19,3.0,88.6,96.4,50.5,67.9,9,Easy,61.8,37.8,2025-11-17 03:00:00
STU00208,Web Development,39.2,40.4,20,1.6,99.7,87.1,67.9,39.2,14,Medium,63.4,37.9,2025-11-21 07:00:00
STU00209,Python,82.9,81.4,1,1.7,72.9,97.4,66.0,82.9,22,Easy,71.0,76.2,2025-09-15 02:00:00
STU00209,Data Structures,63.0,58.1,2,2.2,68.8,98.1,82.9,63.0,15,Hard,65.8,70.7,2025-09-19 07:00:00
STU00209,Algorithms,63.3,62.8,3,3.9,68.0,91.2,63.0,63.3,23,Hard,73.6,78.5,2025-09-23 04:00:00
STU00209,Database,70.8,70.4,4,3.2,67.2,93.3,63.3,70.8,20,Medium,72.8,84.2,2025-09-27 04:00:00
STU00209,Web Development,80.9,80.3,5,2.2,74.1,100.0,70.8,80.9,19,Easy,66.6,66.9,2025-10-01 04:00:00
STU00209,Python,77.7,81.5,6,3.7,71.3,91.3,80.9,77.7,10,Medium,72.2,86.6,2025-10-05 01:00:00
STU00209,Data Structures,76.6,77.0,7,1.6,73.9,87.1,77.7,76.6,16,Easy,71.9,79.9,2025-10-09 01:00:00
STU00209,Algorithms,79.1,77.1,8,2.7,71.6,96.6,76.6,79.1,17,Easy,68.1,74.2,2025-10-13 02:00:00
STU00209,Database,85.3,82.8,9,3.7,75.7,92.1,79.1,85.3,10,Easy,67.6,69.2,2025-10-17 08:00:00
STU00209,Web Development,78.1,82.5,10,2.2,79.9,100.0,85.3,78.1,13,Medium,73.1,80.5,2025-10-21 08:00:00
STU00209,Python,85.7,86.1,11,3.3,80.6,89.6,78.1,85.7,18,Easy,73.6,75.6,2025-10-25 08:00:00
STU00209,Data Structures,76.7,75.9,12,3.2,66.3,89.5,85.7,76.7,16,Medium,60.8,72.4,2025-10-29 07:00:00
STU00209,Algorithms,76.0,72.3,13,2.5,64.9,95.4,76.7,76.0,23,Medium,71.1,77.6,2025-11-02 07:00:00
STU00209,Database,74.4,80.2,14,2.0,61.7,94.6,76.0,74.4,22,Medium,61.3,77.6,2025-11-06 08:00:00
STU00209,Web Development,69.7,73.9,15,3.6,67.3,90.5,74.4,69.7,10,Easy,60.7,76.5,2025-11-10 08:00:00
STU00209,Python,95.9,96.4,16,1.5,72.3,98.8,69.7,95.9,21,Easy,68.1,69.8,2025-11-14 05:00:00
STU00209,Data Structures,84.1,84.2,17,2.0,70.1,94.4,95.9,84.1,25,Easy,61.4,76.3,2025-11-18 01:00:00
STU00209,Algorithms,80.5,74.3,18,2.4,59.9,92.4,84.1,80.5,10,Medium,62.9,69.6,2025-11-22 07:00:00
STU00209,Database,78.9,82.4,19,2.8,66.2,89.9,80.5,78.9,14,Medium,67.0,75.8,2025-11-26 03:00:00
STU00209,Web Development,90.5,92.0,20,1.6,66.7,90.9,78.9,90.5,19,Easy,73.6,75.0,2025-11-30 08:00:00
STU00210,Python,80.6,78.9,1,2.4,65.8,95.2,62.5,80.6,10,Easy,71.6,76.4,2025-09-18 05:00:00
STU00210,Data Structures,71.7,68.1,2,2.9,69.4,92.0,80.6,71.7,22,Medium,69.2,76.5,2025-09-22 03:00:00
STU00210,Algorithms,74.7,69.8,3,2.1,66.2,95.1,71.7,74.7,25,Medium,72.4,78.2,2025-09-26 01:00:00
STU00210,Database,72.8,72.1,4,2.8,70.9,91.0,74.7,72.8,21,Medium,68.1,78.8,2025-09-30 04:00:00
STU00210,Web Development,76.2,78.9,5,3.1,66.3,88.0,72.8,76.2,15,Medium,69.1,67.7,2025-10-04 04:00:00
STU00210,Python,84.3,81.2,6,2.6,58.8,94.6,76.2,84.3,20,Easy,61.9,72.3,2025-10-08 03:00:00
STU00210,Data Structures,75.0,73.8,7,3.3,69.0,94.6,84.3,75.0,20,Easy,65.0,78.6,2025-10-12 04:00:00
STU00210,Algorithms,72.6,76.2,8,3.3,60.5,92.0,75.0,72.6,23,Easy,69.5,78.9,2025-10-16 03:00:00
STU00210,Database,87.7,86.6,9,2.1,70.4,92.9,72.6,87.7,14,Easy,77.2,69.3,2025-10-20 03:00:00
STU00210,Web Development,81.0,82.9,10,2.9,44.2,98.1,87.7,81.0,12,Medium,64.1,76.3,2025-10-24 03:00:00
STU00210,Python,76.2,75.2,11,3.4,54.4,97.4,81.0,76.2,21,Medium,74.7,71.8,2025-10-28 04:00:00
STU00210,Data Structures,74.9,75.1,12,3.0,59.8,99.1,76.2,74.9,16,Medium,72.8,70.6,2025-11-01 04:00:00
STU00210,Algorithms,71.5,73.8,13,3.2,67.5,97.6,74.9,71.5,20,Easy,73.5,77.5,2025-11-05 04:00:00
STU00210,Database,76.6,79.9,14,2.5,68.8,98.1,71.5,76.6,11,Easy,63.3,68.3,2025-11-09 07:00:00
STU00210,Web Development,90.8,87.9,15,3.9,69.0,94.6,76.6,90.8,22,Easy,66.7,74.8,2025-11-13 06:00:00
STU00210,Python,75.1,72.3,16,2.3,68.4,95.2,90.8,75.1,17,Medium,71.5,69.3,2025-11-17 06:00:00
STU00210,Data Structures,86.6,86.4,17,3.5,67.9,92.8,75.1,86.6,13,Medium,71.2,62.6,2025-11-21 06:00:00
STU00210,Algorithms,79.5,78.6,18,1.6,55.3,94.9,86.6,79.5,15,Medium,65.8,77.8,2025-11-25 06:00:00
STU00210,Database,85.9,86.7,19,4.0,66.6,90.3,79.5,85.9,20,Easy,70.0,74.1,2025-11-29 08:00:00
STU00210,Web Development,83.5,86.0,20,1.9,66.9,98.3,85.9,83.5,20,Medium,68.7,71.6,2025-12-03 06:00:00
STU00211,Python,48.5,44.8,1,1.6,79.0,97.8,30.0,48.5,15,Medium,42.9,40.4,2025-09-20 01:00:00
STU00211,Data Structures,48.8,49.5,2,3.4,86.1,91.9,48.5,48.8,8,Easy,44.0,44.6,2025-09-24 02:00:00
STU00211,Algorithms,31.7,33.5,3,2.9,89.2,88.7,48.8,31.7,13,Hard,45.5,37.2,2025-09-28 05:00:00
STU00211,Database,57.9,56.1,4,1.8,74.7,100.0,31.7,57.9,17,Easy,39.9,44.9,2025-10-02 06:00:00
STU00211,Web Development,50.9,48.6,5,2.0,87.0,96.6,57.9,50.9,18,Medium,37.0,44.7,2025-10-06 01:00:00
STU00211,Python,38.2,42.5,6,3.0,79.9,94.4,50.9,38.2,21,Medium,41.4,40.8,2025-10-10 02:00:00
STU00211,Data Structures,53.6,49.1,7,2.2,78.4,90.5,38.2,53.6,11,Medium,47.1,46.2,2025-10-14 01:00:00
STU00211,Algorithms,31.7,35.1,8,1.9,79.0,97.1,53.6,31.7,22,Medium,45.8,38.6,2025-10-18 07:00:00
STU00211,Database,59.5,59.6,9,3.1,77.3,94.6,31.7,59.5,12,Easy,43.6,45.0,2025-10-22 06:00:00
STU00211,Web Development,61.6,63.5,10,2.9,83.7,98.3,59.5,61.6,16,Easy,38.7,38.5,2025-10-26 07:00:00
STU00211,Python,48.0,49.2,11,2.2,86.6,93.7,61.6,48.0,15,Easy,31.1,40.7,2025-10-30 07:00:00
STU00211,Data Structures,59.9,57.7,12,3.8,70.2,87.6,48.0,59.9,19,Easy,40.1,47.7,2025-11-03 08:00:00
STU00211,Algorithms,48.5,47.9,13,3.5,77.2,87.5,59.9,48.5,20,Easy,45.5,43.1,2025-11-07 05:00:00
STU00211,Database,61.0,60.7,14,1.7,85.7,87.6,48.5,61.0,15,Easy,41.4,42.6,2025-11-11 07:00:00
STU00211,Web Development,57.5,57.1,15,4.0,66.1,100.0,61.0,57.5,8,Medium,44.2,36.5,2025-11-15 06:00:00
STU00211,Python,42.3,41.7,16,2.0,80.8,90.1,57.5,42.3,15,Medium,32.3,38.7,2025-11-19 05:00:00
STU00211,Data Structures,53.7,50.5,17,3.0,77.2,91.6,42.3,53.7,12,Medium,46.4,46.8,2025-11-23 07:00:00
STU00211,Algorithms,44.2,43.0,18,2.6,80.7,90.4,53.7,44.2,17,Medium,42.5,48.8,2025-11-27 04:00:00
STU00211,Database,58.3,61.9,19,1.8,72.8,89.6,44.2,58.3,12,Easy,40.6,47.6,2025-12-01 02:00:00
STU00211,Web Development,61.5,61.9,20,3.8,72.8,94.6,58.3,61.5,16,Medium,38.6,45.0,2025-12-05 08:00:00
STU00212,Python,64.6,65.6,1,2.8,59.8,84.9,60.9,64.6,25,Medium,60.6,70.6,2025-09-16 06:00:00
STU00212,Data Structures,75.7,70.7,2,3.4,54.8,94.0,64.6,75.7,19,Hard,60.2,69.3,2025-09-20 02:00:00
STU00212,Algorithms,55.5,63.6,3,3.4,66.4,94.2,75.7,55.5,11,Hard,58.2,69.8,2025-09-24 08:00:00
STU00212,Database,69.6,71.9,4,3.8,68.6,91.5,55.5,69.6,24,Medium,67.4,69.2,2025-09-28 02:00:00
STU00212,Web Development,67.1,71.0,5,1.8,57.3,99.1,69.6,67.1,10,Easy,63.8,66.5,2025-10-02 06:00:00
STU00212,Python,85.4,84.1,6,2.5,51.6,100.0,67.1,85.4,20,Easy,55.5,73.4,2025-10-06 06:00:00
STU00212,Data Structures,87.9,89.8,7,3.7,56.8,92.4,85.4,87.9,23,Easy,56.0,72.0,2025-10-10 06:00:00
STU00212,Algorithms,73.3,75.4,8,3.8,60.7,92.2,87.9,73.3,25,Medium,62.7,72.8,2025-10-14 03:00:00
STU00212,Database,77.0,77.2,9,3.1,51.8,94.3,73.3,77.0,17,Easy,57.6,71.8,2025-10-18 04:00:00
STU00212,Web Development,71.4,71.6,10,2.4,58.6,96.6,77.0,71.4,19,Medium,61.7,71.6,2025-10-22 04:00:00
STU00212,Python,82.1,80.0,11,1.5,54.0,95.3,71.4,82.1,14,Easy,58.0,74.5,2025-10-26 04:00:00
STU00212,Data Structures,93.6,89.5,12,3.5,65.2,99.3,82.1,93.6,10,Medium,51.1,63.4,2025-10-30 07:00:00
STU00212,Algorithms,82.8,79.7,13,3.2,42.3,93.6,93.6,82.8,16,Medium,58.3,68.5,2025-11-03 06:00:00
STU00212,Database,78.8,75.3,14,2.3,55.2,100.0,82.8,78.8,14,Medium,57.6,68.8,2025-11-07 07:00:00
STU00212,Web Development,77.3,75.5,15,3.0,58.1,93.7,78.8,77.3,11,Easy,56.4,70.1,2025-11-11 05:00:00
STU00212,Python,80.6,80.2,16,2.3,56.5,96.4,77.3,80.6,12,Easy,58.4,74.0,2025-11-15 03:00:00
STU00212,Data Structures,90.0,87.9,17,1.7,47.9,98.1,80.6,90.0,22,Medium,66.6,72.5,2025-11-19 07:00:00
STU00212,Algorithms,91.8,89.3,18,4.0,40.0,95.5,90.0,91.8,13,Easy,66.7,71.2,2025-11-23 07:00:00
STU00212,Database,77.5,78.0,19,3.2,56.7,96.5,91.8,77.5,23,Medium,60.0,74.7,2025-11-27 05:00:00
STU00212,Web Development,83.6,82.5,20,2.7,63.4,97.3,77.5,83.6,23,Easy,62.3,72.7,2025-12-01 02:00:00
STU00213,Python,48.1,49.4,1,2.5,90.3,87.4,30.0,48.1,24,Easy,50.1,47.8,2025-09-20 02:00:00
STU00213,Data Structures,48.7,49.8,2,3.3,100.3,94.2,48.1,48.7,8,Easy,49.6,42.0,2025-09-24 08:00:00
STU00213,Algorithms,38.4,41.3,3,2.1,92.6,95.0,48.7,38.4,8,Hard,47.0,47.1,2025-09-28 06:00:00
STU00213,Database,42.6,43.2,4,1.7,87.2,94.8,38.4,42.6,9,Medium,51.8,47.7,2025-10-02 07:00:00
STU00213,Web Development,56.8,59.9,5,1.9,91.4,92.2,42.6,56.8,21,Easy,44.5,44.5,2025-10-06 05:00:00
STU00213,Python,33.9,39.0,6,2.3,97.7,96.3,56.8,33.9,19,Medium,49.0,54.3,2025-10-10 03:00:00
STU00213,Data Structures,56.8,58.0,7,2.0,101.0,93.4,33.9,56.8,19,Medium,53.7,39.0,2025-10-14 08:00:00
STU00213,Algorithms,44.4,45.5,8,3.2,85.3,99.5,56.8,44.4,21,Hard,46.0,50.9,2025-10-18 07:00:00
STU00213,Database,40.6,43.3,9,2.6,77.7,96.7,44.4,40.6,18,Medium,52.1,50.0,2025-10-22 04:00:00
STU00213,Web Development,64.1,59.0,10,3.0,95.1,90.1,40.6,64.1,21,Easy,44.9,49.4,2025-10-26 01:00:00
STU00213,Python,45.5,43.1,11,2.2,91.7,91.3,64.1,45.5,9,Hard,42.9,49.5,2025-10-30 03:00:00
STU00213,Data Structures,69.4,63.8,12,3.0,84.1,91.7,45.5,69.4,18,Easy,50.2,45.3,2025-11-03 03:00:00
STU00213,Algorithms,49.0,48.3,13,2.3,83.7,91.8,69.4,49.0,22,Easy,44.8,49.9,2025-11-07 02:00:00
STU00213,Database,53.8,58.0,14,3.0,85.1,98.7,49.0,53.8,25,Easy,48.9,51.2,2025-11-11 07:00:00
STU00213,Web Development,67.4,62.7,15,1.7,90.8,96.1,53.8,67.4,15,Easy,41.4,39.5,2025-11-15 08:00:00
STU00213,Python,48.0,53.2,16,1.9,86.7,100.0,67.4,48.0,14,Easy,48.8,43.6,2025-11-19 06:00:00
STU00213,Data Structures,52.3,53.7,17,3.1,79.6,89.4,48.0,52.3,14,Medium,45.2,46.1,2025-11-23 03:00:00
STU00213,Algorithms,68.1,66.8,18,3.8,84.1,86.4,52.3,68.1,18,Easy,47.8,48.1,2025-11-27 02:00:00
STU00213,Database,54.2,51.3,19,3.9,98.0,95.9,68.1,54.2,25,Medium,46.2,41.2,2025-12-01 03:00:00
STU00213,Web Development,53.1,51.4,20,3.4,86.6,96.0,54.2,53.1,25,Hard,55.6,49.4,2025-12-05 01:00:00
STU00214,Python,46.4,48.7,1,1.7,99.4,93.6,40.4,46.4,21,Easy,56.7,54.5,2025-09-18 07:00:00
STU00214,Data Structures,58.7,57.2,2,2.0,79.8,95.6,46.4,58.7,9,Medium,54.1,61.6,2025-09-22 07:00:00
STU00214,Algorithms,51.2,51.1,3,1.6,86.0,93.6,58.7,51.2,11,Medium,50.0,54.4,2025-09-26 02:00:00
STU00214,Database,58.8,56.9,4,1.9,83.4,92.6,51.2,58.8,19,Easy,55.4,55.6,2025-09-30 01:00:00
STU00214,Web Development,68.3,71.8,5,2.0,96.5,96.8,58.8,68.3,18,Easy,49.4,61.4,2025-10-04 04:00:00
STU00214,Python,63.8,62.3,6,2.3,67.1,98.4,68.3,63.8,25,Easy,53.8,55.3,2025-10-08 03:00:00
STU00214,Data Structures,58.3,56.4,7,2.6,93.9,95.8,63.8,58.3,15,Medium,59.8,60.1,2025-10-12 07:00:00
STU00214,Algorithms,54.1,55.8,8,2.7,76.8,93.3,58.3,54.1,20,Medium,49.4,57.3,2025-10-16 04:00:00
STU00214,Database,70.6,70.7,9,1.8,89.2,91.8,54.1,70.6,25,Medium,63.0,57.9,2025-10-20 08:00:00
STU00214,Web Development,74.6,70.2,10,3.0,83.6,94.1,70.6,74.6,17,Easy,57.4,61.5,2025-10-24 08:00:00
STU00214,Python,49.5,56.0,11,3.7,87.5,93.7,74.6,49.5,14,Medium,56.7,67.5,2025-10-28 01:00:00
STU00214,Data Structures,59.8,61.5,12,3.9,71.7,94.9,49.5,59.8,25,Easy,50.9,63.2,2025-11-01 05:00:00
STU00214,Algorithms,63.9,63.0,13,3.3,82.2,91.5,59.8,63.9,10,Easy,52.5,64.8,2025-11-05 08:00:00
STU00214,Database,61.0,59.4,14,3.5,82.5,93.4,63.9,61.0,18,Easy,51.5,63.3,2025-11-09 01:00:00
STU00214,Web Development,68.0,68.1,15,2.7,80.6,94.5,61.0,68.0,25,Hard,61.1,59.1,2025-11-13 07:00:00
STU00214,Python,66.5,66.9,16,2.2,82.0,97.4,68.0,66.5,11,Medium,54.1,62.8,2025-11-17 06:00:00
STU00214,Data Structures,63.3,58.3,17,3.8,77.9,96.7,66.5,63.3,8,Easy,54.7,51.1,2025-11-21 02:00:00
STU00214,Algorithms,68.9,67.7,18,3.7,79.9,87.6,63.3,68.9,11,Medium,51.4,66.1,2025-11-25 05:00:00
STU00214,Database,57.2,56.4,19,2.4,77.9,89.6,68.9,57.2,16,Medium,51.1,60.0,2025-11-29 03:00:00
STU00214,Web Development,66.7,69.5,20,2.1,83.8,93.4,57.2,66.7,21,Hard,53.6,61.6,2025-12-03 05:00:00
STU00215,Python,55.5,53.9,1,2.9,102.8,88.8,39.5,55.5,20,Medium,43.2,43.3,2025-09-07 03:00:00
STU00215,Data Structures,63.2,63.3,2,1.9,98.5,92.9,55.5,63.2,25,Medium,48.7,45.3,2025-09-11 07:00:00
STU00215,Algorithms,54.6,58.1,3,2.8,99.6,92.2,63.2,54.6,13,Easy,53.6,44.3,2025-09-15 08:00:00
STU00215,Database,49.6,48.7,4,3.7,114.6,99.5,54.6,49.6,18,Medium,45.7,42.8,2025-09-19 06:00:00
STU00215,Web Development,50.1,49.5,5,3.6,108.7,93.2,49.6,50.1,23,Medium,50.8,44.0,2025-09-23 05:00:00
STU00215,Python,43.4,50.1,6,2.9,107.5,98.5,50.1,43.4,22,Hard,48.7,45.1,2025-09-27 02:00:00
STU00215,Data Structures,67.6,67.3,7,3.7,101.8,98.4,43.4,67.6,21,Easy,45.9,50.7,2025-10-01 02:00:00
STU00215,Algorithms,58.0,57.4,8,1.7,99.9,96.5,67.6,58.0,17,Easy,53.5,43.4,2025-10-05 05:00:00
STU00215,Database,57.8,57.3,9,2.3,106.1,100.0,58.0,57.8,8,Easy,52.5,43.8,2025-10-09 05:00:00
STU00215,Web Development,61.7,59.1,10,3.1,108.4,100.0,57.8,61.7,20,Medium,45.2,44.6,2025-10-13 07:00:00
STU00215,Python,63.1,65.7,11,3.4,101.7,97.3,61.7,63.1,24,Easy,46.9,41.8,2025-10-17 03:00:00
STU00215,Data Structures,54.5,57.6,12,2.3,106.7,100.0,63.1,54.5,22,Hard,47.2,38.8,2025-10-21 05:00:00
STU00215,Algorithms,54.8,55.3,13,2.9,107.8,95.0,54.5,54.8,13,Medium,50.8,47.6,2025-10-25 01:00:00
STU00215,Database,51.9,51.8,14,1.7,106.5,100.0,54.8,51.9,10,Hard,46.3,45.0,2025-10-29 05:00:00
STU00215,Web Development,69.2,63.2,15,2.6,101.6,96.6,51.9,69.2,14,Easy,50.4,48.3,2025-11-02 04:00:00
STU00215,Python,68.3,62.3,16,3.2,112.8,100.0,69.2,68.3,20,Medium,49.6,52.7,2025-11-06 05:00:00
STU00215,Data Structures,70.1,72.0,17,3.7,105.4,94.0,68.3,70.1,18,Easy,49.3,42.9,2025-11-10 08:00:00
STU00215,Algorithms,51.0,55.1,18,2.6,98.5,91.7,70.1,51.0,13,Medium,43.2,47.1,2025-11-14 04:00:00
STU00215,Database,62.5,64.4,19,1.8,95.2,91.6,51.0,62.5,25,Easy,53.8,41.6,2025-11-18 08:00:00
STU00215,Web Development,60.3,57.3,20,1.8,99.2,94.4,62.5,60.3,17,Easy,41.2,38.4,2025-11-22 06:00:00
STU00216,Python,98.1,96.5,1,3.3,33.2,92.5,78.3,98.1,10,Medium,94.0,95.8,2025-09-09 01:00:00
STU00216,Data Structures,100.0,100.0,2,3.5,38.9,93.2,98.1,100.0,18,Medium,98.8,93.0,2025-09-13 01:00:00
STU00216,Algorithms,85.5,86.4,3,3.4,45.5,100.0,100.0,85.5,15,Hard,93.1,100.0,2025-09-17 08:00:00
STU00216,Database,98.8,100.0,4,2.2,47.5,96.4,85.5,98.8,8,Medium,97.5,89.2,2025-09-21 04:00:00
STU00216,Web Development,88.9,90.0,5,4.1,37.7,87.9,98.8,88.9,12,Hard,92.7,93.0,2025-09-25 01:00:00
STU00216,Python,99.9,99.3,6,2.9,37.3,94.1,88.9,99.9,25,Medium,91.8,91.7,2025-09-29 02:00:00
STU00216,Data Structures,84.6,91.2,7,3.5,40.6,90.5,99.9,84.6,15,Medium,88.9,92.8,2025-10-03 03:00:00
STU00216,Algorithms,96.4,94.3,8,3.3,43.0,98.3,84.6,96.4,25,Medium,94.1,91.8,2025-10-07 07:00:00
STU00216,Database,97.4,99.7,9,2.8,35.7,88.4,96.4,97.4,20,Medium,92.9,97.0,2025-10-11 01:00:00
STU00216,Web Development,90.2,89.7,10,2.8,35.6,88.1,97.4,90.2,17,Hard,96.6,89.1,2025-10-15 02:00:00
STU00216,Python,100.0,100.0,11,3.5,43.1,96.3,90.2,100.0,8,Medium,91.7,93.9,2025-10-19 04:00:00
STU00216,Data Structures,97.6,100.0,12,3.4,38.6,93.4,100.0,97.6,22,Medium,92.1,92.6,2025-10-23 04:00:00
STU00216,Algorithms,100.0,100.0,13,4.4,35.0,93.4,97.6,100.0,17,Easy,93.0,100.0,2025-10-27 03:00:00
STU00216,Database,94.2,96.3,14,4.2,41.6,94.5,100.0,94.2,24,Medium,92.7,100.0,2025-10-31 05:00:00
STU00216,Web Development,93.0,94.2,15,2.9,42.4,100.0,94.2,93.0,21,Medium,95.8,91.3,2025-11-04 01:00:00
STU00216,Python,100.0,97.9,16,4.4,35.2,91.5,93.0,100.0,12,Medium,94.7,96.1,2025-11-08 08:00:00
STU00216,Data Structures,100.0,100.0,17,2.7,44.0,96.1,100.0,100.0,13,Easy,98.2,100.0,2025-11-12 06:00:00
STU00216,Algorithms,98.1,95.6,18,4.2,32.7,94.0,100.0,98.1,10,Medium,95.6,91.5,2025-11-16 08:00:00
STU00216,Database,100.0,100.0,19,3.9,35.1,91.0,98.1,100.0,24,Medium,93.9,98.8,2025-11-20 04:00:00
STU00216,Web Development,100.0,100.0,20,3.9,45.1,90.1,100.0,100.0,11,Easy,99.1,92.5,2025-11-24 06:00:00
STU00217,Python,71.6,72.2,1,2.8,109.5,95.6,44.3,71.6,9,Easy,50.8,49.7,2025-09-16 04:00:00
STU00217,Data Structures,61.0,59.3,2,2.5,105.3,96.3,71.6,61.0,20,Easy,56.0,50.6,2025-09-20 05:00:00
STU00217,Algorithms,41.7,44.8,3,1.7,106.0,97.6,61.0,41.7,25,Hard,58.9,56.2,2025-09-24 08:00:00
STU00217,Database,58.1,55.8,4,3.4,97.2,90.6,41.7,58.1,8,Medium,63.4,51.2,2025-09-28 03:00:00
STU00217,Web Development,47.6,46.8,5,1.7,96.5,99.6,58.1,47.6,17,Hard,52.9,45.9,2025-10-02 05:00:00
STU00217,Python,60.9,63.5,6,2.9,90.8,93.9,47.6,60.9,12,Medium,59.8,46.6,2025-10-06 04:00:00
STU00217,Data Structures,53.6,58.7,7,3.8,92.0,92.7,60.9,53.6,15,Easy,58.4,55.3,2025-10-10 01:00:00
STU00217,Algorithms,64.1,63.4,8,3.1,98.9,99.2,53.6,64.1,20,Easy,59.3,50.4,2025-10-14 01:00:00
STU00217,Database,57.9,54.8,9,2.9,96.0,99.1,64.1,57.9,25,Easy,57.3,49.6,2025-10-18 01:00:00
STU00217,Web Development,52.1,50.3,10,2.8,98.4,93.7,57.9,52.1,11,Hard,53.2,50.4,2025-10-22 03:00:00
STU00217,Python,70.9,71.5,11,2.4,106.1,100.0,52.1,70.9,23,Easy,58.4,49.1,2025-10-26 04:00:00
STU00217,Data Structures,64.7,57.4,12,1.9,95.0,89.9,70.9,64.7,21,Medium,64.2,51.8,2025-10-30 05:00:00
STU00217,Algorithms,64.1,65.1,13,3.3,97.1,93.9,64.7,64.1,8,Medium,59.6,52.1,2025-11-03 07:00:00
STU00217,Database,58.5,59.6,14,2.6,101.7,97.9,64.1,58.5,19,Medium,59.5,46.5,2025-11-07 06:00:00
STU00217,Web Development,50.2,55.1,15,1.6,99.3,90.7,58.5,50.2,19,Medium,57.7,49.9,2025-11-11 03:00:00
STU00217,Python,70.4,71.1,16,3.8,95.1,100.0,50.2,70.4,18,Medium,55.0,54.1,2025-11-15 02:00:00
STU00217,Data Structures,70.6,73.3,17,3.6,103.9,100.0,70.4,70.6,8,Easy,63.2,55.3,2025-11-19 01:00:00
STU00217,Algorithms,59.8,61.7,18,2.4,87.7,97.6,70.6,59.8,13,Medium,61.1,43.7,2025-11-23 03:00:00
STU00217,Database,70.3,67.8,19,1.7,103.4,96.1,59.8,70.3,15,Easy,61.4,59.1,2025-11-27 05:00:00
STU00217,Web Development,60.2,58.4,20,3.2,89.8,90.0,70.3,60.2,14,Medium,58.4,44.2,2025-12-01 04:00:00
STU00218,Python,86.6,87.4,1,3.4,46.3,96.2,66.9,86.6,23,Easy,100.0,89.7,2025-09-07 06:00:00
STU00218,Data Structures,84.7,86.8,2,3.7,58.9,95.8,86.6,84.7,9,Medium,95.6,90.1,2025-09-11 01:00:00
STU00218,Algorithms,92.7,92.9,3,3.8,46.9,93.8,84.7,92.7,18,Easy,90.9,91.7,2025-09-15 08:00:00
STU00218,Database,82.8,80.9,4,3.5,53.3,97.2,92.7,82.8,11,Medium,90.0,92.8,2025-09-19 07:00:00
STU00218,Web Development,75.9,76.6,5,3.0,51.1,92.8,82.8,75.9,21,Hard,91.4,89.3,2025-09-23 08:00:00
STU00218,Python,97.7,95.0,6,3.1,48.1,98.8,75.9,97.7,17,Medium,99.1,90.2,2025-09-27 07:00:00
STU00218,Data Structures,86.0,82.3,7,3.5,52.4,92.7,97.7,86.0,10,Medium,91.1,90.3,2025-10-01 03:00:00
STU00218,Algorithms,94.3,99.1,8,3.2,37.9,100.0,86.0,94.3,23,Easy,90.7,96.2,2025-10-05 06:00:00
STU00218,Database,81.9,85.0,9,3.4,57.0,92.6,94.3,81.9,25,Medium,85.3,91.6,2025-10-09 07:00:00
STU00218,Web Development,84.5,90.4,10,2.3,46.2,93.7,81.9,84.5,14,Medium,91.2,92.9,2025-10-13 05:00:00
STU00218,Python,87.3,87.7,11,2.6,51.3,88.7,84.5,87.3,25,Medium,94.4,91.0,2025-10-17 03:00:00
STU00218,Data Structures,97.2,94.3,12,2.0,39.8,97.2,87.3,97.2,25,Medium,86.7,95.6,2025-10-21 06:00:00
STU00218,Algorithms,99.8,97.0,13,2.4,46.9,93.5,97.2,99.8,24,Medium,92.3,92.6,2025-10-25 05:00:00
STU00218,Database,87.3,85.2,14,4.0,44.7,100.0,99.8,87.3,10,Easy,100.0,91.7,2025-10-29 01:00:00
STU00218,Web Development,87.2,83.3,15,3.4,48.9,97.7,87.3,87.2,14,Hard,100.0,96.2,2025-11-02 01:00:00
STU00218,Python,89.0,91.8,16,3.6,53.6,94.0,87.2,89.0,24,Medium,96.8,87.0,2025-11-06 05:00:00
STU00218,Data Structures,87.5,86.6,17,2.9,45.2,95.6,89.0,87.5,19,Easy,83.9,99.1,2025-11-10 06:00:00
STU00218,Algorithms,100.0,100.0,18,3.8,40.9,93.8,87.5,100.0,8,Medium,88.8,98.7,2025-11-14 06:00:00
STU00218,Database,92.2,91.4,19,2.7,38.3,100.0,100.0,92.2,20,Easy,92.1,92.1,2025-11-18 06:00:00
STU00218,Web Development,93.3,93.2,20,4.0,44.5,93.6,92.2,93.3,13,Medium,95.3,95.4,2025-11-22 03:00:00
STU00219,Python,40.9,42.7,1,3.7,96.5,100.0,31.6,40.9,14,Medium,44.9,38.6,2025-09-05 08:00:00
STU00219,Data Structures,47.4,44.8,2,3.0,98.6,98.9,40.9,47.4,25,Hard,40.4,47.2,2025-09-09 05:00:00
STU00219,Algorithms,57.6,57.7,3,3.1,92.4,93.2,47.4,57.6,25,Easy,42.7,32.2,2025-09-13 08:00:00
STU00219,Database,64.4,65.7,4,2.4,93.4,100.0,57.6,64.4,25,Easy,38.7,45.8,2025-09-17 06:00:00
STU00219,Web Development,64.3,62.8,5,2.9,97.8,99.9,64.4,64.3,12,Easy,47.1,35.9,2025-09-21 06:00:00
STU00219,Python,56.0,52.7,6,3.9,99.5,96.8,64.3,56.0,25,Easy,39.1,41.5,2025-09-25 04:00:00
STU00219,Data Structures,66.3,62.5,7,2.7,93.1,95.3,56.0,66.3,21,Easy,44.8,35.3,2025-09-29 02:00:00
STU00219,Algorithms,55.4,52.0,8,2.6,101.2,79.5,66.3,55.4,13,Hard,35.7,40.6,2025-10-03 07:00:00
STU00219,Database,46.1,49.2,9,2.8,90.7,99.0,55.4,46.1,17,Hard,43.6,38.0,2025-10-07 01:00:00
STU00219,Web Development,55.5,60.4,10,2.7,103.3,94.2,46.1,55.5,12,Easy,45.7,36.8,2025-10-11 05:00:00
STU00219,Python,42.8,43.4,11,2.3,101.2,96.9,55.5,42.8,12,Medium,51.7,43.8,2025-10-15 04:00:00
STU00219,Data Structures,51.0,53.9,12,2.7,107.8,96.9,42.8,51.0,21,Medium,41.6,36.9,2025-10-19 02:00:00
STU00219,Algorithms,48.6,53.2,13,3.5,98.6,95.4,51.0,48.6,19,Hard,38.8,38.2,2025-10-23 08:00:00
STU00219,Database,66.9,69.4,14,3.2,98.6,98.4,48.6,66.9,10,Easy,43.6,37.4,2025-10-27 07:00:00
STU00219,Web Development,58.6,55.0,15,3.3,92.7,98.5,66.9,58.6,22,Hard,54.1,38.3,2025-10-31 04:00:00
STU00219,Python,37.1,37.5,16,3.9,102.4,100.0,58.6,37.1,22,Hard,43.5,38.9,2025-11-04 02:00:00
STU00219,Data Structures,62.9,61.7,17,2.8,107.9,96.4,37.1,62.9,25,Medium,43.6,51.3,2025-11-08 06:00:00
STU00219,Algorithms,56.2,55.1,18,2.2,94.7,93.2,62.9,56.2,13,Medium,44.6,45.9,2025-11-12 04:00:00
STU00219,Database,73.5,73.5,19,3.6,95.7,99.0,56.2,73.5,16,Easy,41.7,38.4,2025-11-16 01:00:00
STU00219,Web Development,54.4,54.9,20,2.0,86.9,91.7,73.5,54.4,18,Medium,37.2,40.0,2025-11-20 07:00:00
STU00220,Python,89.9,89.5,1,3.3,58.6,93.8,67.5,89.9,12,Easy,93.1,85.0,2025-09-05 07:00:00
STU00220,Data Structures,84.8,88.9,2,3.5,30.1,95.0,89.9,84.8,16,Medium,89.6,83.0,2025-09-09 04:00:00
STU00220,Algorithms,86.4,91.3,3,3.7,61.2,97.6,84.8,86.4,22,Easy,88.3,89.8,2025-09-13 01:00:00
STU00220,Database,87.5,86.7,4,2.5,47.5,91.3,86.4,87.5,11,Medium,95.1,86.5,2025-09-17 06:00:00
STU00220,Web Development,90.4,87.8,5,4.1,45.1,89.2,87.5,90.4,13,Easy,94.0,86.9,2025-09-21 01:00:00
STU00220,Python,80.5,79.5,6,2.2,48.1,95.4,90.4,80.5,13,Medium,92.9,92.4,2025-09-25 01:00:00
STU00220,Data Structures,84.0,86.6,7,2.7,50.4,98.8,80.5,84.0,16,Medium,91.9,84.6,2025-09-29 05:00:00
STU00220,Algorithms,77.7,83.2,8,4.5,57.8,100.0,84.0,77.7,25,Hard,96.0,84.0,2025-10-03 05:00:00
STU00220,Database,96.7,97.6,9,2.1,42.4,97.9,77.7,96.7,13,Easy,93.1,88.9,2025-10-07 05:00:00
STU00220,Web Development,79.8,82.3,10,2.3,49.4,100.0,96.7,79.8,10,Medium,95.2,95.0,2025-10-11 06:00:00
STU00220,Python,69.9,70.5,11,2.4,47.6,99.4,79.8,69.9,11,Hard,89.2,89.1,2025-10-15 06:00:00
STU00220,Data Structures,85.6,85.3,12,3.2,38.6,90.9,69.9,85.6,13,Medium,91.2,84.2,2025-10-19 06:00:00
STU00220,Algorithms,94.7,93.9,13,4.4,48.4,96.2,85.6,94.7,11,Easy,84.7,91.8,2025-10-23 07:00:00
STU00220,Database,97.1,92.7,14,2.3,50.2,100.0,94.7,97.1,18,Medium,83.6,82.7,2025-10-27 04:00:00
STU00220,Web Development,84.5,83.4,15,3.3,42.8,88.0,97.1,84.5,8,Medium,90.7,90.4,2025-10-31 06:00:00
STU00220,Python,85.6,82.5,16,3.7,43.3,95.2,84.5,85.6,13,Medium,87.8,87.1,2025-11-04 03:00:00
STU00220,Data Structures,88.9,90.7,17,3.4,42.3,95.9,85.6,88.9,24,Easy,94.2,85.6,2025-11-08 08:00:00
STU00220,Algorithms,97.4,100.0,18,3.8,37.2,100.0,88.9,97.4,9,Easy,85.3,90.9,2025-11-12 06:00:00
STU00220,Database,87.0,91.5,19,2.3,47.6,89.7,97.4,87.0,16,Medium,90.5,92.8,2025-11-16 04:00:00
STU00220,Web Development,83.1,85.7,20,2.4,54.6,89.9,87.0,83.1,24,Easy,83.4,88.1,2025-11-20 01:00:00
STU00221,Python,99.9,99.3,1,2.2,27.6,97.5,74.3,99.9,8,Easy,87.5,92.4,2025-09-17 03:00:00
STU00221,Data Structures,96.0,92.9,2,3.8,39.7,86.4,99.9,96.0,14,Easy,78.9,91.9,2025-09-21 07:00:00
STU00221,Algorithms,95.2,95.6,3,3.3,31.7,96.0,96.0,95.2,9,Easy,89.4,100.0,2025-09-25 04:00:00
STU00221,Database,96.2,98.6,4,2.4,34.0,100.0,95.2,96.2,8,Easy,77.2,100.0,2025-09-29 04:00:00
STU00221,Web Development,99.1,100.0,5,3.7,36.0,93.0,96.2,99.1,16,Easy,90.4,91.8,2025-10-03 07:00:00
STU00221,Python,87.4,92.3,6,3.1,35.4,99.7,99.1,87.4,20,Medium,78.6,96.2,2025-10-07 05:00:00
STU00221,Data Structures,97.0,95.8,7,3.3,37.3,95.0,87.4,97.0,8,Medium,86.4,93.2,2025-10-11 08:00:00
STU00221,Algorithms,100.0,100.0,8,2.0,30.0,95.8,97.0,100.0,13,Easy,86.3,97.2,2025-10-15 06:00:00
STU00221,Database,89.6,93.8,9,2.6,26.7,98.0,100.0,89.6,13,Medium,84.0,93.1,2025-10-19 04:00:00
STU00221,Web Development,100.0,100.0,10,2.3,31.3,95.1,89.6,100.0,25,Medium,100.0,94.8,2025-10-23 07:00:00
STU00221,Python,100.0,100.0,11,2.9,51.1,100.0,100.0,100.0,24,Easy,87.3,93.4,2025-10-27 05:00:00
STU00221,Data Structures,89.3,92.2,12,2.5,32.8,100.0,100.0,89.3,10,Medium,84.9,96.9,2025-10-31 07:00:00
STU00221,Algorithms,98.4,97.0,13,3.7,28.9,90.5,89.3,98.4,9,Hard,82.6,91.0,2025-11-04 06:00:00
STU00221,Database,97.5,91.1,14,2.5,26.1,94.6,98.4,97.5,25,Medium,87.1,96.8,2025-11-08 01:00:00
STU00221,Web Development,100.0,100.0,15,4.3,34.3,96.7,97.5,100.0,14,Medium,84.2,93.6,2025-11-12 06:00:00
STU00221,Python,99.6,98.2,16,4.4,36.0,97.6,100.0,99.6,20,Medium,84.6,82.6,2025-11-16 08:00:00
STU00221,Data Structures,92.9,100.0,17,3.1,36.9,100.0,99.6,92.9,9,Easy,89.2,96.5,2025-11-20 04:00:00
STU00221,Algorithms,94.6,100.0,18,3.2,38.7,99.8,92.9,94.6,10,Medium,81.9,91.3,2025-11-24 07:00:00
STU00221,Database,100.0,100.0,19,3.9,33.0,89.6,94.6,100.0,8,Easy,84.6,95.2,2025-11-28 02:00:00
STU00221,Web Development,100.0,100.0,20,2.9,25.0,99.4,100.0,100.0,10,Medium,88.8,87.6,2025-12-02 03:00:00
STU00222,Python,67.1,59.9,1,2.9,65.1,94.8,51.0,67.1,21,Hard,66.4,65.2,2025-09-20 07:00:00
STU00222,Data Structures,60.0,63.0,2,2.0,69.0,91.6,67.1,60.0,20,Easy,70.1,63.0,2025-09-24 03:00:00
STU00222,Algorithms,66.5,69.9,3,3.4,58.8,91.9,60.0,66.5,18,Easy,61.7,64.8,2025-09-28 01:00:00
STU00222,Database,70.7,71.7,4,3.3,62.1,91.2,66.5,70.7,15,Easy,64.5,68.6,2025-10-02 02:00:00
STU00222,Web Development,53.6,53.7,5,2.1,74.0,93.9,70.7,53.6,15,Medium,72.1,61.3,2025-10-06 03:00:00
STU00222,Python,72.6,74.9,6,3.5,50.6,97.5,53.6,72.6,17,Medium,69.7,66.8,2025-10-10 04:00:00
STU00222,Data Structures,75.7,73.9,7,2.5,47.5,96.4,72.6,75.7,23,Easy,62.9,65.8,2025-10-14 01:00:00
STU00222,Algorithms,78.8,76.6,8,3.7,54.8,96.8,75.7,78.8,18,Easy,52.2,68.9,2025-10-18 02:00:00
STU00222,Database,68.6,68.7,9,1.5,60.5,94.1,78.8,68.6,8,Medium,65.9,64.1,2025-10-22 04:00:00
STU00222,Web Development,57.2,60.9,10,2.2,58.4,94.8,68.6,57.2,8,Easy,70.3,68.4,2025-10-26 04:00:00
STU00222,Python,67.5,68.1,11,3.2,50.4,92.7,57.2,67.5,10,Medium,60.7,63.1,2025-10-30 08:00:00
STU00222,Data Structures,59.3,56.0,12,2.6,58.9,98.8,67.5,59.3,24,Hard,63.9,58.8,2025-11-03 05:00:00
STU00222,Algorithms,77.9,74.1,13,3.1,59.2,92.4,59.3,77.9,20,Medium,69.8,63.4,2025-11-07 08:00:00
STU00222,Database,86.4,88.2,14,3.0,56.6,99.3,77.9,86.4,11,Easy,59.7,61.6,2025-11-11 01:00:00
STU00222,Web Development,58.8,55.2,15,1.8,58.2,91.3,86.4,58.8,11,Hard,60.1,63.3,2025-11-15 07:00:00
STU00222,Python,67.2,65.0,16,3.0,67.5,99.4,58.8,67.2,13,Medium,63.1,54.3,2025-11-19 08:00:00
STU00222,Data Structures,62.5,62.6,17,3.2,53.4,98.1,67.2,62.5,17,Medium,70.4,62.4,2025-11-23 06:00:00
STU00222,Algorithms,64.2,66.5,18,3.8,52.5,96.0,62.5,64.2,14,Medium,62.1,58.7,2025-11-27 01:00:00
STU00222,Database,91.1,89.9,19,2.8,62.0,100.0,64.2,91.1,23,Easy,65.4,73.9,2025-12-01 04:00:00
STU00222,Web Development,60.1,66.5,20,3.3,50.0,97.1,91.1,60.1,20,Easy,66.4,61.3,2025-12-05 08:00:00
STU00223,Python,93.9,89.2,1,3.7,43.7,91.4,82.1,93.9,24,Easy,91.9,85.4,2025-09-11 03:00:00
STU00223,Data Structures,93.0,94.4,2,4.0,47.6,100.0,93.9,93.0,23,Hard,87.2,89.5,2025-09-15 01:00:00
STU00223,Algorithms,87.1,87.0,3,3.1,51.4,88.6,93.0,87.1,8,Medium,90.4,86.8,2025-09-19 02:00:00
STU00223,Database,92.7,95.2,4,2.2,54.9,91.9,87.1,92.7,22,Easy,97.6,85.6,2025-09-23 05:00:00
STU00223,Web Development,100.0,99.2,5,3.9,56.7,99.6,92.7,100.0,18,Medium,94.4,82.1,2025-09-27 05:00:00
STU00223,Python,91.4,96.1,6,2.1,50.0,93.7,100.0,91.4,12,Easy,87.9,80.4,2025-10-01 07:00:00
STU00223,Data Structures,96.0,95.7,7,2.4,51.1,93.8,91.4,96.0,15,Hard,93.8,87.0,2025-10-05 07:00:00
STU00223,Algorithms,87.4,91.1,8,3.3,54.3,96.3,96.0,87.4,16,Medium,94.0,79.3,2025-10-09 03:00:00
STU00223,Database,87.5,93.6,9,4.2,43.6,93.2,87.4,87.5,8,Medium,93.6,86.8,2025-10-13 02:00:00
STU00223,Web Development,88.1,86.5,10,2.5,49.8,96.8,87.5,88.1,10,Hard,89.3,86.1,2025-10-17 08:00:00
STU00223,Python,87.9,86.3,11,4.4,47.9,97.7,88.1,87.9,13,Hard,100.0,83.5,2025-10-21 06:00:00
STU00223,Data Structures,95.2,100.0,12,3.9,59.2,98.0,87.9,95.2,20,Easy,94.7,91.3,2025-10-25 07:00:00
STU00223,Algorithms,96.5,100.0,13,2.8,63.8,98.2,95.2,96.5,16,Easy,93.2,88.0,2025-10-29 06:00:00
STU00223,Database,92.9,93.0,14,2.9,46.4,97.7,96.5,92.9,20,Medium,89.4,81.0,2025-11-02 08:00:00
STU00223,Web Development,98.2,100.0,15,2.2,50.7,92.8,92.9,98.2,16,Medium,88.5,84.3,2025-11-06 02:00:00
STU00223,Python,92.8,92.2,16,2.0,49.0,100.0,98.2,92.8,10,Medium,94.2,82.7,2025-11-10 07:00:00
STU00223,Data Structures,92.0,93.4,17,3.8,42.5,100.0,92.8,92.0,14,Hard,95.3,89.0,2025-11-14 01:00:00
STU00223,Algorithms,94.9,97.9,18,3.1,61.5,92.5,92.0,94.9,16,Easy,95.5,85.1,2025-11-18 05:00:00
STU00223,Database,93.3,97.1,19,3.4,49.1,95.6,94.9,93.3,9,Medium,94.2,84.8,2025-11-22 07:00:00
STU00223,Web Development,80.2,86.6,20,3.6,54.6,88.5,93.3,80.2,12,Hard,87.0,97.8,2025-11-26 03:00:00
STU00224,Python,60.2,54.2,1,2.6,103.8,90.1,37.2,60.2,11,Medium,33.4,56.6,2025-09-08 03:00:00
STU00224,Data Structures,58.9,58.9,2,2.6,103.7,99.4,60.2,58.9,21,Easy,47.8,57.6,2025-09-12 02:00:00
STU00224,Algorithms,54.8,56.7,3,2.1,105.6,92.9,58.9,54.8,11,Easy,42.2,60.0,2025-09-16 04:00:00
STU00224,Database,51.7,50.2,4,3.4,102.5,90.0,54.8,51.7,17,Easy,48.4,56.6,2025-09-20 01:00:00
STU00224,Web Development,58.2,58.3,5,2.9,104.4,99.3,51.7,58.2,23,Medium,48.6,61.3,2025-09-24 03:00:00
STU00224,Python,59.9,56.6,6,1.8,94.1,99.9,58.2,59.9,11,Medium,39.1,59.6,2025-09-28 08:00:00
STU00224,Data Structures,63.0,65.0,7,3.7,108.0,92.9,59.9,63.0,22,Easy,43.8,55.7,2025-10-02 03:00:00
STU00224,Algorithms,53.1,51.8,8,2.6,84.5,97.4,63.0,53.1,14,Easy,37.0,61.4,2025-10-06 03:00:00
STU00224,Database,52.6,51.2,9,2.8,85.1,95.7,53.1,52.6,16,Easy,36.8,58.1,2025-10-10 05:00:00
STU00224,Web Development,63.1,61.4,10,2.0,95.5,95.3,52.6,63.1,22,Easy,37.1,54.2,2025-10-14 01:00:00
STU00224,Python,58.3,60.4,11,2.9,92.1,92.7,63.1,58.3,16,Easy,38.7,51.6,2025-10-18 05:00:00
STU00224,Data Structures,60.9,61.8,12,3.8,95.8,89.2,58.3,60.9,22,Medium,33.2,58.3,2025-10-22 05:00:00
STU00224,Algorithms,46.2,51.0,13,3.2,100.2,95.7,60.9,46.2,13,Medium,38.6,62.5,2025-10-26 02:00:00
STU00224,Database,56.9,54.6,14,3.1,76.0,98.8,46.2,56.9,16,Medium,39.7,55.1,2025-10-30 08:00:00
STU00224,Web Development,58.2,59.0,15,1.8,97.5,99.3,56.9,58.2,15,Easy,48.9,57.5,2025-11-03 03:00:00
STU00224,Python,58.9,59.2,16,1.9,91.4,89.3,58.2,58.9,8,Medium,38.2,54.6,2025-11-07 03:00:00
STU00224,Data Structures,63.0,65.5,17,3.1,104.7,95.2,58.9,63.0,16,Easy,42.5,54.7,2025-11-11 06:00:00
STU00224,Algorithms,52.0,51.5,18,1.9,98.8,91.0,63.0,52.0,8,Medium,43.1,58.8,2025-11-15 01:00:00
STU00224,Database,62.1,58.6,19,3.8,95.5,97.9,52.0,62.1,22,Medium,35.9,54.2,2025-11-19 04:00:00
STU00224,Web Development,61.7,65.8,20,3.8,97.9,100.0,62.1,61.7,15,Easy,43.3,59.5,2025-11-23 01:00:00
STU00225,Python,72.9,73.1,1,2.9,61.9,91.2,61.1,72.9,13,Easy,56.5,75.6,2025-09-17 06:00:00
STU00225,Data Structures,81.7,83.3,2,3.7,66.2,97.0,72.9,81.7,9,Easy,60.4,76.6,2025-09-21 08:00:00
STU00225,Algorithms,70.3,68.9,3,3.4,85.7,100.0,81.7,70.3,9,Hard,55.6,79.2,2025-09-25 08:00:00
STU00225,Database,88.7,85.0,4,3.2,74.0,95.3,70.3,88.7,18,Easy,51.9,73.4,2025-09-29 05:00:00
STU00225,Web Development,64.7,69.3,5,4.0,79.3,92.4,88.7,64.7,25,Medium,59.0,73.9,2025-10-03 08:00:00
STU00225,Python,87.0,88.6,6,2.0,75.6,88.3,64.7,87.0,18,Easy,51.0,67.9,2025-10-07 06:00:00
STU00225,Data Structures,73.5,75.1,7,3.7,69.1,95.0,87.0,73.5,10,Medium,53.9,74.9,2025-10-11 01:00:00
STU00225,Algorithms,82.5,81.3,8,2.4,75.6,99.5,73.5,82.5,23,Easy,56.6,78.8,2025-10-15 06:00:00
STU00225,Database,86.9,80.0,9,3.8,66.7,91.6,82.5,86.9,15,Medium,56.1,74.2,2025-10-19 05:00:00
STU00225,Web Development,74.0,73.5,10,2.4,77.5,100.0,86.9,74.0,11,Medium,61.8,81.5,2025-10-23 06:00:00
STU00225,Python,82.8,85.4,11,3.3,62.5,98.9,74.0,82.8,18,Medium,57.3,77.7,2025-10-27 07:00:00
STU00225,Data Structures,77.9,78.6,12,1.7,72.6,86.6,82.8,77.9,8,Medium,61.8,75.5,2025-10-31 02:00:00
STU00225,Algorithms,81.7,80.7,13,3.7,70.3,97.4,77.9,81.7,16,Medium,56.8,73.4,2025-11-04 07:00:00
STU00225,Database,95.4,98.1,14,2.3,65.4,90.3,81.7,95.4,24,Easy,59.1,79.5,2025-11-08 06:00:00
STU00225,Web Development,61.6,61.1,15,2.2,70.6,100.0,95.4,61.6,9,Hard,61.9,70.6,2025-11-12 05:00:00
STU00225,Python,82.8,83.7,16,1.6,76.1,94.8,61.6,82.8,9,Easy,49.8,75.1,2025-11-16 02:00:00
STU00225,Data Structures,80.6,82.2,17,2.9,62.5,91.3,82.8,80.6,14,Easy,66.6,70.9,2025-11-20 04:00:00
STU00225,Algorithms,90.2,90.7,18,3.5,65.8,100.0,80.6,90.2,15,Easy,54.1,71.7,2025-11-24 01:00:00
STU00225,Database,90.2,92.0,19,2.6,69.6,95.3,90.2,90.2,20,Easy,54.0,76.4,2025-11-28 02:00:00
STU00225,Web Development,83.5,80.4,20,4.0,59.3,90.4,90.2,83.5,8,Medium,51.8,75.0,2025-12-02 08:00:00
STU00226,Python,87.4,91.1,1,2.3,59.6,100.0,73.2,87.4,24,Medium,76.7,88.8,2025-09-15 01:00:00
STU00226,Data Structures,80.9,83.7,2,2.9,56.7,95.0,87.4,80.9,15,Medium,83.7,92.2,2025-09-19 08:00:00
STU00226,Algorithms,100.0,100.0,3,3.3,41.9,95.9,80.9,100.0,15,Easy,85.3,90.2,2025-09-23 06:00:00
STU00226,Database,90.4,87.9,4,4.1,45.9,93.1,100.0,90.4,22,Hard,81.2,91.1,2025-09-27 06:00:00
STU00226,Web Development,75.1,74.0,5,2.7,51.9,97.8,90.4,75.1,21,Hard,84.4,83.7,2025-10-01 01:00:00
STU00226,Python,95.2,97.1,6,2.9,41.4,96.4,75.1,95.2,23,Easy,86.0,92.7,2025-10-05 05:00:00
STU00226,Data Structures,79.2,82.3,7,3.7,48.1,93.4,95.2,79.2,20,Hard,87.7,92.7,2025-10-09 01:00:00
STU00226,Algorithms,82.9,87.0,8,2.1,58.8,88.1,79.2,82.9,18,Hard,81.0,96.1,2025-10-13 05:00:00
STU00226,Database,73.0,78.5,9,2.4,51.4,97.4,82.9,73.0,25,Hard,87.5,87.5,2025-10-17 04:00:00
STU00226,Web Development,87.7,92.0,10,3.1,37.7,98.8,73.0,87.7,23,Medium,81.5,92.5,2025-10-21 05:00:00
STU00226,Python,87.5,88.0,11,4.1,48.0,90.4,87.7,87.5,23,Medium,91.9,91.2,2025-10-25 06:00:00
STU00226,Data Structures,92.0,92.0,12,3.9,49.3,90.9,87.5,92.0,15,Medium,79.7,92.1,2025-10-29 07:00:00
STU00226,Algorithms,95.8,94.8,13,2.4,55.0,99.7,92.0,95.8,21,Medium,86.7,97.6,2025-11-02 04:00:00
STU00226,Database,100.0,100.0,14,3.6,33.6,97.6,95.8,100.0,18,Easy,82.2,92.0,2025-11-06 04:00:00
STU00226,Web Development,100.0,100.0,15,4.0,54.8,92.2,100.0,100.0,8,Easy,93.2,96.5,2025-11-10 03:00:00
STU00226,Python,94.2,97.7,16,4.3,50.2,96.1,100.0,94.2,15,Easy,90.2,92.7,2025-11-14 07:00:00
STU00226,Data Structures,90.6,91.9,17,4.3,56.7,94.5,94.2,90.6,15,Medium,83.7,97.4,2025-11-18 06:00:00
STU00226,Algorithms,100.0,100.0,18,2.4,49.8,89.5,90.6,100.0,22,Medium,79.7,95.8,2025-11-22 05:00:00
STU00226,Database,100.0,99.8,19,3.4,46.0,96.5,100.0,100.0,21,Medium,82.7,100.0,2025-11-26 08:00:00
STU00226,Web Development,97.2,93.3,20,3.8,46.1,97.1,100.0,97.2,11,Medium,72.5,95.3,2025-11-30 01:00:00
STU00227,Python,64.9,64.1,1,2.9,72.6,93.6,44.6,64.9,17,Hard,77.4,82.4,2025-09-07 08:00:00
STU00227,Data Structures,72.8,74.2,2,3.2,60.5,98.2,64.9,72.8,23,Medium,76.8,77.9,2025-09-11 07:00:00
STU00227,Algorithms,64.8,64.4,3,2.7,63.5,93.8,72.8,64.8,17,Easy,77.7,80.9,2025-09-15 08:00:00
STU00227,Database,68.3,68.7,4,2.5,74.2,94.1,64.8,68.3,13,Medium,71.7,82.3,2025-09-19 03:00:00
STU00227,Web Development,93.9,88.2,5,2.6,57.6,97.3,68.3,93.9,15,Easy,77.5,81.4,2025-09-23 04:00:00
STU00227,Python,64.0,70.3,6,3.5,57.6,91.9,93.9,64.0,13,Medium,72.9,81.2,2025-09-27 06:00:00
STU00227,Data Structures,88.2,83.9,7,1.5,64.1,89.7,64.0,88.2,14,Easy,71.0,77.8,2025-10-01 08:00:00
STU00227,Algorithms,74.3,72.1,8,3.2,70.4,99.6,88.2,74.3,23,Medium,78.3,78.2,2025-10-05 04:00:00
STU00227,Database,68.0,69.0,9,3.9,63.5,91.0,74.3,68.0,9,Easy,72.7,79.6,2025-10-09 01:00:00
STU00227,Web Development,80.2,78.2,10,3.5,61.6,93.3,68.0,80.2,14,Easy,66.5,80.3,2025-10-13 04:00:00
STU00227,Python,83.5,79.6,11,3.4,62.4,100.0,80.2,83.5,13,Medium,71.6,81.4,2025-10-17 06:00:00
STU00227,Data Structures,77.6,73.9,12,3.7,72.5,96.0,83.5,77.6,21,Medium,66.4,78.2,2025-10-21 07:00:00
STU00227,Algorithms,69.1,67.6,13,2.9,75.9,92.7,77.6,69.1,25,Easy,68.8,80.6,2025-10-25 04:00:00
STU00227,Database,63.2,65.3,14,3.2,61.8,98.1,69.1,63.2,10,Medium,75.5,80.6,2025-10-29 05:00:00
STU00227,Web Development,76.5,77.9,15,1.9,65.5,99.9,63.2,76.5,16,Medium,69.2,76.8,2025-11-02 05:00:00
STU00227,Python,79.5,81.7,16,2.3,54.3,99.7,76.5,79.5,17,Easy,70.5,85.3,2025-11-06 05:00:00
STU00227,Data Structures,79.5,78.5,17,3.0,59.8,98.9,79.5,79.5,9,Easy,68.8,82.2,2025-11-10 02:00:00
STU00227,Algorithms,80.4,78.2,18,2.2,47.5,100.0,79.5,80.4,12,Easy,72.9,87.2,2025-11-14 06:00:00
STU00227,Database,84.4,86.4,19,3.7,57.5,88.1,80.4,84.4,14,Easy,64.5,84.6,2025-11-18 01:00:00
STU00227,Web Development,78.0,75.9,20,2.0,73.2,91.5,84.4,78.0,22,Medium,68.9,80.8,2025-11-22 04:00:00
STU00228,Python,98.7,99.2,1,4.1,41.2,100.0,74.3,98.7,18,Easy,88.1,91.0,2025-09-11 05:00:00
STU00228,Data Structures,87.9,85.5,2,3.0,39.6,96.2,98.7,87.9,10,Medium,85.0,92.8,2025-09-15 06:00:00
STU00228,Algorithms,91.3,90.7,3,4.3,35.7,91.2,87.9,91.3,13,Easy,81.4,83.4,2025-09-19 03:00:00
STU00228,Database,93.3,100.0,4,2.8,41.4,92.0,91.3,93.3,19,Easy,91.9,94.6,2025-09-23 05:00:00
STU00228,Web Development,96.0,95.2,5,2.7,34.2,96.8,93.3,96.0,25,Medium,84.9,94.2,2025-09-27 06:00:00
STU00228,Python,94.0,95.4,6,4.3,48.1,93.8,96.0,94.0,24,Medium,84.6,92.5,2025-10-01 02:00:00
STU00228,Data Structures,92.7,89.5,7,2.1,30.0,92.5,94.0,92.7,15,Easy,90.3,91.5,2025-10-05 03:00:00
STU00228,Algorithms,85.0,86.8,8,4.4,36.3,96.4,92.7,85.0,23,Medium,77.2,94.7,2025-10-09 08:00:00
STU00228,Database,97.2,100.0,9,3.3,34.7,92.8,85.0,97.2,13,Easy,82.2,93.6,2025-10-13 05:00:00
STU00228,Web Development,96.5,100.0,10,4.5,31.1,95.3,97.2,96.5,17,Easy,81.6,88.7,2025-10-17 06:00:00
STU00228,Python,92.0,94.6,11,2.4,36.9,98.5,96.5,92.0,14,Medium,87.4,91.5,2025-10-21 04:00:00
STU00228,Data Structures,96.7,95.7,12,3.1,35.0,96.4,92.0,96.7,23,Easy,79.3,84.1,2025-10-25 05:00:00
STU00228,Algorithms,99.9,98.0,13,2.5,45.0,97.9,96.7,99.9,18,Easy,91.6,88.7,2025-10-29 08:00:00
STU00228,Database,100.0,100.0,14,2.6,43.1,99.3,99.9,100.0,25,Easy,89.6,83.8,2025-11-02 06:00:00
STU00228,Web Development,96.4,100.0,15,4.0,51.9,95.9,100.0,96.4,14,Easy,85.0,89.4,2025-11-06 03:00:00
STU00228,Python,100.0,100.0,16,2.5,38.1,94.3,96.4,100.0,25,Easy,81.8,86.9,2025-11-10 07:00:00
STU00228,Data Structures,83.2,83.4,17,3.0,28.6,86.4,100.0,83.2,13,Hard,81.9,90.1,2025-11-14 05:00:00
STU00228,Algorithms,92.1,90.3,18,4.5,40.0,96.9,83.2,92.1,11,Medium,78.7,93.6,2025-11-18 04:00:00
STU00228,Database,89.2,91.9,19,2.7,37.2,95.7,92.1,89.2,19,Medium,90.6,92.6,2025-11-22 05:00:00
STU00228,Web Development,98.7,100.0,20,4.5,31.0,92.4,89.2,98.7,25,Medium,83.5,90.6,2025-11-26 05:00:00
STU00229,Python,72.8,72.8,1,1.5,73.1,94.5,55.6,72.8,24,Easy,48.3,79.8,2025-09-14 06:00:00
STU00229,Data Structures,63.5,66.4,2,3.0,87.5,99.5,72.8,63.5,14,Medium,48.9,80.0,2025-09-18 01:00:00
STU00229,Algorithms,74.0,74.7,3,2.3,76.9,95.6,63.5,74.0,15,Medium,56.4,85.0,2025-09-22 05:00:00
STU00229,Database,72.0,71.2,4,2.3,90.4,94.8,74.0,72.0,24,Medium,54.1,82.4,2025-09-26 07:00:00
STU00229,Web Development,82.1,79.0,5,2.1,69.5,98.0,72.0,82.1,20,Medium,55.9,73.8,2025-09-30 06:00:00
STU00229,Python,68.2,67.2,6,2.1,98.2,99.7,82.1,68.2,11,Medium,58.9,80.4,2025-10-04 06:00:00
STU00229,Data Structures,70.4,72.2,7,3.8,87.6,98.3,68.2,70.4,17,Medium,53.1,78.3,2025-10-08 07:00:00
STU00229,Algorithms,80.1,81.9,8,1.7,84.0,96.2,70.4,80.1,13,Medium,51.6,72.1,2025-10-12 04:00:00
STU00229,Database,64.1,66.3,9,2.2,83.6,95.6,80.1,64.1,12,Medium,57.1,78.6,2025-10-16 08:00:00
STU00229,Web Development,79.1,80.4,10,2.3,75.2,95.7,64.1,79.1,16,Medium,57.4,76.4,2025-10-20 01:00:00
STU00229,Python,81.7,76.3,11,2.8,81.4,100.0,79.1,81.7,8,Easy,54.6,78.1,2025-10-24 08:00:00
STU00229,Data Structures,67.9,68.5,12,2.6,81.1,90.9,81.7,67.9,17,Easy,57.2,80.9,2025-10-28 05:00:00
STU00229,Algorithms,88.8,85.1,13,1.8,77.6,100.0,67.9,88.8,17,Medium,52.1,80.7,2025-11-01 03:00:00
STU00229,Database,61.3,63.1,14,2.6,88.9,99.9,88.8,61.3,15,Hard,53.6,72.0,2025-11-05 08:00:00
STU00229,Web Development,72.5,70.0,15,2.0,90.4,93.9,61.3,72.5,16,Hard,52.4,82.4,2025-11-09 06:00:00
STU00229,Python,74.2,68.6,16,1.6,83.9,99.6,72.5,74.2,18,Hard,49.4,83.2,2025-11-13 01:00:00
STU00229,Data Structures,71.7,64.8,17,1.9,73.6,94.5,74.2,71.7,12,Hard,52.8,73.9,2025-11-17 05:00:00
STU00229,Algorithms,78.8,82.9,18,2.2,88.6,94.2,71.7,78.8,16,Medium,54.7,81.6,2025-11-21 06:00:00
STU00229,Database,75.3,77.2,19,3.1,83.0,91.4,78.8,75.3,25,Easy,56.5,70.2,2025-11-25 04:00:00
STU00229,Web Development,82.9,83.0,20,3.2,84.1,99.0,75.3,82.9,8,Medium,51.5,80.3,2025-11-29 03:00:00
STU00230,Python,52.9,57.6,1,3.8,74.8,92.8,57.1,52.9,13,Hard,64.3,68.5,2025-09-05 05:00:00
STU00230,Data Structures,81.2,84.2,2,1.6,77.2,99.8,52.9,81.2,10,Easy,67.1,73.4,2025-09-09 05:00:00
STU00230,Algorithms,65.3,65.4,3,3.2,76.4,97.3,81.2,65.3,17,Medium,60.2,72.0,2025-09-13 07:00:00
STU00230,Database,75.3,75.0,4,3.3,75.5,91.0,65.3,75.3,12,Easy,75.2,65.1,2025-09-17 04:00:00
STU00230,Web Development,60.6,63.2,5,3.9,76.4,93.7,75.3,60.6,16,Medium,65.1,71.6,2025-09-21 05:00:00
STU00230,Python,63.1,62.4,6,3.7,88.1,94.5,60.6,63.1,23,Easy,69.4,61.9,2025-09-25 03:00:00
STU00230,Data Structures,63.6,67.5,7,2.0,75.1,98.0,63.1,63.6,19,Hard,64.3,64.5,2025-09-29 08:00:00
STU00230,Algorithms,67.5,66.7,8,3.8,75.6,95.0,63.6,67.5,8,Medium,70.6,62.3,2025-10-03 04:00:00
STU00230,Database,70.3,69.7,9,3.4,65.7,99.6,67.5,70.3,24,Easy,64.2,72.3,2025-10-07 08:00:00
STU00230,Web Development,59.7,61.1,10,3.6,74.1,98.6,70.3,59.7,15,Hard,62.5,68.4,2025-10-11 01:00:00
STU00230,Python,75.6,77.7,11,3.8,71.2,100.0,59.7,75.6,18,Easy,61.2,71.0,2025-10-15 08:00:00
STU00230,Data Structures,80.5,82.7,12,3.3,70.9,94.6,75.6,80.5,9,Easy,61.7,69.8,2025-10-19 03:00:00
STU00230,Algorithms,62.6,64.5,13,1.9,74.1,97.1,80.5,62.6,22,Easy,66.3,70.2,2025-10-23 08:00:00
STU00230,Database,76.3,76.0,14,2.7,70.2,87.5,62.6,76.3,8,Medium,71.2,70.1,2025-10-27 06:00:00
STU00230,Web Development,69.0,68.4,15,2.1,82.7,100.0,76.3,69.0,22,Easy,65.5,60.6,2025-10-31 05:00:00
STU00230,Python,68.0,71.7,16,1.6,68.0,85.6,69.0,68.0,20,Medium,62.6,68.8,2025-11-04 01:00:00
STU00230,Data Structures,98.8,100.0,17,2.9,77.3,99.5,68.0,98.8,8,Easy,67.7,68.4,2025-11-08 04:00:00
STU00230,Algorithms,62.9,64.0,18,1.8,71.3,98.1,98.8,62.9,8,Easy,69.8,68.3,2025-11-12 04:00:00
STU00230,Database,76.4,76.8,19,1.5,70.7,91.8,62.9,76.4,11,Easy,68.6,65.8,2025-11-16 04:00:00
STU00230,Web Development,69.0,71.3,20,1.6,71.2,90.0,76.4,69.0,24,Easy,59.6,60.7,2025-11-20 02:00:00
STU00231,Python,41.4,42.3,1,3.3,97.8,92.7,35.6,41.4,14,Medium,61.0,51.2,2025-09-20 01:00:00
STU00231,Data Structures,50.9,52.6,2,2.9,115.4,90.4,41.4,50.9,15,Medium,52.2,50.4,2025-09-24 02:00:00
STU00231,Algorithms,33.8,34.8,3,2.7,97.8,98.8,50.9,33.8,25,Hard,59.8,44.7,2025-09-28 05:00:00
STU00231,Database,64.5,63.0,4,1.7,107.6,96.9,33.8,64.5,13,Easy,49.8,56.3,2025-10-02 06:00:00
STU00231,Web Development,65.7,65.6,5,2.8,110.3,96.3,64.5,65.7,18,Easy,57.3,52.4,2025-10-06 04:00:00
STU00231,Python,49.0,55.8,6,3.8,107.7,100.0,65.7,49.0,19,Easy,63.1,57.5,2025-10-10 03:00:00
STU00231,Data Structures,56.3,57.4,7,1.9,105.3,95.9,49.0,56.3,16,Medium,60.0,53.9,2025-10-14 07:00:00
STU00231,Algorithms,50.2,51.0,8,2.6,97.1,99.0,56.3,50.2,12,Easy,55.4,53.4,2025-10-18 05:00:00
STU00231,Database,51.8,54.2,9,2.5,102.0,89.3,50.2,51.8,22,Medium,58.2,59.0,2025-10-22 01:00:00
STU00231,Web Development,67.3,62.7,10,2.8,94.2,97.2,51.8,67.3,24,Medium,55.6,52.7,2025-10-26 05:00:00
STU00231,Python,56.6,55.3,11,1.7,92.6,95.1,67.3,56.6,20,Medium,60.2,48.9,2025-10-30 01:00:00
STU00231,Data Structures,44.9,45.6,12,1.5,112.4,96.6,56.6,44.9,23,Hard,49.4,49.7,2025-11-03 02:00:00
STU00231,Algorithms,48.8,49.4,13,2.0,100.4,93.8,44.9,48.8,25,Hard,53.2,53.1,2025-11-07 04:00:00
STU00231,Database,53.8,52.5,14,3.1,103.7,100.0,48.8,53.8,13,Hard,51.7,53.7,2025-11-11 05:00:00
STU00231,Web Development,46.7,51.2,15,2.2,100.8,99.5,53.8,46.7,13,Hard,51.5,55.5,2025-11-15 03:00:00
STU00231,Python,61.7,66.1,16,2.6,103.1,91.0,46.7,61.7,8,Easy,56.4,54.6,2025-11-19 07:00:00
STU00231,Data Structures,52.0,53.6,17,1.5,100.7,93.0,61.7,52.0,23,Medium,50.0,57.1,2025-11-23 03:00:00
STU00231,Algorithms,56.5,57.9,18,3.9,91.3,89.8,52.0,56.5,14,Easy,64.0,49.8,2025-11-27 08:00:00
STU00231,Database,73.3,65.6,19,1.9,103.5,96.2,56.5,73.3,20,Medium,61.2,59.4,2025-12-01 02:00:00
STU00231,Web Development,81.2,79.6,20,2.5,103.2,98.1,73.3,81.2,11,Easy,57.7,50.8,2025-12-05 07:00:00
STU00232,Python,100.0,100.0,1,2.5,42.8,94.4,76.9,100.0,13,Easy,77.7,84.3,2025-09-08 03:00:00
STU00232,Data Structures,100.0,100.0,2,4.3,40.8,90.9,100.0,100.0,8,Easy,84.1,86.0,2025-09-12 03:00:00
STU00232,Algorithms,89.2,90.6,3,4.5,42.2,97.2,100.0,89.2,21,Medium,88.0,80.4,2025-09-16 05:00:00
STU00232,Database,94.3,98.2,4,3.8,36.2,95.2,89.2,94.3,11,Medium,76.6,81.8,2025-09-20 02:00:00
STU00232,Web Development,90.6,93.0,5,3.6,40.6,96.4,94.3,90.6,24,Medium,79.0,91.8,2025-09-24 05:00:00
STU00232,Python,98.4,99.6,6,2.9,46.2,90.0,90.6,98.4,14,Easy,83.0,83.1,2025-09-28 02:00:00
STU00232,Data Structures,97.2,100.0,7,3.8,52.0,94.1,98.4,97.2,13,Easy,90.1,92.3,2025-10-02 06:00:00
STU00232,Algorithms,94.4,95.3,8,4.3,40.8,97.6,97.2,94.4,11,Medium,79.1,77.2,2025-10-06 03:00:00
STU00232,Database,96.9,94.5,9,3.9,49.0,86.4,94.4,96.9,8,Hard,83.5,85.0,2025-10-10 06:00:00
STU00232,Web Development,93.5,96.8,10,3.1,43.9,98.9,96.9,93.5,23,Medium,78.3,83.7,2025-10-14 08:00:00
STU00232,Python,100.0,100.0,11,3.1,38.2,97.6,93.5,100.0,17,Easy,89.6,84.8,2025-10-18 01:00:00
STU00232,Data Structures,100.0,100.0,12,3.8,38.0,95.0,100.0,100.0,8,Medium,83.8,85.8,2025-10-22 06:00:00
STU00232,Algorithms,94.4,98.4,13,4.3,39.3,92.5,100.0,94.4,8,Easy,81.6,81.3,2025-10-26 05:00:00
STU00232,Database,97.0,100.0,14,4.0,32.4,93.2,94.4,97.0,20,Medium,85.5,84.8,2025-10-30 04:00:00
STU00232,Web Development,98.7,97.0,15,2.8,47.6,93.2,97.0,98.7,20,Hard,85.5,89.5,2025-11-03 01:00:00
STU00232,Python,99.2,100.0,16,3.7,44.0,92.0,98.7,99.2,18,Easy,82.5,82.7,2025-11-07 06:00:00
STU00232,Data Structures,100.0,100.0,17,2.2,50.5,94.0,99.2,100.0,16,Medium,82.2,86.7,2025-11-11 02:00:00
STU00232,Algorithms,85.3,92.7,18,2.3,44.8,98.3,100.0,85.3,24,Medium,78.1,83.1,2025-11-15 08:00:00
STU00232,Database,98.2,100.0,19,3.2,36.5,92.3,85.3,98.2,25,Easy,90.4,81.2,2025-11-19 07:00:00
STU00232,Web Development,100.0,100.0,20,2.2,27.6,90.5,98.2,100.0,24,Medium,80.4,83.2,2025-11-23 05:00:00
STU00233,Python,46.7,51.4,1,2.9,82.2,94.9,33.6,46.7,25,Easy,51.1,42.8,2025-09-19 05:00:00
STU00233,Data Structures,46.6,49.1,2,3.3,80.0,100.0,46.7,46.6,10,Medium,48.5,47.0,2025-09-23 06:00:00
STU00233,Algorithms,51.4,55.0,3,2.4,91.3,93.6,46.6,51.4,20,Easy,43.6,54.4,2025-09-27 02:00:00
STU00233,Database,57.2,50.9,4,3.0,92.8,95.8,51.4,57.2,16,Medium,43.1,54.8,2025-10-01 07:00:00
STU00233,Web Development,51.6,54.4,5,1.6,91.1,94.4,57.2,51.6,17,Medium,46.6,49.4,2025-10-05 03:00:00
STU00233,Python,45.8,49.3,6,2.8,88.6,100.0,51.6,45.8,15,Easy,47.3,47.9,2025-10-09 04:00:00
STU00233,Data Structures,45.3,42.7,7,2.9,90.6,100.0,45.8,45.3,13,Medium,48.8,40.9,2025-10-13 07:00:00
STU00233,Algorithms,47.4,43.3,8,3.8,85.2,93.9,45.3,47.4,8,Medium,56.7,51.5,2025-10-17 02:00:00
STU00233,Database,49.6,52.6,9,2.5,89.3,91.4,47.4,49.6,8,Easy,44.3,50.2,2025-10-21 07:00:00
STU00233,Web Development,39.0,42.3,10,3.7,72.1,100.0,49.6,39.0,23,Medium,46.7,43.9,2025-10-25 06:00:00
STU00233,Python,50.8,52.4,11,3.4,77.2,100.0,39.0,50.8,12,Easy,54.5,56.5,2025-10-29 02:00:00
STU00233,Data Structures,53.1,50.5,12,3.0,97.4,88.1,50.8,53.1,10,Easy,53.4,49.3,2025-11-02 07:00:00
STU00233,Algorithms,47.6,45.9,13,3.0,83.6,92.3,53.1,47.6,8,Medium,53.6,54.2,2025-11-06 08:00:00
STU00233,Database,31.2,29.3,14,3.8,84.4,95.7,47.6,31.2,15,Hard,47.6,55.4,2025-11-10 07:00:00
STU00233,Web Development,51.8,52.2,15,2.9,87.0,92.9,31.2,51.8,12,Easy,51.8,49.7,2025-11-14 06:00:00
STU00233,Python,35.8,37.5,16,1.8,81.7,95.1,51.8,35.8,8,Hard,54.6,41.6,2025-11-18 04:00:00
STU00233,Data Structures,49.2,47.7,17,3.3,79.3,97.1,35.8,49.2,25,Medium,52.8,59.5,2025-11-22 08:00:00
STU00233,Algorithms,52.4,52.9,18,2.8,92.1,96.5,49.2,52.4,17,Medium,45.9,41.5,2025-11-26 07:00:00
STU00233,Database,55.0,57.1,19,4.0,85.1,95.6,52.4,55.0,10,Easy,48.6,56.4,2025-11-30 06:00:00
STU00233,Web Development,56.0,58.3,20,2.1,93.9,95.3,55.0,56.0,20,Easy,45.6,54.3,2025-12-04 08:00:00
STU00234,Python,94.7,94.8,1,2.0,42.9,95.9,83.0,94.7,21,Easy,87.1,84.8,2025-09-07 03:00:00
STU00234,Data Structures,100.0,100.0,2,2.1,41.1,97.5,94.7,100.0,23,Easy,82.8,85.7,2025-09-11 01:00:00
STU00234,Algorithms,90.3,88.6,3,3.7,43.7,98.7,100.0,90.3,24,Medium,82.2,85.8,2025-09-15 03:00:00
STU00234,Database,84.4,88.7,4,2.7,48.4,96.0,90.3,84.4,19,Medium,87.7,83.5,2025-09-19 04:00:00
STU00234,Web Development,100.0,99.3,5,3.6,47.1,87.4,84.4,100.0,22,Medium,91.4,83.8,2025-09-23 05:00:00
STU00234,Python,100.0,99.8,6,3.9,64.1,92.2,100.0,100.0,14,Medium,89.2,82.5,2025-09-27 06:00:00
STU00234,Data Structures,99.2,100.0,7,3.2,50.6,95.5,100.0,99.2,14,Easy,81.9,78.6,2025-10-01 08:00:00
STU00234,Algorithms,98.2,96.4,8,2.9,39.5,93.7,99.2,98.2,17,Easy,84.5,87.2,2025-10-05 07:00:00
STU00234,Database,94.9,94.2,9,4.2,48.2,99.7,98.2,94.9,22,Medium,84.4,90.9,2025-10-09 03:00:00
STU00234,Web Development,94.4,94.4,10,4.4,45.7,99.6,94.9,94.4,8,Hard,83.9,85.7,2025-10-13 06:00:00
STU00234,Python,100.0,100.0,11,2.4,46.0,99.5,94.4,100.0,9,Medium,84.6,82.5,2025-10-17 01:00:00
STU00234,Data Structures,100.0,100.0,12,2.1,34.9,93.2,100.0,100.0,15,Easy,84.3,83.3,2025-10-21 07:00:00
STU00234,Algorithms,86.1,86.7,13,4.4,37.1,94.9,100.0,86.1,20,Medium,80.4,87.8,2025-10-25 05:00:00
STU00234,Database,97.4,100.0,14,3.3,39.5,95.8,86.1,97.4,21,Easy,88.4,77.4,2025-10-29 05:00:00
STU00234,Web Development,91.3,91.2,15,2.2,46.9,100.0,97.4,91.3,12,Hard,81.9,77.1,2025-11-02 05:00:00
STU00234,Python,100.0,100.0,16,2.2,39.2,98.6,91.3,100.0,19,Medium,86.0,88.6,2025-11-06 02:00:00
STU00234,Data Structures,89.3,87.9,17,2.5,56.9,96.2,100.0,89.3,15,Hard,81.6,80.6,2025-11-10 08:00:00
STU00234,Algorithms,94.9,94.0,18,3.5,35.5,94.3,89.3,94.9,14,Medium,79.1,89.1,2025-11-14 02:00:00
STU00234,Database,89.2,87.5,19,3.2,35.3,88.5,94.9,89.2,22,Hard,82.2,82.1,2025-11-18 07:00:00
STU00234,Web Development,99.8,100.0,20,4.0,48.4,94.8,89.2,99.8,20,Easy,89.3,77.5,2025-11-22 02:00:00
STU00235,Python,76.8,78.6,1,3.7,80.5,93.3,53.6,76.8,14,Medium,63.9,75.8,2025-09-08 02:00:00
STU00235,Data Structures,82.2,81.8,2,1.7,70.4,85.5,76.8,82.2,19,Medium,66.5,74.7,2025-09-12 08:00:00
STU00235,Algorithms,68.9,70.0,3,2.8,75.4,89.8,82.2,68.9,20,Hard,69.0,72.2,2025-09-16 01:00:00
STU00235,Database,79.6,79.7,4,3.0,82.6,90.8,68.9,79.6,13,Easy,71.2,70.1,2025-09-20 02:00:00
STU00235,Web Development,85.9,87.8,5,1.7,81.1,96.7,79.6,85.9,10,Easy,68.4,69.3,2025-09-24 08:00:00
STU00235,Python,79.2,76.5,6,1.9,66.9,97.8,85.9,79.2,12,Medium,67.0,66.4,2025-09-28 05:00:00
STU00235,Data Structures,73.5,78.1,7,3.2,77.4,100.0,79.2,73.5,9,Medium,73.5,71.1,2025-10-02 04:00:00
STU00235,Algorithms,86.7,82.5,8,1.8,76.1,100.0,73.5,86.7,14,Easy,70.8,69.7,2025-10-06 01:00:00
STU00235,Database,92.7,93.3,9,3.9,74.5,96.1,86.7,92.7,10,Easy,67.2,67.6,2025-10-10 05:00:00
STU00235,Web Development,85.5,86.6,10,1.7,68.4,88.7,92.7,85.5,22,Medium,71.7,69.1,2025-10-14 08:00:00
STU00235,Python,81.7,78.0,11,2.3,68.5,100.0,85.5,81.7,11,Medium,65.0,72.5,2025-10-18 02:00:00
STU00235,Data Structures,79.0,76.4,12,2.9,67.3,95.0,81.7,79.0,11,Easy,68.2,79.1,2025-10-22 01:00:00
STU00235,Algorithms,82.8,82.5,13,2.5,71.9,90.4,79.0,82.8,25,Hard,69.7,69.9,2025-10-26 03:00:00
STU00235,Database,83.0,80.5,14,2.0,70.2,98.5,82.8,83.0,15,Medium,67.8,70.1,2025-10-30 01:00:00
STU00235,Web Development,86.8,92.2,15,2.6,65.4,94.4,83.0,86.8,19,Medium,65.3,69.1,2025-11-03 06:00:00
STU00235,Python,84.5,82.1,16,2.7,71.6,95.3,86.8,84.5,11,Medium,66.4,72.9,2025-11-07 07:00:00
STU00235,Data Structures,79.3,75.7,17,3.4,71.1,91.8,84.5,79.3,16,Hard,62.1,80.9,2025-11-11 01:00:00
STU00235,Algorithms,83.2,84.1,18,3.6,79.5,86.6,79.3,83.2,14,Medium,70.4,73.6,2025-11-15 05:00:00
STU00235,Database,95.7,95.7,19,3.2,68.6,98.6,83.2,95.7,19,Easy,70.3,73.3,2025-11-19 04:00:00
STU00235,Web Development,91.7,89.5,20,3.6,74.6,97.5,95.7,91.7,24,Medium,62.9,76.0,2025-11-23 04:00:00
STU00236,Python,100.0,93.9,1,2.5,51.0,95.1,78.2,100.0,24,Easy,89.4,87.5,2025-09-17 08:00:00
STU00236,Data Structures,100.0,100.0,2,3.7,49.2,93.3,100.0,100.0,9,Medium,86.7,93.7,2025-09-21 03:00:00
STU00236,Algorithms,100.0,100.0,3,2.1,52.8,100.0,100.0,100.0,23,Easy,80.1,89.1,2025-09-25 06:00:00
STU00236,Database,93.9,93.3,4,2.1,58.2,98.4,100.0,93.9,21,Hard,83.5,95.7,2025-09-29 07:00:00
STU00236,Web Development,90.3,93.4,5,2.8,45.3,98.9,93.9,90.3,17,Medium,79.3,89.4,2025-10-03 08:00:00
STU00236,Python,92.2,93.4,6,2.5,47.1,92.3,90.3,92.2,18,Medium,82.9,90.0,2025-10-07 03:00:00
STU00236,Data Structures,100.0,100.0,7,3.5,53.0,93.3,92.2,100.0,14,Medium,88.2,96.1,2025-10-11 07:00:00
STU00236,Algorithms,99.3,98.0,8,2.7,52.6,88.0,100.0,99.3,10,Easy,85.9,94.8,2025-10-15 02:00:00
STU00236,Database,97.9,100.0,9,2.0,39.9,100.0,99.3,97.9,11,Easy,88.7,95.6,2025-10-19 05:00:00
STU00236,Web Development,86.2,84.3,10,4.5,46.9,96.1,97.9,86.2,13,Hard,87.1,91.2,2025-10-23 05:00:00
STU00236,Python,81.4,80.0,11,2.9,50.3,97.9,86.2,81.4,19,Hard,77.0,96.9,2025-10-27 04:00:00
STU00236,Data Structures,100.0,100.0,12,2.3,47.9,92.8,81.4,100.0,14,Easy,86.4,88.6,2025-10-31 05:00:00
STU00236,Algorithms,88.3,89.6,13,4.5,54.3,89.6,100.0,88.3,21,Medium,86.1,94.6,2025-11-04 04:00:00
STU00236,Database,100.0,100.0,14,3.2,42.8,93.1,88.3,100.0,14,Easy,81.0,92.9,2025-11-08 03:00:00
STU00236,Web Development,98.0,94.1,15,4.3,59.8,93.2,100.0,98.0,13,Medium,79.6,89.9,2025-11-12 04:00:00
STU00236,Python,95.6,100.0,16,3.3,43.6,96.0,98.0,95.6,16,Easy,84.1,88.7,2025-11-16 07:00:00
STU00236,Data Structures,100.0,100.0,17,2.2,49.5,95.9,95.6,100.0,16,Medium,83.3,95.0,2025-11-20 03:00:00
STU00236,Algorithms,98.4,100.0,18,3.3,48.7,88.9,100.0,98.4,11,Easy,79.8,98.4,2025-11-24 08:00:00
STU00236,Database,100.0,100.0,19,3.4,36.7,91.1,98.4,100.0,17,Easy,82.1,87.0,2025-11-28 06:00:00
STU00236,Web Development,100.0,100.0,20,2.4,52.3,96.0,100.0,100.0,22,Medium,82.1,96.1,2025-12-02 02:00:00
STU00237,Python,72.0,65.5,1,2.9,99.8,94.9,46.2,72.0,17,Easy,53.6,43.0,2025-09-08 03:00:00
STU00237,Data Structures,57.3,63.6,2,3.9,92.7,94.0,72.0,57.3,22,Easy,60.1,44.9,2025-09-12 04:00:00
STU00237,Algorithms,66.6,66.6,3,2.6,96.0,95.5,57.3,66.6,12,Easy,56.6,43.5,2025-09-16 08:00:00
STU00237,Database,55.9,51.9,4,3.6,94.6,96.5,66.6,55.9,24,Medium,61.1,53.8,2025-09-20 05:00:00
STU00237,Web Development,49.1,48.4,5,3.2,86.9,93.3,55.9,49.1,17,Medium,66.5,45.2,2025-09-24 05:00:00
STU00237,Python,72.1,70.1,6,2.4,90.0,100.0,49.1,72.1,14,Easy,56.9,46.1,2025-09-28 07:00:00
STU00237,Data Structures,65.1,62.5,7,3.3,98.9,91.2,72.1,65.1,11,Easy,57.1,57.2,2025-10-02 08:00:00
STU00237,Algorithms,78.4,74.9,8,1.9,93.5,92.8,65.1,78.4,19,Easy,60.9,44.9,2025-10-06 01:00:00
STU00237,Database,51.7,50.4,9,2.2,93.0,93.6,78.4,51.7,15,Medium,63.9,46.5,2025-10-10 06:00:00
STU00237,Web Development,55.7,54.4,10,2.3,102.6,93.0,51.7,55.7,22,Medium,53.3,46.6,2025-10-14 03:00:00
STU00237,Python,71.1,69.3,11,2.0,97.1,98.9,55.7,71.1,10,Easy,60.5,43.5,2025-10-18 04:00:00
STU00237,Data Structures,72.4,68.7,12,3.8,94.3,83.5,71.1,72.4,19,Easy,55.4,39.2,2025-10-22 05:00:00
STU00237,Algorithms,59.5,63.7,13,3.7,88.4,94.0,72.4,59.5,24,Hard,59.7,47.4,2025-10-26 02:00:00
STU00237,Database,60.1,54.5,14,1.6,94.1,99.0,59.5,60.1,11,Medium,56.4,46.2,2025-10-30 07:00:00
STU00237,Web Development,67.1,64.4,15,3.2,95.8,92.3,60.1,67.1,14,Easy,61.9,46.5,2025-11-03 02:00:00
STU00237,Python,70.6,75.8,16,3.7,95.3,96.3,67.1,70.6,17,Easy,59.3,46.7,2025-11-07 01:00:00
STU00237,Data Structures,74.6,75.3,17,3.5,98.8,93.1,70.6,74.6,25,Easy,48.0,50.4,2025-11-11 04:00:00
STU00237,Algorithms,63.3,65.2,18,2.0,97.9,87.5,74.6,63.3,14,Medium,56.5,41.6,2025-11-15 06:00:00
STU00237,Database,49.9,52.3,19,3.2,98.5,96.7,63.3,49.9,8,Medium,59.3,48.4,2025-11-19 01:00:00
STU00237,Web Development,59.9,59.5,20,1.5,90.0,93.9,49.9,59.9,23,Medium,55.4,42.0,2025-11-23 02:00:00
STU00238,Python,40.6,42.0,1,3.3,88.7,98.0,30.0,40.6,14,Medium,47.0,35.6,2025-09-09 08:00:00
STU00238,Data Structures,47.6,43.2,2,1.7,87.0,93.6,40.6,47.6,23,Medium,41.9,42.0,2025-09-13 05:00:00
STU00238,Algorithms,29.5,26.4,3,3.3,80.1,93.9,47.6,29.5,10,Hard,48.9,43.9,2025-09-17 05:00:00
STU00238,Database,44.8,46.4,4,2.0,89.4,94.4,29.5,44.8,23,Medium,42.5,38.2,2025-09-21 06:00:00
STU00238,Web Development,32.4,34.5,5,1.9,96.7,97.8,44.8,32.4,25,Medium,38.8,40.6,2025-09-25 02:00:00
STU00238,Python,47.6,42.8,6,1.9,95.9,90.2,32.4,47.6,23,Hard,40.7,49.7,2025-09-29 04:00:00
STU00238,Data Structures,42.9,44.5,7,1.8,79.7,94.7,47.6,42.9,17,Medium,42.9,40.3,2025-10-03 03:00:00
STU00238,Algorithms,55.1,52.0,8,2.3,88.8,90.6,42.9,55.1,25,Easy,42.2,50.0,2025-10-07 01:00:00
STU00238,Database,41.6,41.8,9,1.7,81.3,92.7,55.1,41.6,10,Easy,41.2,42.4,2025-10-11 05:00:00
STU00238,Web Development,38.8,37.5,10,3.5,89.4,93.7,41.6,38.8,17,Medium,43.5,42.9,2025-10-15 03:00:00
STU00238,Python,43.3,41.1,11,3.2,86.7,96.3,38.8,43.3,20,Hard,43.0,39.2,2025-10-19 05:00:00
STU00238,Data Structures,39.5,41.1,12,2.7,78.4,97.5,43.3,39.5,25,Easy,41.4,42.3,2025-10-23 08:00:00
STU00238,Algorithms,36.6,35.9,13,3.9,93.5,100.0,39.5,36.6,17,Hard,45.2,48.1,2025-10-27 06:00:00
STU00238,Database,56.7,52.8,14,3.2,86.7,94.1,36.6,56.7,8,Medium,33.1,41.8,2025-10-31 06:00:00
STU00238,Web Development,40.1,37.2,15,1.7,76.9,95.7,56.7,40.1,18,Hard,45.5,41.3,2025-11-04 03:00:00
STU00238,Python,35.7,36.5,16,2.3,95.7,89.9,40.1,35.7,19,Hard,41.9,48.5,2025-11-08 06:00:00
STU00238,Data Structures,40.6,43.7,17,2.3,91.3,95.0,35.7,40.6,8,Medium,44.5,42.4,2025-11-12 01:00:00
STU00238,Algorithms,46.6,51.9,18,3.6,74.0,92.3,40.6,46.6,18,Medium,46.3,41.7,2025-11-16 03:00:00
STU00238,Database,53.6,55.4,19,2.1,80.9,91.8,46.6,53.6,9,Easy,46.6,38.8,2025-11-20 02:00:00
STU00238,Web Development,49.4,49.3,20,2.1,85.6,99.9,53.6,49.4,14,Easy,38.8,50.3,2025-11-24 01:00:00
STU00239,Python,62.5,59.6,1,2.3,73.8,97.7,58.3,62.5,17,Hard,70.0,76.6,2025-09-11 03:00:00
STU00239,Data Structures,73.9,76.7,2,2.2,71.8,96.6,62.5,73.9,15,Medium,72.6,80.3,2025-09-15 05:00:00
STU00239,Algorithms,80.0,83.0,3,3.6,74.1,90.2,73.9,80.0,10,Medium,67.9,77.6,2025-09-19 06:00:00
STU00239,Database,84.9,86.0,4,1.9,83.4,93.5,80.0,84.9,9,Easy,71.1,72.2,2025-09-23 05:00:00
STU00239,Web Development,72.3,76.5,5,3.4,71.6,95.9,84.9,72.3,14,Medium,78.3,80.6,2025-09-27 04:00:00
STU00239,Python,69.7,71.9,6,2.5,64.2,92.4,72.3,69.7,9,Medium,76.8,71.0,2025-10-01 01:00:00
STU00239,Data Structures,86.1,81.7,7,3.4,84.6,93.3,69.7,86.1,12,Medium,68.0,78.8,2025-10-05 04:00:00
STU00239,Algorithms,71.3,74.3,8,1.7,76.6,98.6,86.1,71.3,11,Hard,71.6,79.6,2025-10-09 03:00:00
STU00239,Database,93.2,92.4,9,3.8,78.9,93.6,71.3,93.2,8,Easy,67.5,79.0,2025-10-13 02:00:00
STU00239,Web Development,79.8,80.8,10,1.6,72.9,88.6,93.2,79.8,11,Medium,74.3,74.2,2025-10-17 04:00:00
STU00239,Python,74.0,74.8,11,1.7,68.8,99.5,79.8,74.0,15,Easy,75.8,71.9,2025-10-21 06:00:00
STU00239,Data Structures,89.1,84.2,12,3.8,71.7,94.5,74.0,89.1,13,Easy,73.8,76.7,2025-10-25 01:00:00
STU00239,Algorithms,78.3,77.8,13,2.9,64.3,95.2,89.1,78.3,25,Hard,74.1,79.1,2025-10-29 01:00:00
STU00239,Database,70.6,73.4,14,2.2,82.1,94.3,78.3,70.6,23,Medium,67.7,81.8,2025-11-02 05:00:00
STU00239,Web Development,78.2,74.7,15,3.8,83.5,96.8,70.6,78.2,21,Hard,70.9,79.4,2025-11-06 05:00:00
STU00239,Python,72.9,75.3,16,2.5,73.7,100.0,78.2,72.9,16,Medium,74.9,74.3,2025-11-10 03:00:00
STU00239,Data Structures,76.0,79.7,17,3.4,75.8,100.0,72.9,76.0,12,Medium,75.5,77.7,2025-11-14 02:00:00
STU00239,Algorithms,83.5,86.9,18,3.5,76.7,87.6,76.0,83.5,14,Medium,71.4,74.7,2025-11-18 05:00:00
STU00239,Database,87.7,88.7,19,2.9,82.3,91.3,83.5,87.7,20,Easy,68.3,77.3,2025-11-22 04:00:00
STU00239,Web Development,91.9,92.3,20,2.2,75.7,94.0,87.7,91.9,8,Easy,71.8,78.4,2025-11-26 02:00:00
STU00240,Python,47.8,45.2,1,3.3,84.1,100.0,44.2,47.8,18,Hard,44.4,50.9,2025-09-18 08:00:00
STU00240,Data Structures,54.2,53.7,2,3.7,80.3,93.4,47.8,54.2,25,Hard,33.8,38.7,2025-09-22 02:00:00
STU00240,Algorithms,70.4,67.2,3,3.2,77.1,93.5,54.2,70.4,23,Easy,43.5,49.4,2025-09-26 03:00:00
STU00240,Database,49.2,47.3,4,2.2,81.0,94.1,70.4,49.2,24,Hard,43.5,39.5,2025-09-30 08:00:00
STU00240,Web Development,63.2,64.7,5,2.1,88.8,96.7,49.2,63.2,9,Easy,41.1,44.9,2025-10-04 03:00:00
STU00240,Python,59.9,59.4,6,2.4,84.6,97.3,63.2,59.9,19,Medium,41.1,41.5,2025-10-08 04:00:00
STU00240,Data Structures,59.9,59.7,7,2.4,85.4,99.9,59.9,59.9,8,Medium,45.1,36.0,2025-10-12 02:00:00
STU00240,Algorithms,59.9,60.2,8,2.1,78.4,89.3,59.9,59.9,9,Easy,39.7,40.4,2025-10-16 05:00:00
STU00240,Database,60.2,65.1,9,3.4,88.8,94.5,59.9,60.2,14,Medium,43.4,40.0,2025-10-20 01:00:00
STU00240,Web Development,52.4,60.2,10,1.7,86.0,98.0,60.2,52.4,14,Medium,43.2,39.1,2025-10-24 01:00:00
STU00240,Python,64.9,60.4,11,3.4,81.1,97.1,52.4,64.9,25,Easy,44.6,44.1,2025-10-28 06:00:00
STU00240,Data Structures,66.8,64.3,12,3.4,92.1,92.4,64.9,66.8,12,Medium,42.4,36.2,2025-11-01 04:00:00
STU00240,Algorithms,58.4,55.6,13,2.4,89.0,96.9,66.8,58.4,8,Medium,34.6,41.4,2025-11-05 03:00:00
STU00240,Database,63.6,60.6,14,2.4,77.8,100.0,58.4,63.6,12,Medium,43.1,42.0,2025-11-09 07:00:00
STU00240,Web Development,52.1,51.4,15,2.1,80.8,100.0,63.6,52.1,19,Hard,42.4,39.1,2025-11-13 02:00:00
STU00240,Python,66.5,63.0,16,3.1,101.8,99.2,52.1,66.5,24,Easy,42.5,42.8,2025-11-17 03:00:00
STU00240,Data Structures,67.3,68.7,17,1.9,86.5,96.0,66.5,67.3,19,Medium,38.7,33.2,2025-11-21 08:00:00
STU00240,Algorithms,65.6,63.7,18,2.5,87.0,100.0,67.3,65.6,11,Easy,38.4,44.8,2025-11-25 05:00:00
STU00240,Database,68.2,68.4,19,2.2,86.5,95.1,65.6,68.2,14,Easy,41.3,51.6,2025-11-29 07:00:00
STU00240,Web Development,68.6,69.8,20,2.0,79.6,87.2,68.2,68.6,20,Easy,43.3,43.6,2025-12-03 06:00:00
STU00241,Python,94.2,93.7,1,3.0,45.3,100.0,74.5,94.2,11,Easy,85.1,87.0,2025-09-18 08:00:00
STU00241,Data Structures,84.0,86.3,2,3.2,42.8,94.1,94.2,84.0,16,Hard,82.2,99.5,2025-09-22 08:00:00
STU00241,Algorithms,91.9,95.1,3,2.3,36.7,96.8,84.0,91.9,12,Medium,87.7,89.4,2025-09-26 07:00:00
STU00241,Database,94.0,93.5,4,4.5,30.6,89.8,91.9,94.0,13,Medium,87.6,95.2,2025-09-30 02:00:00
STU00241,Web Development,95.3,91.3,5,4.2,43.0,97.5,94.0,95.3,11,Medium,82.4,92.4,2025-10-04 02:00:00
STU00241,Python,78.7,83.4,6,3.3,37.6,96.4,95.3,78.7,11,Medium,90.2,90.8,2025-10-08 08:00:00
STU00241,Data Structures,97.8,100.0,7,4.0,50.6,95.1,78.7,97.8,22,Easy,84.5,90.4,2025-10-12 03:00:00
STU00241,Algorithms,92.8,87.1,8,4.1,50.7,99.6,97.8,92.8,12,Medium,92.0,89.1,2025-10-16 01:00:00
STU00241,Database,97.3,100.0,9,3.3,44.6,93.0,92.8,97.3,21,Medium,86.3,87.9,2025-10-20 07:00:00
STU00241,Web Development,99.6,96.7,10,3.2,40.6,95.4,97.3,99.6,22,Easy,86.4,92.9,2025-10-24 01:00:00
STU00241,Python,80.6,87.8,11,2.6,39.7,95.0,99.6,80.6,10,Medium,78.2,94.7,2025-10-28 03:00:00
STU00241,Data Structures,96.8,100.0,12,4.5,31.2,95.6,80.6,96.8,24,Easy,86.1,87.6,2025-11-01 07:00:00
STU00241,Algorithms,100.0,99.0,13,3.0,39.8,100.0,96.8,100.0,25,Easy,85.5,90.8,2025-11-05 01:00:00
STU00241,Database,100.0,100.0,14,4.1,25.0,99.4,100.0,100.0,21,Easy,84.7,96.5,2025-11-09 06:00:00
STU00241,Web Development,99.7,100.0,15,2.9,38.7,95.0,100.0,99.7,14,Medium,82.1,91.1,2025-11-13 04:00:00
STU00241,Python,96.7,97.1,16,3.3,49.0,95.8,99.7,96.7,11,Medium,88.4,96.2,2025-11-17 02:00:00
STU00241,Data Structures,96.1,97.4,17,3.1,41.7,93.4,96.7,96.1,14,Medium,89.5,88.1,2025-11-21 05:00:00
STU00241,Algorithms,84.5,90.1,18,2.1,41.1,91.7,96.1,84.5,22,Hard,90.6,98.0,2025-11-25 03:00:00
STU00241,Database,100.0,100.0,19,2.4,44.5,93.6,84.5,100.0,16,Medium,88.4,91.3,2025-11-29 02:00:00
STU00241,Web Development,98.4,97.8,20,3.8,39.4,93.8,100.0,98.4,10,Medium,91.3,89.9,2025-12-03 08:00:00
STU00242,Python,90.1,89.6,1,1.9,60.7,98.6,66.6,90.1,20,Easy,57.5,73.2,2025-09-10 03:00:00
STU00242,Data Structures,77.6,75.6,2,3.5,64.0,90.3,90.1,77.6,11,Medium,57.5,69.3,2025-09-14 07:00:00
STU00242,Algorithms,88.7,86.4,3,2.6,55.9,97.7,77.6,88.7,25,Easy,55.9,71.4,2025-09-18 06:00:00
STU00242,Database,81.6,83.8,4,2.8,55.1,91.9,88.7,81.6,23,Easy,61.3,76.7,2025-09-22 04:00:00
STU00242,Web Development,63.5,69.0,5,2.5,57.2,100.0,81.6,63.5,24,Medium,51.5,68.0,2025-09-26 05:00:00
STU00242,Python,66.0,71.3,6,2.5,51.1,92.0,63.5,66.0,11,Medium,53.3,67.4,2025-09-30 08:00:00
STU00242,Data Structures,74.3,76.0,7,3.1,61.1,99.1,66.0,74.3,21,Easy,49.9,66.7,2025-10-04 07:00:00
STU00242,Algorithms,83.6,83.1,8,3.8,59.9,96.7,74.3,83.6,22,Medium,56.6,63.6,2025-10-08 01:00:00
STU00242,Database,79.0,79.9,9,1.7,55.3,89.2,83.6,79.0,18,Easy,56.9,74.6,2025-10-12 03:00:00
STU00242,Web Development,65.3,66.1,10,2.9,67.0,91.3,79.0,65.3,23,Hard,58.1,77.2,2025-10-16 01:00:00
STU00242,Python,83.7,81.3,11,3.5,66.2,100.0,65.3,83.7,21,Hard,54.5,62.3,2025-10-20 05:00:00
STU00242,Data Structures,79.2,79.1,12,1.8,60.6,97.1,83.7,79.2,8,Medium,65.6,70.3,2025-10-24 07:00:00
STU00242,Algorithms,85.1,89.5,13,3.8,58.5,99.6,79.2,85.1,10,Easy,52.8,65.8,2025-10-28 03:00:00
STU00242,Database,72.3,68.1,14,2.5,54.5,100.0,85.1,72.3,15,Hard,57.0,71.1,2025-11-01 05:00:00
STU00242,Web Development,95.1,92.2,15,3.7,58.9,97.6,72.3,95.1,11,Easy,54.7,63.7,2025-11-05 03:00:00
STU00242,Python,88.1,90.9,16,1.8,57.4,97.8,95.1,88.1,14,Easy,55.0,67.0,2025-11-09 06:00:00
STU00242,Data Structures,76.8,70.9,17,1.9,58.2,96.3,88.1,76.8,23,Hard,56.4,65.1,2025-11-13 04:00:00
STU00242,Algorithms,85.5,81.1,18,3.8,67.6,87.8,76.8,85.5,18,Hard,63.2,64.2,2025-11-17 03:00:00
STU00242,Database,89.5,89.0,19,1.7,59.3,100.0,85.5,89.5,8,Easy,55.2,71.6,2025-11-21 01:00:00
STU00242,Web Development,87.3,87.0,20,1.9,54.7,96.0,89.5,87.3,12,Easy,52.7,68.0,2025-11-25 05:00:00
STU00243,Python,63.3,64.5,1,2.6,78.5,93.8,53.2,63.3,25,Hard,70.4,63.7,2025-09-12 06:00:00
STU00243,Data Structures,56.8,58.4,2,3.6,82.6,94.5,63.3,56.8,19,Medium,70.2,64.0,2025-09-16 03:00:00
STU00243,Algorithms,56.1,59.9,3,2.3,79.3,98.8,56.8,56.1,18,Hard,60.9,69.7,2025-09-20 06:00:00
STU00243,Database,64.5,63.4,4,4.0,72.1,90.2,56.1,64.5,25,Medium,61.9,62.5,2025-09-24 01:00:00
STU00243,Web Development,62.7,64.1,5,3.1,67.7,100.0,64.5,62.7,18,Easy,62.4,63.5,2025-09-28 06:00:00
STU00243,Python,76.6,73.2,6,3.7,58.5,90.3,62.7,76.6,9,Easy,62.9,67.8,2025-10-02 04:00:00
STU00243,Data Structures,54.8,55.2,7,3.0,60.4,92.4,76.6,54.8,25,Medium,66.1,64.4,2025-10-06 05:00:00
STU00243,Algorithms,76.7,74.3,8,3.4,76.1,96.2,54.8,76.7,17,Medium,69.6,68.8,2025-10-10 03:00:00
STU00243,Database,68.9,69.2,9,3.8,69.3,90.5,76.7,68.9,23,Easy,65.5,71.6,2025-10-14 02:00:00
STU00243,Web Development,71.5,71.9,10,2.0,58.3,100.0,68.9,71.5,22,Easy,65.9,67.8,2025-10-18 08:00:00
STU00243,Python,69.6,70.0,11,3.4,75.9,92.6,71.5,69.6,11,Medium,64.4,64.8,2025-10-22 04:00:00
STU00243,Data Structures,52.0,48.1,12,2.8,67.1,100.0,69.6,52.0,8,Hard,63.3,68.5,2025-10-26 03:00:00
STU00243,Algorithms,80.0,77.4,13,1.8,67.1,88.2,52.0,80.0,18,Medium,62.8,70.0,2025-10-30 06:00:00
STU00243,Database,68.3,72.9,14,1.5,63.8,91.3,80.0,68.3,25,Easy,64.1,67.2,2025-11-03 02:00:00
STU00243,Web Development,64.3,69.5,15,2.7,74.6,95.5,68.3,64.3,18,Easy,69.6,64.7,2025-11-07 07:00:00
STU00243,Python,76.1,76.1,16,1.6,57.6,87.9,64.3,76.1,17,Easy,67.2,67.2,2025-11-11 01:00:00
STU00243,Data Structures,54.2,56.8,17,3.9,79.7,94.6,76.1,54.2,14,Easy,69.3,63.0,2025-11-15 04:00:00
STU00243,Algorithms,79.5,78.9,18,1.9,70.9,95.3,54.2,79.5,13,Easy,59.6,66.2,2025-11-19 07:00:00
STU00243,Database,67.1,65.1,19,3.0,68.2,90.6,79.5,67.1,14,Medium,61.8,68.8,2025-11-23 03:00:00
STU00243,Web Development,70.0,73.1,20,3.6,70.6,100.0,67.1,70.0,8,Easy,62.1,62.8,2025-11-27 01:00:00
STU00244,Python,89.3,86.8,1,3.7,34.4,96.5,73.6,89.3,8,Easy,88.4,87.5,2025-09-09 03:00:00
STU00244,Data Structures,86.9,90.0,2,4.1,29.1,97.3,89.3,86.9,17,Easy,99.1,86.8,2025-09-13 08:00:00
STU00244,Algorithms,85.0,84.9,3,4.2,36.1,92.7,86.9,85.0,13,Easy,91.5,85.3,2025-09-17 03:00:00
STU00244,Database,92.9,90.7,4,3.7,33.1,91.8,85.0,92.9,19,Easy,87.4,92.2,2025-09-21 03:00:00
STU00244,Web Development,75.2,70.3,5,3.8,31.8,97.1,92.9,75.2,24,Hard,94.1,89.2,2025-09-25 07:00:00
STU00244,Python,84.0,81.9,6,3.9,35.5,93.6,75.2,84.0,18,Medium,92.1,87.3,2025-09-29 06:00:00
STU00244,Data Structures,77.7,79.1,7,3.1,34.8,98.2,84.0,77.7,17,Hard,94.4,89.3,2025-10-03 03:00:00
STU00244,Algorithms,84.4,82.2,8,4.2,41.5,96.4,77.7,84.4,15,Medium,99.5,88.8,2025-10-07 08:00:00
STU00244,Database,95.8,94.0,9,3.7,41.0,94.1,84.4,95.8,14,Easy,95.8,88.9,2025-10-11 08:00:00
STU00244,Web Development,87.8,85.0,10,4.0,32.4,93.3,95.8,87.8,23,Medium,92.0,79.0,2025-10-15 03:00:00
STU00244,Python,92.2,93.3,11,3.3,35.0,93.5,87.8,92.2,25,Easy,90.4,82.8,2025-10-19 02:00:00
STU00244,Data Structures,100.0,100.0,12,2.4,38.3,90.4,92.2,100.0,25,Easy,87.9,89.0,2025-10-23 05:00:00
STU00244,Algorithms,83.8,83.9,13,3.7,42.9,96.5,100.0,83.8,11,Medium,95.2,91.7,2025-10-27 07:00:00
STU00244,Database,88.0,87.2,14,3.1,35.8,92.8,83.8,88.0,18,Hard,95.6,78.6,2025-10-31 05:00:00
STU00244,Web Development,86.2,88.1,15,2.2,40.8,93.6,88.0,86.2,20,Medium,89.0,84.0,2025-11-04 07:00:00
STU00244,Python,80.6,78.1,16,2.3,37.3,90.4,86.2,80.6,23,Hard,85.0,87.7,2025-11-08 05:00:00
STU00244,Data Structures,100.0,100.0,17,2.9,34.6,95.6,80.6,100.0,12,Medium,91.9,85.5,2025-11-12 03:00:00
STU00244,Algorithms,85.6,84.0,18,3.4,37.1,99.4,100.0,85.6,18,Medium,99.0,85.7,2025-11-16 04:00:00
STU00244,Database,100.0,97.8,19,2.4,37.2,94.6,85.6,100.0,25,Easy,95.5,80.8,2025-11-20 04:00:00
STU00244,Web Development,85.1,86.8,20,2.7,37.3,92.2,100.0,85.1,9,Medium,100.0,90.4,2025-11-24 02:00:00
STU00245,Python,67.6,62.7,1,3.1,105.5,97.3,46.9,67.6,19,Medium,55.9,52.9,2025-09-13 02:00:00
STU00245,Data Structures,62.6,57.5,2,3.5,109.2,99.2,67.6,62.6,13,Easy,47.6,52.9,2025-09-17 05:00:00
STU00245,Algorithms,56.8,60.1,3,3.7,95.0,90.8,62.6,56.8,23,Medium,45.9,50.9,2025-09-21 06:00:00
STU00245,Database,46.9,47.5,4,2.5,113.6,98.6,56.8,46.9,18,Hard,55.4,57.0,2025-09-25 07:00:00
STU00245,Web Development,58.8,61.2,5,2.0,99.7,95.7,46.9,58.8,9,Easy,55.9,59.8,2025-09-29 07:00:00
STU00245,Python,43.0,45.4,6,2.4,96.8,99.0,58.8,43.0,10,Hard,58.1,56.4,2025-10-03 06:00:00
STU00245,Data Structures,70.9,75.1,7,3.0,97.4,99.0,43.0,70.9,19,Easy,51.0,55.9,2025-10-07 07:00:00
STU00245,Algorithms,54.3,55.5,8,3.8,111.7,100.0,70.9,54.3,20,Medium,60.1,47.7,2025-10-11 05:00:00
STU00245,Database,63.1,62.8,9,2.9,110.4,95.8,54.3,63.1,23,Medium,54.5,48.0,2025-10-15 08:00:00
STU00245,Web Development,54.0,56.2,10,3.1,107.9,92.5,63.1,54.0,19,Easy,57.3,47.2,2025-10-19 02:00:00
STU00245,Python,53.1,55.2,11,3.0,100.0,90.4,54.0,53.1,14,Medium,56.7,50.2,2025-10-23 05:00:00
STU00245,Data Structures,65.4,66.0,12,2.5,99.6,94.7,53.1,65.4,17,Medium,49.4,60.1,2025-10-27 06:00:00
STU00245,Algorithms,49.2,53.6,13,3.5,105.8,100.0,65.4,49.2,18,Hard,51.0,49.4,2025-10-31 08:00:00
STU00245,Database,62.1,59.5,14,2.0,120.6,96.6,49.2,62.1,15,Medium,59.6,48.7,2025-11-04 07:00:00
STU00245,Web Development,65.0,62.4,15,3.0,102.7,90.4,62.1,65.0,22,Easy,51.8,56.9,2025-11-08 07:00:00
STU00245,Python,68.7,63.0,16,1.8,101.8,93.4,65.0,68.7,23,Easy,53.5,56.4,2025-11-12 01:00:00
STU00245,Data Structures,53.4,58.2,17,3.0,105.2,87.4,68.7,53.4,11,Medium,59.2,56.5,2025-11-16 07:00:00
STU00245,Algorithms,54.9,52.5,18,2.5,101.8,95.9,53.4,54.9,11,Hard,60.8,49.3,2025-11-20 03:00:00
STU00245,Database,70.2,71.8,19,1.9,103.9,88.0,54.9,70.2,24,Medium,52.8,47.0,2025-11-24 04:00:00
STU00245,Web Development,79.0,72.9,20,3.9,102.8,99.9,70.2,79.0,24,Easy,56.5,56.5,2025-11-28 02:00:00
STU00246,Python,58.6,58.8,1,3.0,85.3,94.1,41.4,58.6,16,Medium,52.5,47.3,2025-09-07 07:00:00
STU00246,Data Structures,57.9,60.5,2,1.5,75.6,90.4,58.6,57.9,19,Easy,58.1,47.8,2025-09-11 04:00:00
STU00246,Algorithms,56.5,53.2,3,2.8,71.4,99.7,57.9,56.5,18,Easy,52.1,48.9,2025-09-15 03:00:00
STU00246,Database,54.3,54.0,4,3.5,78.9,89.5,56.5,54.3,23,Hard,51.7,47.7,2025-09-19 02:00:00
STU00246,Web Development,68.4,67.2,5,3.9,82.1,98.2,54.3,68.4,12,Easy,57.7,50.4,2025-09-23 08:00:00
STU00246,Python,59.1,59.4,6,3.6,74.2,97.1,68.4,59.1,23,Medium,53.2,49.7,2025-09-27 02:00:00
STU00246,Data Structures,61.6,60.6,7,2.6,83.4,96.8,59.1,61.6,16,Medium,50.9,52.7,2025-10-01 04:00:00
STU00246,Algorithms,46.0,42.9,8,1.5,79.8,89.3,61.6,46.0,11,Hard,50.3,52.7,2025-10-05 02:00:00
STU00246,Database,58.0,57.0,9,3.4,89.6,100.0,46.0,58.0,9,Medium,46.1,48.3,2025-10-09 01:00:00
STU00246,Web Development,71.2,70.6,10,1.6,74.8,93.3,58.0,71.2,15,Easy,51.3,48.5,2025-10-13 04:00:00
STU00246,Python,57.3,56.3,11,1.5,74.6,89.1,71.2,57.3,12,Hard,53.5,54.7,2025-10-17 01:00:00
STU00246,Data Structures,49.5,51.9,12,2.0,75.2,100.0,57.3,49.5,22,Hard,55.5,46.9,2025-10-21 07:00:00
STU00246,Algorithms,63.7,62.9,13,1.9,85.6,94.3,49.5,63.7,13,Easy,53.4,50.0,2025-10-25 08:00:00
STU00246,Database,57.5,59.1,14,1.8,74.1,100.0,63.7,57.5,8,Medium,58.1,49.7,2025-10-29 07:00:00
STU00246,Web Development,64.2,66.1,15,1.7,81.2,96.9,57.5,64.2,24,Medium,44.8,48.4,2025-11-02 01:00:00
STU00246,Python,59.8,60.7,16,3.2,75.3,95.5,64.2,59.8,10,Medium,51.4,48.6,2025-11-06 05:00:00
STU00246,Data Structures,78.0,76.0,17,3.0,77.0,92.7,59.8,78.0,15,Easy,59.0,54.8,2025-11-10 08:00:00
STU00246,Algorithms,45.7,42.1,18,2.0,84.1,98.0,78.0,45.7,18,Hard,52.9,44.3,2025-11-14 05:00:00
STU00246,Database,61.0,63.5,19,3.7,87.7,94.7,45.7,61.0,13,Easy,55.5,53.0,2025-11-18 03:00:00
STU00246,Web Development,61.2,63.5,20,3.3,67.4,100.0,61.0,61.2,10,Medium,56.9,46.2,2025-11-22 03:00:00
STU00247,Python,41.4,40.0,1,3.5,113.1,89.0,30.0,41.4,13,Hard,47.0,54.6,2025-09-10 01:00:00
STU00247,Data Structures,53.8,50.5,2,1.6,101.1,98.7,41.4,53.8,22,Medium,47.9,50.7,2025-09-14 08:00:00
STU00247,Algorithms,38.1,34.5,3,2.3,112.4,93.3,53.8,38.1,16,Hard,48.5,52.0,2025-09-18 06:00:00
STU00247,Database,42.4,40.8,4,2.4,112.3,99.2,38.1,42.4,23,Medium,46.7,43.8,2025-09-22 08:00:00
STU00247,Web Development,49.5,49.3,5,2.2,102.3,97.2,42.4,49.5,25,Medium,48.0,43.5,2025-09-26 02:00:00
STU00247,Python,46.1,44.7,6,3.8,106.4,92.7,49.5,46.1,9,Hard,49.5,54.7,2025-09-30 02:00:00
STU00247,Data Structures,56.5,58.3,7,3.5,113.0,95.7,46.1,56.5,17,Easy,53.9,54.1,2025-10-04 07:00:00
STU00247,Algorithms,52.5,48.9,8,3.6,120.3,95.8,56.5,52.5,10,Easy,46.7,53.5,2025-10-08 02:00:00
STU00247,Database,43.2,49.2,9,3.6,111.5,88.0,52.5,43.2,15,Medium,53.7,50.4,2025-10-12 03:00:00
STU00247,Web Development,58.1,55.9,10,2.7,102.1,93.0,43.2,58.1,13,Easy,38.6,49.1,2025-10-16 02:00:00
STU00247,Python,54.3,56.8,11,3.6,98.5,94.7,58.1,54.3,24,Easy,52.9,46.8,2025-10-20 01:00:00
STU00247,Data Structures,57.7,62.2,12,3.0,105.3,100.0,54.3,57.7,22,Easy,47.3,45.4,2025-10-24 08:00:00
STU00247,Algorithms,44.1,40.0,13,3.4,106.8,94.0,57.7,44.1,24,Medium,46.2,53.9,2025-10-28 02:00:00
STU00247,Database,51.6,50.5,14,2.1,104.3,91.8,44.1,51.6,11,Easy,48.8,47.2,2025-11-01 05:00:00
STU00247,Web Development,48.7,46.5,15,1.9,105.4,89.3,51.6,48.7,19,Hard,50.1,42.2,2025-11-05 01:00:00
STU00247,Python,50.3,51.3,16,1.7,114.4,95.0,48.7,50.3,22,Medium,47.2,54.3,2025-11-09 02:00:00
STU00247,Data Structures,57.8,63.7,17,3.0,103.5,100.0,50.3,57.8,8,Easy,43.6,49.2,2025-11-13 03:00:00
STU00247,Algorithms,42.2,42.2,18,2.7,108.3,99.8,57.8,42.2,25,Medium,50.9,53.8,2025-11-17 07:00:00
STU00247,Database,55.7,53.2,19,1.7,109.0,93.4,42.2,55.7,11,Medium,48.3,48.6,2025-11-21 08:00:00
STU00247,Web Development,60.0,57.6,20,2.0,96.6,98.0,55.7,60.0,19,Easy,47.0,49.4,2025-11-25 05:00:00
STU00248,Python,70.8,68.2,1,3.9,67.1,95.4,61.7,70.8,16,Easy,62.4,55.9,2025-09-10 05:00:00
STU00248,Data Structures,74.7,71.6,2,3.8,52.2,96.2,70.8,74.7,9,Easy,53.9,71.7,2025-09-14 05:00:00
STU00248,Algorithms,84.5,80.8,3,3.4,56.0,95.3,74.7,84.5,25,Medium,57.5,61.6,2025-09-18 03:00:00
STU00248,Database,73.2,69.6,4,3.7,61.9,91.6,84.5,73.2,11,Medium,60.7,68.7,2025-09-22 07:00:00
STU00248,Web Development,78.7,77.1,5,2.0,56.0,96.4,73.2,78.7,19,Medium,64.4,69.7,2025-09-26 04:00:00
STU00248,Python,71.0,74.1,6,1.9,63.4,96.0,78.7,71.0,23,Medium,63.3,62.1,2025-09-30 05:00:00
STU00248,Data Structures,69.9,74.7,7,2.6,46.6,99.6,71.0,69.9,19,Easy,59.7,58.8,2025-10-04 03:00:00
STU00248,Algorithms,82.8,80.5,8,2.6,55.5,93.1,69.9,82.8,19,Medium,57.2,57.1,2025-10-08 05:00:00
STU00248,Database,82.2,83.3,9,2.2,57.0,97.0,82.8,82.2,14,Easy,58.1,67.6,2025-10-12 01:00:00
STU00248,Web Development,84.6,87.6,10,1.8,61.0,99.7,82.2,84.6,14,Easy,59.2,56.9,2025-10-16 01:00:00
STU00248,Python,80.0,80.9,11,2.4,60.3,93.4,84.6,80.0,14,Medium,54.6,64.4,2025-10-20 07:00:00
STU00248,Data Structures,68.9,69.9,12,1.8,67.7,87.4,80.0,68.9,21,Medium,55.6,56.0,2025-10-24 07:00:00
STU00248,Algorithms,97.2,95.6,13,3.4,66.6,98.4,68.9,97.2,9,Medium,59.1,70.3,2025-10-28 08:00:00
STU00248,Database,76.2,79.6,14,2.8,49.3,91.1,97.2,76.2,10,Easy,58.5,67.4,2025-11-01 06:00:00
STU00248,Web Development,92.2,95.1,15,2.1,46.7,99.3,76.2,92.2,8,Easy,68.3,63.5,2025-11-05 04:00:00
STU00248,Python,81.9,83.2,16,3.1,42.7,81.4,92.2,81.9,11,Easy,64.2,69.2,2025-11-09 02:00:00
STU00248,Data Structures,80.5,80.0,17,2.6,51.7,92.6,81.9,80.5,24,Easy,64.2,68.1,2025-11-13 07:00:00
STU00248,Algorithms,86.1,84.5,18,3.8,60.6,95.7,80.5,86.1,22,Medium,56.5,68.5,2025-11-17 06:00:00
STU00248,Database,73.3,76.2,19,3.6,56.8,99.7,86.1,73.3,18,Medium,60.0,73.4,2025-11-21 08:00:00
STU00248,Web Development,89.3,89.2,20,1.5,51.9,96.1,73.3,89.3,20,Easy,61.3,63.7,2025-11-25 05:00:00
STU00249,Python,40.1,40.9,1,2.7,88.1,93.2,33.4,40.1,23,Easy,40.6,50.9,2025-09-14 05:00:00
STU00249,Data Structures,41.8,40.7,2,1.6,92.8,95.7,40.1,41.8,15,Easy,38.0,50.7,2025-09-18 08:00:00
STU00249,Algorithms,53.1,45.5,3,3.7,85.5,97.5,41.8,53.1,13,Medium,45.2,58.5,2025-09-22 05:00:00
STU00249,Database,47.5,46.8,4,2.7,90.1,86.6,53.1,47.5,8,Medium,33.1,50.1,2025-09-26 02:00:00
STU00249,Web Development,33.9,35.7,5,1.7,90.0,96.1,47.5,33.9,19,Medium,34.5,48.0,2025-09-30 01:00:00
STU00249,Python,53.1,53.2,6,2.3,91.5,95.1,33.9,53.1,19,Easy,40.5,57.4,2025-10-04 06:00:00
STU00249,Data Structures,36.1,39.2,7,3.9,82.9,98.3,53.1,36.1,10,Hard,42.7,57.0,2025-10-08 01:00:00
STU00249,Algorithms,40.5,38.8,8,1.6,84.4,100.0,36.1,40.5,19,Hard,45.1,54.9,2025-10-12 05:00:00
STU00249,Database,49.3,52.6,9,3.4,92.5,95.9,40.5,49.3,16,Easy,41.3,55.0,2025-10-16 03:00:00
STU00249,Web Development,54.2,52.1,10,3.1,76.5,96.5,49.3,54.2,23,Easy,41.4,56.1,2025-10-20 04:00:00
STU00249,Python,39.5,38.4,11,2.1,78.7,95.2,54.2,39.5,20,Hard,40.5,49.5,2025-10-24 08:00:00
STU00249,Data Structures,49.7,51.9,12,2.0,92.4,90.5,39.5,49.7,13,Easy,39.4,57.4,2025-10-28 04:00:00
STU00249,Algorithms,43.9,47.8,13,1.8,84.5,100.0,49.7,43.9,15,Medium,39.8,54.8,2025-11-01 04:00:00
STU00249,Database,49.2,49.0,14,2.9,84.1,100.0,43.9,49.2,9,Medium,38.1,55.6,2025-11-05 02:00:00
STU00249,Web Development,30.7,33.5,15,3.5,83.4,90.2,49.2,30.7,20,Hard,38.3,52.8,2025-11-09 08:00:00
STU00249,Python,46.7,48.0,16,3.9,92.6,93.7,30.7,46.7,8,Easy,42.7,52.2,2025-11-13 06:00:00
STU00249,Data Structures,43.5,40.0,17,3.7,83.8,92.9,46.7,43.5,20,Medium,38.4,58.0,2025-11-17 05:00:00
STU00249,Algorithms,54.2,56.9,18,2.4,89.1,91.1,43.5,54.2,18,Medium,42.6,54.8,2025-11-21 04:00:00
STU00249,Database,66.2,63.6,19,2.2,81.0,95.1,54.2,66.2,16,Easy,44.9,62.2,2025-11-25 06:00:00
STU00249,Web Development,49.3,48.3,20,2.9,83.1,97.2,66.2,49.3,11,Easy,43.2,56.4,2025-11-29 05:00:00
STU00250,Python,48.8,49.8,1,3.0,91.3,99.1,40.2,48.8,19,Medium,55.4,53.7,2025-09-11 04:00:00
STU00250,Data Structures,46.1,43.4,2,2.2,98.2,96.3,48.8,46.1,15,Medium,57.5,63.4,2025-09-15 04:00:00
STU00250,Algorithms,55.4,55.0,3,1.8,92.6,81.9,46.1,55.4,14,Easy,51.2,57.1,2025-09-19 01:00:00
STU00250,Database,45.6,50.8,4,2.9,102.4,90.3,55.4,45.6,20,Hard,47.0,55.4,2025-09-23 01:00:00
STU00250,Web Development,53.3,51.2,5,3.2,99.9,97.5,45.6,53.3,14,Medium,59.5,56.7,2025-09-27 01:00:00
STU00250,Python,49.2,49.9,6,1.9,104.3,97.6,53.3,49.2,9,Medium,62.4,63.9,2025-10-01 01:00:00
STU00250,Data Structures,45.7,47.1,7,3.9,93.8,94.5,49.2,45.7,23,Easy,52.9,54.3,2025-10-05 05:00:00
STU00250,Algorithms,60.2,56.8,8,3.9,100.5,94.4,45.7,60.2,18,Easy,56.3,52.5,2025-10-09 06:00:00
STU00250,Database,61.7,61.2,9,2.0,100.9,94.1,60.2,61.7,8,Medium,60.5,62.5,2025-10-13 03:00:00
STU00250,Web Development,63.3,65.0,10,3.6,92.8,95.3,61.7,63.3,18,Easy,54.2,54.8,2025-10-17 01:00:00
STU00250,Python,64.8,62.2,11,3.7,107.4,87.6,63.3,64.8,10,Easy,54.3,62.1,2025-10-21 07:00:00
STU00250,Data Structures,49.6,47.8,12,3.3,104.0,90.0,64.8,49.6,10,Easy,59.6,60.8,2025-10-25 01:00:00
STU00250,Algorithms,52.6,57.3,13,3.0,101.8,98.4,49.6,52.6,23,Medium,55.0,68.2,2025-10-29 06:00:00
STU00250,Database,52.5,50.0,14,3.4,105.7,97.5,52.6,52.5,10,Hard,62.5,58.6,2025-11-02 08:00:00
STU00250,Web Development,62.9,61.1,15,2.0,100.9,97.9,52.5,62.9,17,Easy,50.3,56.8,2025-11-06 01:00:00
STU00250,Python,53.9,60.7,16,1.9,103.6,100.0,62.9,53.9,10,Easy,57.0,54.2,2025-11-10 07:00:00
STU00250,Data Structures,46.0,42.3,17,2.4,84.7,89.6,53.9,46.0,23,Medium,52.4,57.4,2025-11-14 02:00:00
STU00250,Algorithms,63.1,60.8,18,1.7,101.2,94.6,46.0,63.1,23,Easy,55.4,66.9,2025-11-18 03:00:00
STU00250,Database,75.3,70.9,19,3.7,104.1,94.5,63.1,75.3,10,Easy,56.9,62.7,2025-11-22 07:00:00
STU00250,Web Development,70.7,71.5,20,3.2,88.3,94.8,75.3,70.7,10,Easy,52.9,55.4,2025-11-26 04:00:00
STU00251,Python,53.7,53.4,1,3.8,86.7,97.7,41.8,53.7,13,Easy,50.4,56.7,2025-09-11 03:00:00
STU00251,Data Structures,52.6,51.1,2,2.2,96.3,89.8,53.7,52.6,20,Medium,51.4,54.4,2025-09-15 05:00:00
STU00251,Algorithms,55.0,57.5,3,2.9,83.9,96.7,52.6,55.0,10,Easy,49.8,58.1,2025-09-19 03:00:00
STU00251,Database,46.0,46.9,4,3.7,71.1,90.2,55.0,46.0,25,Medium,48.5,60.5,2025-09-23 07:00:00
STU00251,Web Development,57.3,57.9,5,1.9,86.0,94.3,46.0,57.3,15,Easy,44.2,56.4,2025-09-27 03:00:00
STU00251,Python,49.8,52.2,6,2.4,85.4,95.2,57.3,49.8,20,Easy,44.4,58.8,2025-10-01 02:00:00
STU00251,Data Structures,50.8,52.9,7,1.6,80.8,95.2,49.8,50.8,11,Hard,45.3,62.5,2025-10-05 04:00:00
STU00251,Algorithms,63.5,60.8,8,2.2,85.8,91.6,50.8,63.5,11,Medium,50.5,59.3,2025-10-09 04:00:00
STU00251,Database,52.7,51.6,9,4.0,86.8,91.3,63.5,52.7,19,Medium,44.5,59.9,2025-10-13 06:00:00
STU00251,Web Development,52.3,47.2,10,3.7,78.1,99.5,52.7,52.3,10,Medium,46.7,57.2,2025-10-17 07:00:00
STU00251,Python,59.5,58.5,11,1.8,86.6,92.5,52.3,59.5,23,Easy,48.2,58.1,2025-10-21 03:00:00
STU00251,Data Structures,64.8,66.0,12,3.5,75.9,100.0,59.5,64.8,20,Medium,45.2,56.0,2025-10-25 07:00:00
STU00251,Algorithms,66.5,69.8,13,1.5,76.5,100.0,64.8,66.5,8,Easy,39.8,58.6,2025-10-29 01:00:00
STU00251,Database,51.5,52.1,14,4.0,73.2,96.2,66.5,51.5,11,Medium,44.4,54.3,2025-11-02 08:00:00
STU00251,Web Development,57.3,55.1,15,3.2,81.0,96.9,51.5,57.3,23,Medium,53.8,60.4,2025-11-06 08:00:00
STU00251,Python,52.2,51.4,16,3.0,80.0,91.2,57.3,52.2,23,Medium,53.7,62.7,2025-11-10 07:00:00
STU00251,Data Structures,59.4,59.9,17,2.7,84.0,90.7,52.2,59.4,11,Medium,45.6,54.3,2025-11-14 01:00:00
STU00251,Algorithms,73.3,74.5,18,3.1,75.1,99.1,59.4,73.3,9,Easy,53.4,62.6,2025-11-18 05:00:00
STU00251,Database,42.1,41.7,19,2.8,77.5,93.1,73.3,42.1,11,Hard,40.7,57.8,2025-11-22 02:00:00
STU00251,Web Development,68.0,75.1,20,2.8,81.5,99.5,42.1,68.0,9,Easy,42.9,58.1,2025-11-26 05:00:00
STU00252,Python,77.4,76.1,1,3.1,66.3,90.3,51.3,77.4,19,Easy,58.1,73.8,2025-09-11 06:00:00
STU00252,Data Structures,61.0,57.1,2,2.4,67.5,93.3,77.4,61.0,16,Medium,75.3,65.0,2025-09-15 03:00:00
STU00252,Algorithms,70.0,73.5,3,3.2,71.0,97.5,61.0,70.0,11,Easy,73.5,67.6,2025-09-19 07:00:00
STU00252,Database,56.2,56.2,4,3.2,75.2,100.0,70.0,56.2,12,Hard,76.6,65.6,2025-09-23 03:00:00
STU00252,Web Development,67.3,71.9,5,2.0,66.1,95.9,56.2,67.3,8,Easy,67.4,66.4,2025-09-27 06:00:00
STU00252,Python,89.5,85.6,6,3.5,74.7,96.0,67.3,89.5,19,Easy,76.3,69.8,2025-10-01 01:00:00
STU00252,Data Structures,75.2,74.7,7,2.6,65.4,91.1,89.5,75.2,16,Easy,63.2,76.4,2025-10-05 01:00:00
STU00252,Algorithms,60.9,60.9,8,2.5,71.6,90.3,75.2,60.9,24,Hard,71.3,74.4,2025-10-09 01:00:00
STU00252,Database,67.0,66.2,9,2.2,60.5,96.9,60.9,67.0,10,Easy,76.1,66.3,2025-10-13 07:00:00
STU00252,Web Development,66.1,61.6,10,2.8,69.0,94.6,67.0,66.1,22,Hard,69.6,73.3,2025-10-17 03:00:00
STU00252,Python,59.8,62.1,11,2.7,69.4,85.5,66.1,59.8,22,Hard,60.3,72.6,2025-10-21 06:00:00
STU00252,Data Structures,74.2,72.4,12,2.2,67.0,96.2,59.8,74.2,12,Medium,66.1,69.4,2025-10-25 03:00:00
STU00252,Algorithms,81.9,82.0,13,3.6,67.3,94.0,74.2,81.9,13,Easy,71.8,71.3,2025-10-29 05:00:00
STU00252,Database,63.8,64.9,14,3.2,65.8,94.8,81.9,63.8,25,Easy,74.6,73.9,2025-11-02 04:00:00
STU00252,Web Development,75.4,71.9,15,2.9,67.8,96.1,63.8,75.4,18,Easy,68.1,67.9,2025-11-06 01:00:00
STU00252,Python,86.8,84.2,16,2.4,71.9,91.8,75.4,86.8,20,Medium,53.1,69.6,2025-11-10 02:00:00
STU00252,Data Structures,67.0,67.2,17,3.5,61.3,97.2,86.8,67.0,25,Medium,70.0,69.7,2025-11-14 03:00:00
STU00252,Algorithms,74.0,74.1,18,2.3,65.5,98.1,67.0,74.0,22,Medium,73.3,74.8,2025-11-18 08:00:00
STU00252,Database,69.6,73.1,19,3.7,66.3,96.3,74.0,69.6,21,Easy,66.6,72.0,2025-11-22 03:00:00
STU00252,Web Development,79.2,77.3,20,3.5,72.9,99.7,69.6,79.2,11,Easy,69.1,69.7,2025-11-26 07:00:00
STU00253,Python,91.4,89.0,1,2.2,45.4,100.0,72.0,91.4,12,Medium,93.5,83.1,2025-09-17 06:00:00
STU00253,Data Structures,94.3,94.2,2,3.1,43.3,94.2,91.4,94.3,12,Medium,100.0,78.1,2025-09-21 02:00:00
STU00253,Algorithms,86.8,92.1,3,3.9,51.9,93.8,94.3,86.8,23,Medium,93.4,79.0,2025-09-25 08:00:00
STU00253,Database,95.1,92.3,4,2.0,35.7,98.2,86.8,95.1,19,Easy,88.9,81.1,2025-09-29 02:00:00
STU00253,Web Development,92.4,88.0,5,4.1,51.6,96.0,95.1,92.4,10,Medium,94.8,80.9,2025-10-03 02:00:00
STU00253,Python,73.2,78.0,6,3.5,48.4,94.5,92.4,73.2,9,Hard,96.7,87.2,2025-10-07 05:00:00
STU00253,Data Structures,91.1,95.9,7,2.4,42.7,95.3,73.2,91.1,17,Easy,91.4,75.9,2025-10-11 03:00:00
STU00253,Algorithms,87.8,85.9,8,2.2,47.7,91.7,91.1,87.8,8,Medium,93.2,85.0,2025-10-15 06:00:00
STU00253,Database,92.9,88.6,9,4.0,56.0,91.2,87.8,92.9,19,Medium,90.4,82.1,2025-10-19 07:00:00
STU00253,Web Development,92.3,93.1,10,2.2,47.6,93.8,92.9,92.3,14,Easy,94.6,89.7,2025-10-23 08:00:00
STU00253,Python,90.7,94.8,11,3.5,45.0,98.7,92.3,90.7,19,Easy,90.7,82.3,2025-10-27 07:00:00
STU00253,Data Structures,91.6,90.8,12,3.4,51.9,96.9,90.7,91.6,24,Medium,100.0,85.7,2025-10-31 05:00:00
STU00253,Algorithms,86.8,85.2,13,2.3,52.6,94.9,91.6,86.8,19,Hard,94.7,82.4,2025-11-04 05:00:00
STU00253,Database,88.4,89.5,14,3.0,52.5,95.3,86.8,88.4,24,Medium,97.5,89.3,2025-11-08 01:00:00
STU00253,Web Development,81.8,81.9,15,4.4,49.3,98.6,88.4,81.8,17,Medium,93.0,81.2,2025-11-12 02:00:00
STU00253,Python,89.8,88.7,16,3.1,47.5,93.9,81.8,89.8,22,Medium,96.9,80.2,2025-11-16 05:00:00
STU00253,Data Structures,100.0,100.0,17,4.3,41.9,100.0,89.8,100.0,14,Easy,97.3,80.3,2025-11-20 06:00:00
STU00253,Algorithms,99.9,100.0,18,3.8,40.8,92.9,100.0,99.9,12,Easy,93.6,79.2,2025-11-24 06:00:00
STU00253,Database,97.8,92.8,19,2.4,48.4,87.4,99.9,97.8,19,Medium,91.4,84.8,2025-11-28 06:00:00
STU00253,Web Development,92.6,88.5,20,3.1,42.1,96.5,97.8,92.6,14,Medium,93.2,81.2,2025-12-02 02:00:00
STU00254,Python,92.6,89.9,1,4.1,31.7,92.0,75.9,92.6,17,Medium,86.6,71.8,2025-09-14 02:00:00
STU00254,Data Structures,85.8,86.6,2,4.5,25.0,91.8,92.6,85.8,20,Hard,84.2,85.0,2025-09-18 08:00:00
STU00254,Algorithms,98.2,92.7,3,4.2,27.6,100.0,85.8,98.2,19,Easy,78.2,86.7,2025-09-22 07:00:00
STU00254,Database,80.1,78.7,4,2.3,38.0,88.1,98.2,80.1,10,Hard,89.1,80.4,2025-09-26 03:00:00
STU00254,Web Development,85.5,88.0,5,3.0,35.6,93.3,80.1,85.5,14,Easy,87.1,78.5,2025-09-30 03:00:00
STU00254,Python,96.9,91.0,6,2.0,32.3,96.1,85.5,96.9,17,Easy,79.0,82.9,2025-10-04 03:00:00
STU00254,Data Structures,92.9,94.2,7,2.7,38.6,93.4,96.9,92.9,14,Easy,79.4,82.6,2025-10-08 08:00:00
STU00254,Algorithms,98.2,93.8,8,2.9,36.3,100.0,92.9,98.2,21,Easy,83.4,80.2,2025-10-12 08:00:00
STU00254,Database,88.7,91.6,9,2.9,31.0,96.6,98.2,88.7,18,Easy,80.2,88.5,2025-10-16 07:00:00
STU00254,Web Development,92.4,95.4,10,2.2,38.9,100.0,88.7,92.4,18,Medium,81.2,77.4,2025-10-20 01:00:00
STU00254,Python,79.4,80.2,11,3.8,45.0,98.0,92.4,79.4,16,Hard,86.4,80.3,2025-10-24 06:00:00
STU00254,Data Structures,100.0,99.0,12,2.5,35.4,93.6,79.4,100.0,20,Easy,80.6,75.8,2025-10-28 07:00:00
STU00254,Algorithms,92.8,92.1,13,2.1,30.4,92.8,100.0,92.8,17,Easy,82.7,87.9,2025-11-01 04:00:00
STU00254,Database,86.9,80.5,14,4.5,25.0,94.5,92.8,86.9,12,Hard,84.8,79.3,2025-11-05 02:00:00
STU00254,Web Development,91.1,88.0,15,4.0,32.8,95.1,86.9,91.1,25,Medium,78.9,79.2,2025-11-09 08:00:00
STU00254,Python,89.8,88.6,16,2.6,25.0,95.0,91.1,89.8,13,Medium,76.7,78.3,2025-11-13 03:00:00
STU00254,Data Structures,99.1,100.0,17,2.8,38.0,96.4,89.8,99.1,17,Easy,81.8,87.2,2025-11-17 04:00:00
STU00254,Algorithms,92.8,95.6,18,3.0,34.1,98.3,99.1,92.8,25,Medium,79.8,79.2,2025-11-21 02:00:00
STU00254,Database,88.0,87.1,19,3.3,28.2,92.3,92.8,88.0,16,Medium,82.1,78.0,2025-11-25 01:00:00
STU00254,Web Development,75.6,80.2,20,3.4,25.0,94.8,88.0,75.6,19,Hard,76.7,79.7,2025-11-29 05:00:00
STU00255,Python,46.8,44.7,1,3.1,99.4,94.0,31.0,46.8,15,Medium,45.5,55.4,2025-09-20 08:00:00
STU00255,Data Structures,55.6,53.2,2,2.2,98.0,100.0,46.8,55.6,11,Medium,49.5,49.2,2025-09-24 01:00:00
STU00255,Algorithms,51.0,48.9,3,2.4,97.9,95.4,55.6,51.0,24,Medium,49.6,51.6,2025-09-28 05:00:00
STU00255,Database,57.2,54.4,4,1.8,105.0,87.7,51.0,57.2,16,Medium,44.7,57.6,2025-10-02 02:00:00
STU00255,Web Development,31.9,34.9,5,2.4,105.2,99.8,57.2,31.9,23,Hard,53.7,49.5,2025-10-06 05:00:00
STU00255,Python,48.0,49.3,6,3.4,98.0,96.3,31.9,48.0,24,Medium,49.6,60.1,2025-10-10 01:00:00
STU00255,Data Structures,64.6,59.5,7,3.4,99.3,93.0,48.0,64.6,8,Easy,44.8,56.7,2025-10-14 02:00:00
STU00255,Algorithms,46.3,47.2,8,3.6,99.0,96.5,64.6,46.3,15,Medium,57.3,51.8,2025-10-18 08:00:00
STU00255,Database,47.1,43.4,9,3.6,112.3,89.1,46.3,47.1,13,Hard,47.1,49.6,2025-10-22 05:00:00
STU00255,Web Development,41.7,42.5,10,3.6,99.0,96.1,47.1,41.7,24,Easy,51.7,43.4,2025-10-26 06:00:00
STU00255,Python,52.5,49.8,11,3.5,104.1,100.0,41.7,52.5,25,Easy,47.2,58.3,2025-10-30 06:00:00
STU00255,Data Structures,56.6,52.3,12,2.3,97.9,90.3,52.5,56.6,22,Hard,55.2,50.2,2025-11-03 02:00:00
STU00255,Algorithms,46.3,50.5,13,2.5,100.1,100.0,56.6,46.3,15,Easy,40.8,55.4,2025-11-07 07:00:00
STU00255,Database,60.3,59.0,14,2.6,91.0,90.0,46.3,60.3,19,Medium,51.9,52.5,2025-11-11 08:00:00
STU00255,Web Development,35.7,37.3,15,3.6,95.2,97.6,60.3,35.7,10,Medium,52.6,49.0,2025-11-15 08:00:00
STU00255,Python,50.4,47.9,16,3.5,106.9,96.8,35.7,50.4,14,Easy,45.7,54.9,2025-11-19 07:00:00
STU00255,Data Structures,51.4,49.0,17,3.6,97.9,91.7,50.4,51.4,24,Medium,47.7,63.6,2025-11-23 06:00:00
STU00255,Algorithms,51.0,51.7,18,2.3,95.8,97.3,51.4,51.0,24,Easy,45.7,50.3,2025-11-27 02:00:00
STU00255,Database,57.7,58.4,19,2.1,98.4,95.0,51.0,57.7,19,Medium,54.6,46.2,2025-12-01 03:00:00
STU00255,Web Development,43.6,46.0,20,2.7,94.3,93.3,57.7,43.6,22,Medium,48.2,54.0,2025-12-05 01:00:00
STU00256,Python,83.9,80.6,1,2.3,60.7,100.0,50.6,83.9,16,Easy,55.3,71.1,2025-09-15 08:00:00
STU00256,Data Structures,69.7,68.4,2,2.9,76.5,100.0,83.9,69.7,24,Medium,68.5,74.9,2025-09-19 06:00:00
STU00256,Algorithms,68.3,66.6,3,3.1,68.0,93.3,69.7,68.3,12,Easy,64.2,81.6,2025-09-23 04:00:00
STU00256,Database,70.2,68.3,4,2.9,76.2,96.3,68.3,70.2,23,Easy,62.0,67.8,2025-09-27 04:00:00
STU00256,Web Development,57.4,53.8,5,1.5,73.8,89.2,70.2,57.4,20,Medium,60.5,72.0,2025-10-01 06:00:00
STU00256,Python,69.7,69.4,6,1.7,62.4,94.4,57.4,69.7,16,Medium,66.3,77.1,2025-10-05 02:00:00
STU00256,Data Structures,76.6,75.5,7,2.2,81.0,88.4,69.7,76.6,14,Medium,59.4,77.9,2025-10-09 04:00:00
STU00256,Algorithms,68.1,67.0,8,3.2,67.3,97.8,76.6,68.1,10,Medium,68.6,80.0,2025-10-13 02:00:00
STU00256,Database,64.4,65.1,9,3.3,53.6,91.7,68.1,64.4,20,Easy,55.9,80.7,2025-10-17 06:00:00
STU00256,Web Development,53.2,51.2,10,3.9,60.5,90.5,64.4,53.2,24,Hard,56.2,75.1,2025-10-21 07:00:00
STU00256,Python,71.7,66.7,11,2.8,67.1,91.5,53.2,71.7,14,Hard,64.2,72.4,2025-10-25 08:00:00
STU00256,Data Structures,72.2,71.0,12,3.9,64.4,100.0,71.7,72.2,16,Medium,64.8,66.1,2025-10-29 05:00:00
STU00256,Algorithms,62.6,65.7,13,2.3,69.8,91.3,72.2,62.6,16,Medium,54.9,72.6,2025-11-02 03:00:00
STU00256,Database,51.1,50.3,14,1.8,69.8,94.9,62.6,51.1,20,Medium,64.2,68.2,2025-11-06 01:00:00
STU00256,Web Development,68.3,65.8,15,3.6,70.3,95.0,51.1,68.3,22,Medium,55.5,79.2,2025-11-10 02:00:00
STU00256,Python,79.4,81.6,16,3.0,72.0,98.3,68.3,79.4,15,Easy,58.8,76.5,2025-11-14 02:00:00
STU00256,Data Structures,72.3,72.5,17,2.2,64.5,92.0,79.4,72.3,15,Easy,61.3,68.6,2025-11-18 03:00:00
STU00256,Algorithms,87.4,84.4,18,3.2,53.5,92.3,72.3,87.4,10,Easy,61.8,75.8,2025-11-22 05:00:00
STU00256,Database,66.2,69.2,19,3.7,48.3,93.5,87.4,66.2,10,Easy,57.0,78.3,2025-11-26 05:00:00
STU00256,Web Development,61.8,62.1,20,1.5,57.0,94.0,66.2,61.8,24,Medium,55.0,68.9,2025-11-30 07:00:00
STU00257,Python,89.2,86.3,1,2.2,54.3,97.6,82.2,89.2,14,Medium,89.3,90.1,2025-09-11 02:00:00
STU00257,Data Structures,91.6,93.8,2,4.4,38.1,95.5,89.2,91.6,8,Medium,88.7,79.8,2025-09-15 06:00:00
STU00257,Algorithms,87.3,86.1,3,4.1,37.2,93.7,91.6,87.3,25,Medium,84.3,92.5,2025-09-19 06:00:00
STU00257,Database,98.8,99.2,4,2.1,39.2,100.0,87.3,98.8,23,Medium,90.2,90.8,2025-09-23 02:00:00
STU00257,Web Development,100.0,100.0,5,3.9,45.3,96.1,98.8,100.0,9,Easy,81.7,96.8,2025-09-27 06:00:00
STU00257,Python,76.0,79.4,6,4.5,43.1,95.6,100.0,76.0,15,Hard,83.6,78.7,2025-10-01 07:00:00
STU00257,Data Structures,94.6,94.3,7,4.1,45.2,91.6,76.0,94.6,20,Medium,93.9,88.3,2025-10-05 08:00:00
STU00257,Algorithms,89.6,91.2,8,3.9,37.0,95.1,94.6,89.6,25,Medium,91.0,87.7,2025-10-09 03:00:00
STU00257,Database,94.5,100.0,9,4.0,41.3,98.6,89.6,94.5,20,Easy,79.9,85.9,2025-10-13 03:00:00
STU00257,Web Development,90.7,91.6,10,3.6,39.0,99.0,94.5,90.7,18,Medium,86.4,83.6,2025-10-17 07:00:00
STU00257,Python,81.7,87.1,11,3.0,30.8,94.8,90.7,81.7,24,Medium,92.1,85.9,2025-10-21 04:00:00
STU00257,Data Structures,97.1,94.5,12,3.9,40.4,95.9,81.7,97.1,16,Hard,86.2,88.6,2025-10-25 06:00:00
STU00257,Algorithms,79.7,84.6,13,3.0,45.9,90.2,97.1,79.7,17,Hard,85.8,89.1,2025-10-29 01:00:00
STU00257,Database,88.7,95.9,14,2.7,43.8,92.6,79.7,88.7,14,Hard,92.1,90.4,2025-11-02 07:00:00
STU00257,Web Development,100.0,100.0,15,2.2,40.3,100.0,88.7,100.0,16,Medium,94.9,85.6,2025-11-06 05:00:00
STU00257,Python,92.1,92.9,16,4.0,38.6,94.3,100.0,92.1,24,Medium,94.1,88.1,2025-11-10 06:00:00
STU00257,Data Structures,95.2,100.0,17,3.7,42.1,97.7,92.1,95.2,24,Medium,90.1,83.6,2025-11-14 08:00:00
STU00257,Algorithms,99.0,100.0,18,2.6,45.9,93.8,95.2,99.0,22,Medium,88.2,85.2,2025-11-18 07:00:00
STU00257,Database,99.9,100.0,19,3.1,36.7,98.4,99.0,99.9,24,Medium,84.4,80.2,2025-11-22 01:00:00
STU00257,Web Development,100.0,100.0,20,4.0,35.8,97.9,99.9,100.0,10,Easy,85.2,80.9,2025-11-26 06:00:00
STU00258,Python,85.8,88.5,1,2.6,47.4,88.7,79.7,85.8,23,Medium,95.0,89.5,2025-09-07 02:00:00
STU00258,Data Structures,85.8,87.9,2,2.6,54.2,96.3,85.8,85.8,18,Medium,88.5,86.7,2025-09-11 07:00:00
STU00258,Algorithms,100.0,100.0,3,2.1,43.6,85.8,85.8,100.0,20,Easy,100.0,81.1,2025-09-15 07:00:00
STU00258,Database,100.0,100.0,4,3.8,52.7,92.8,100.0,100.0,18,Medium,85.1,85.3,2025-09-19 08:00:00
STU00258,Web Development,93.3,90.9,5,3.1,59.7,99.2,100.0,93.3,9,Medium,88.8,91.2,2025-09-23 02:00:00
STU00258,Python,93.5,97.7,6,2.2,42.0,90.9,93.3,93.5,25,Medium,92.0,89.9,2025-09-27 07:00:00
STU00258,Data Structures,85.2,84.7,7,2.2,55.1,97.0,93.5,85.2,19,Hard,100.0,81.6,2025-10-01 08:00:00
STU00258,Algorithms,100.0,100.0,8,2.8,46.6,100.0,85.2,100.0,20,Easy,100.0,81.5,2025-10-05 02:00:00
STU00258,Database,98.4,100.0,9,2.4,52.7,88.2,100.0,98.4,15,Easy,95.1,86.1,2025-10-09 08:00:00
STU00258,Web Development,95.5,92.0,10,3.6,54.0,88.5,98.4,95.5,22,Easy,86.1,82.6,2025-10-13 06:00:00
STU00258,Python,82.0,85.3,11,3.1,48.7,88.9,95.5,82.0,17,Hard,93.9,88.1,2025-10-17 05:00:00
STU00258,Data Structures,100.0,100.0,12,3.5,49.4,95.4,82.0,100.0,23,Easy,90.4,92.3,2025-10-21 02:00:00
STU00258,Algorithms,100.0,100.0,13,4.2,58.5,94.0,100.0,100.0,19,Easy,99.4,96.2,2025-10-25 06:00:00
STU00258,Database,98.4,100.0,14,2.3,25.5,94.2,100.0,98.4,10,Easy,93.9,97.2,2025-10-29 07:00:00
STU00258,Web Development,95.2,97.7,15,3.1,52.0,96.7,98.4,95.2,14,Medium,96.9,87.6,2025-11-02 06:00:00
STU00258,Python,95.0,96.6,16,2.2,42.1,89.5,95.2,95.0,23,Medium,96.1,90.9,2025-11-06 07:00:00
STU00258,Data Structures,100.0,99.8,17,4.4,56.0,92.8,95.0,100.0,19,Medium,94.0,86.3,2025-11-10 03:00:00
STU00258,Algorithms,100.0,100.0,18,4.4,40.1,93.2,100.0,100.0,9,Easy,89.1,88.5,2025-11-14 04:00:00
STU00258,Database,86.9,90.2,19,2.5,50.9,89.9,100.0,86.9,25,Hard,100.0,86.1,2025-11-18 01:00:00
STU00258,Web Development,96.8,100.0,20,3.4,34.1,100.0,86.9,96.8,24,Easy,91.1,85.0,2025-11-22 05:00:00
STU00259,Python,89.2,87.9,1,4.1,51.7,95.4,79.1,89.2,21,Medium,90.1,87.9,2025-09-05 03:00:00
STU00259,Data Structures,100.0,93.2,2,3.6,59.9,93.0,89.2,100.0,20,Easy,94.5,92.8,2025-09-09 03:00:00
STU00259,Algorithms,95.5,98.2,3,4.0,56.7,93.3,100.0,95.5,12,Medium,97.6,80.9,2025-09-13 05:00:00
STU00259,Database,100.0,100.0,4,3.4,41.5,92.6,95.5,100.0,14,Medium,96.1,87.3,2025-09-17 02:00:00
STU00259,Web Development,98.2,95.4,5,3.0,37.9,93.5,100.0,98.2,16,Easy,97.8,90.7,2025-09-21 05:00:00
STU00259,Python,95.0,93.0,6,2.6,41.9,97.1,98.2,95.0,14,Medium,93.5,87.7,2025-09-25 07:00:00
STU00259,Data Structures,94.5,95.4,7,3.7,58.5,97.0,95.0,94.5,20,Easy,93.5,90.6,2025-09-29 05:00:00
STU00259,Algorithms,100.0,97.0,8,4.3,60.6,97.2,94.5,100.0,19,Easy,93.7,89.9,2025-10-03 01:00:00
STU00259,Database,94.8,100.0,9,2.4,54.3,100.0,100.0,94.8,21,Easy,100.0,90.3,2025-10-07 06:00:00
STU00259,Web Development,87.3,89.9,10,4.0,46.9,99.1,94.8,87.3,17,Hard,93.9,93.8,2025-10-11 05:00:00
STU00259,Python,100.0,97.3,11,3.8,42.5,99.2,87.3,100.0,25,Medium,97.5,91.7,2025-10-15 08:00:00
STU00259,Data Structures,91.1,91.3,12,3.6,53.5,89.8,100.0,91.1,8,Medium,89.1,83.0,2025-10-19 08:00:00
STU00259,Algorithms,91.3,92.0,13,3.1,58.8,93.7,91.1,91.3,9,Hard,91.8,90.4,2025-10-23 08:00:00
STU00259,Database,100.0,100.0,14,3.4,50.5,93.8,91.3,100.0,18,Medium,94.4,90.5,2025-10-27 04:00:00
STU00259,Web Development,99.1,100.0,15,4.2,49.9,96.7,100.0,99.1,23,Easy,93.2,78.9,2025-10-31 08:00:00
STU00259,Python,98.6,97.6,16,3.3,45.5,94.9,99.1,98.6,16,Medium,97.2,89.9,2025-11-04 02:00:00
STU00259,Data Structures,93.4,90.2,17,2.8,55.6,92.1,98.6,93.4,13,Medium,95.4,91.3,2025-11-08 08:00:00
STU00259,Algorithms,96.6,100.0,18,2.8,39.8,96.0,93.4,96.6,17,Medium,85.8,94.8,2025-11-12 06:00:00
STU00259,Database,98.7,100.0,19,3.3,45.4,98.0,96.6,98.7,23,Medium,96.4,92.1,2025-11-16 05:00:00
STU00259,Web Development,99.3,100.0,20,3.1,46.3,88.7,98.7,99.3,11,Easy,93.4,89.2,2025-11-20 03:00:00
STU00260,Python,77.5,79.7,1,2.1,81.0,95.6,58.3,77.5,24,Medium,68.6,81.3,2025-09-09 04:00:00
STU00260,Data Structures,89.9,91.1,2,2.2,78.5,95.8,77.5,89.9,22,Easy,73.9,81.3,2025-09-13 08:00:00
STU00260,Algorithms,76.7,79.8,3,3.0,85.8,95.3,89.9,76.7,15,Medium,74.3,82.5,2025-09-17 02:00:00
STU00260,Database,76.0,73.9,4,3.5,85.2,97.4,76.7,76.0,15,Medium,68.2,75.6,2025-09-21 08:00:00
STU00260,Web Development,81.8,80.4,5,3.6,74.5,100.0,76.0,81.8,25,Medium,74.1,77.5,2025-09-25 07:00:00
STU00260,Python,84.2,80.5,6,3.8,87.5,95.6,81.8,84.2,24,Easy,69.3,79.4,2025-09-29 06:00:00
STU00260,Data Structures,72.3,72.3,7,1.5,88.5,100.0,84.2,72.3,23,Hard,68.6,75.8,2025-10-03 06:00:00
STU00260,Algorithms,85.0,83.4,8,3.3,95.7,89.5,72.3,85.0,22,Medium,66.0,75.2,2025-10-07 03:00:00
STU00260,Database,79.7,80.9,9,3.3,88.3,90.4,85.0,79.7,23,Medium,68.0,75.8,2025-10-11 08:00:00
STU00260,Web Development,87.5,88.9,10,3.5,68.0,95.0,79.7,87.5,24,Medium,82.3,77.7,2025-10-15 04:00:00
STU00260,Python,93.0,89.8,11,2.5,81.3,95.3,87.5,93.0,14,Medium,75.8,80.2,2025-10-19 03:00:00
STU00260,Data Structures,86.5,83.5,12,2.2,80.9,98.5,93.0,86.5,14,Medium,71.6,70.9,2025-10-23 03:00:00
STU00260,Algorithms,74.8,72.3,13,3.1,73.1,96.0,86.5,74.8,24,Hard,74.3,75.6,2025-10-27 01:00:00
STU00260,Database,77.5,78.6,14,2.2,83.1,95.1,74.8,77.5,12,Medium,73.8,85.5,2025-10-31 04:00:00
STU00260,Web Development,90.2,88.8,15,1.9,78.7,92.5,77.5,90.2,24,Medium,71.9,77.3,2025-11-04 02:00:00
STU00260,Python,91.6,93.0,16,2.2,84.2,99.2,90.2,91.6,17,Easy,75.9,72.3,2025-11-08 07:00:00
STU00260,Data Structures,79.5,79.3,17,3.7,81.4,99.5,91.6,79.5,11,Medium,73.7,80.5,2025-11-12 08:00:00
STU00260,Algorithms,90.8,87.2,18,2.9,84.0,93.5,79.5,90.8,8,Easy,73.8,80.7,2025-11-16 05:00:00
STU00260,Database,87.9,82.0,19,3.2,82.8,100.0,90.8,87.9,14,Medium,64.7,80.3,2025-11-20 01:00:00
STU00260,Web Development,97.5,97.2,20,2.2,87.5,95.0,87.9,97.5,15,Easy,65.4,75.6,2025-11-24 06:00:00
